t,F,S
0.0,2987.937,1
0.001,2993.7869878903825,0
0.002,3004.679492623956,0
0.003,3020.3164748803756,0
0.004,3040.378084734093,0
0.005,3064.526003250188,0
0.006,3092.406738258012,0
0.007,3123.6550085171257,0
0.008,3157.8968091985344,0
0.009000000000000001,3194.7528146480927,0
0.01,3233.840894361116,0
0.011,3274.7802615838127,0
0.012,3317.193285088753,0
0.013000000000000001,3360.708147051545,0
0.014,3404.9613793138597,0
0.015,3449.6004943181174,0
0.016,3494.286034640999,0
0.017,3538.693318676665,0
0.018000000000000002,3582.5143683774536,0
0.019,3625.4593318574452,0
0.02,3667.2579313961155,0
0.021,3707.6605255124814,0
0.022,3746.439030755415,0
0.023,3783.387641653237,0
0.024,3818.3234115453524,0
0.025,3851.0865831886294,0
0.026000000000000002,3881.5404847026757,0
0.027,3909.572105563077,0
0.028,3935.0913069313992,0
0.029,3958.0306642335963,0
0.03,3978.3441505424835,0
0.031,3996.0094987420457,0
0.032,4011.0230485638876,0
0.033,4023.4016821118403,0
0.034,4033.181080194903,0
0.035,4040.414653687656,0
0.036000000000000004,4045.172313256456,0
0.037,4047.539199310669,0
0.038,4047.6144640337643,0
0.039,4045.509776306671,0
0.04,4041.348029942244,0
0.041,4035.2618866055927,0
0.042,4027.3923604553065,0
0.043000000000000003,4017.88730654128,0
0.044,4006.9001440600723,0
0.045,3994.5884681597836,0
0.046,3981.112745222108,0
0.047,3966.63532187869,0
0.048,3951.3170728999085,0
0.049,3935.3186298841747,0
0.05,3918.7993884338407,0
0.051000000000000004,3901.9147584872694,0
0.052000000000000005,3884.8160000087196,0
0.053,3867.6490889012593,0
0.054,3850.553933081092,0
0.055,3833.6636920530764,0
0.056,3817.104013236601,0
0.057,3800.992342307245,0
0.058,3785.4375327511348,0
0.059000000000000004,3770.53939506658,0
0.06,3756.3883559400488,0
0.061,3743.065197097659,0
0.062,3730.640906688465,0
0.063,3719.176593384883,0
0.064,3708.7234591609345,0
0.065,3699.3227806644663,0
0.066,3691.0062122496606,0
0.067,3683.7958600330085,0
0.068,3677.7045070614963,0
0.069,3672.7360678142495,0
0.07,3668.885954060315,0
0.07100000000000001,3666.1411831123287,0
0.07200000000000001,3664.4813905925175,0
0.073,3663.8787785946956,0
0.074,3664.2988782053553,0
0.075,3665.7016033199075,0
0.076,3668.041003946281,0
0.077,3671.2649993597956,0
0.078,3675.318952089405,0
0.079,3680.1441723109137,0
0.08,3685.677018268859,0
0.081,3691.8533140610566,0
0.082,3698.6062847373346,0
0.083,3705.8678354506587,0
0.084,3713.5693415794144,0
0.085,3721.6410290808044,0
0.08600000000000001,3730.0142936130737,0
0.08700000000000001,3738.6208763070645,0
0.088,3747.3938264413764,0
0.089,3756.268006937456,0
0.09,3765.1800039759805,0
0.091,3774.069153770154,0
0.092,3782.8776284371515,0
0.093,3791.550433218428,0
0.094,3800.0363285701565,0
0.095,3808.2874033670464,0
0.096,3816.259653146929,0
0.097,3823.91279032415,0
0.098,3831.2108016136326,0
0.099,3838.121831746291,0
0.1,3844.6181427445963,0
0.101,3850.6762788288465,0
0.10200000000000001,3856.27695965625,0
0.10300000000000001,3861.4050658382985,0
0.10400000000000001,3866.0495235829267,0
0.105,3870.2033281768686,0
0.106,3873.8632272801574,0
0.107,3877.0298393660782,0
0.108,3879.707042478915,0
0.109,3881.902244108498,0
0.11,3883.6261657812674,0
0.111,3884.892238019427,0
0.112,3885.716438425225,0
0.113,3886.117024427099,0
0.114,3886.1147484784324,0
0.115,3885.7325783646857,0
0.116,3884.994879232033,0
0.117,3883.927463279587,0
0.11800000000000001,3882.5573291457094,0
0.11900000000000001,3880.9123746737246,0
0.12,3879.0213037981835,0
0.121,3876.912986058161,0
0.122,3874.6166419436445,0
0.123,3872.1614590570116,0
0.124,3869.576315041477,0
0.125,3866.889780194896,0
0.126,3864.1295677756707,0
0.127,3861.322732807367,0
0.128,3858.4952506738423,0
0.129,3855.672001611884,0
0.13,3852.876552493892,0
0.131,3850.1311750885557,0
0.132,3847.456501397878,0
0.133,3844.8716909697896,0
0.134,3842.394204259356,0
0.135,3840.0397976570684,0
0.136,3837.8225180486234,0
0.137,3835.7545840620933,0
0.138,3833.846397893787,0
0.139,3832.1066522904484,0
0.14,3830.542238334083,0
0.14100000000000001,3829.15826124135,0
0.14200000000000002,3827.958184201265,0
0.14300000000000002,3826.9437734449134,0
0.14400000000000002,3826.1152304453844,0
0.145,3825.4712264552572,0
0.146,3825.00897267182,0
0.147,3824.7243292957032,0
0.148,3824.611904631241,0
0.149,3824.6650881308415,0
0.15,3824.8762605065403,0
0.151,3825.236779306392,0
0.152,3825.7372594985272,0
0.153,3826.3672916923288,0
0.154,3827.1160839900976,0
0.155,3827.97223411395,0
0.156,3828.9239337272807,0
0.157,3829.959037162305,0
0.158,3831.0652471729445,0
0.159,3832.2299725747844,0
0.16,3833.44079972396,0
0.161,3834.6853042316175,0
0.162,3835.9512696794313,0
0.163,3837.226704403156,0
0.164,3838.499970036796,0
0.165,3839.7598154114835,0
0.166,3840.995447512411,0
0.167,3842.196641015355,0
0.168,3843.3536804025725,0
0.169,3844.4575344772175,0
0.17,3845.4998342841805,0
0.171,3846.472894736164,0
0.17200000000000001,3847.3697337979015,0
0.17300000000000001,3848.184140023372,0
0.17400000000000002,3848.9106634884556,0
0.17500000000000002,3849.544592824862,0
0.176,3850.0820115255674,0
0.177,3850.5197324685705,0
0.178,3850.855376002856,0
0.179,3851.0872348546363,0
0.18,3851.2143457038146,0
0.181,3851.2364273561143,0
0.182,3851.1538515113607,0
0.183,3850.9676762742743,0
0.184,3850.6794758132364,0
0.185,3850.291423398993,0
0.186,3849.8062033187666,0
0.187,3849.2270190381796,0
0.188,3848.5574229120743,0
0.189,3847.8014370742035,0
0.19,3846.9633325260374,0
0.191,3846.047732812408,0
0.192,3845.0594908698145,0
0.193,3844.003682394385,0
0.194,3842.8855048717774,0
0.195,3841.7102966147863,0
0.196,3840.4834070834922,0
0.197,3839.210305180653,0
0.198,3837.896366092721,0
0.199,3836.5469250340448,0
0.2,3835.1672635530595,0
0.201,3833.762450792887,0
0.202,3832.3374033912937,0
0.203,3830.8970243707854,0
0.20400000000000001,3829.4458607583483,0
0.20500000000000002,3827.9881931920763,0
0.20600000000000002,3826.5281484266143,0
0.20700000000000002,3825.0695530313615,0
0.20800000000000002,3823.615856269695,0
0.209,3822.1702932752064,0
0.21,3820.735791149029,0
0.211,3819.314943361772,0
0.212,3817.910021964091,0
0.213,3816.522955908624,0
0.214,3815.155397530369,0
0.215,3813.8086749322238,0
0.216,3812.483740721105,0
0.217,3811.1813282755725,0
0.218,3809.9018733722355,0
0.219,3808.6454672922287,0
0.22,3807.4119476779333,0
0.221,3806.200915883915,0
0.222,3805.0117929702133,0
0.223,3803.843647153038,0
0.224,3802.6954177185157,0
0.225,3801.5658601795712,0
0.226,3800.453600599045,0
0.227,3799.357007591265,0
0.228,3798.2743736982998,0
0.229,3797.2039693367074,0
0.23,3796.1438156511645,0
0.231,3795.0920615228597,0
0.232,3794.0465499528427,0
0.233,3793.0053017525493,0
0.234,3791.966333303773,0
0.23500000000000001,3790.92748169246,0
0.23600000000000002,3789.8867776098255,0
0.23700000000000002,3788.8422454231845,0
0.23800000000000002,3787.7919006572947,0
0.23900000000000002,3786.7338698807584,0
0.24,3785.666340178372,0
0.241,3784.587635471525,0
0.242,3783.496138340743,0
0.243,3782.3903088182856,0
0.244,3781.268928405715,0
0.245,3780.1304756218365,0
0.246,3778.973943396903,0
0.247,3777.798331282814,0
0.248,3776.6027970937575,0
0.249,3775.387012281369,0
0.25,3774.149500513871,0
0.251,3772.890602022138,0
0.252,3771.6093738475925,0
0.253,3770.3059545821798,0
0.254,3768.9803947559926,0
0.255,3767.632614375786,0
0.256,3766.2629153927273,0
0.257,3764.871648268257,0
0.258,3763.45925650622,0
0.259,3762.026194597856,0
0.26,3760.5731761272195,0
0.261,3759.1009542647344,0
0.262,3757.6103477961537,0
0.263,3756.102279444812,0
0.264,3754.577677869251,0
0.265,3753.037601037862,0
0.266,3751.4830967472753,0
0.267,3749.9153225378254,0
0.268,3748.335384814679,0
0.269,3746.744478777384,0
0.27,3745.143684218699,0
0.271,3743.5344140060542,0
0.272,3741.917811984286,0
0.273,3740.295048201109,0
0.274,3738.6673385919216,0
0.275,3737.0358430732163,0
0.276,3735.401722402512,0
0.277,3733.766075122439,0
0.278,3732.1299319922095,0
0.279,3730.4944770007387,0
0.28,3728.860481751101,0
0.281,3727.229215323864,0
0.28200000000000003,3725.601441496669,0
0.28300000000000003,3723.9779772158613,0
0.28400000000000003,3722.3596050775527,0
0.28500000000000003,3720.747048649636,0
0.28600000000000003,3719.1409361987985,0
0.28700000000000003,3717.5419472483977,0
0.28800000000000003,3715.9507031924763,0
0.289,3714.3676432379316,0
0.29,3712.7932100405305,0
0.291,3711.2277894914637,0
0.292,3709.6717170187803,0
0.293,3708.125260742609,0
0.294,3706.588592237122,0
0.295,3705.0620243167173,0
0.296,3703.5455473591915,0
0.297,3702.0393906838535,0
0.298,3700.543508312991,0
0.299,3699.057913755228,0
0.3,3697.582599773706,0
0.301,3696.1175299198385,0
0.302,3694.662613209581,0
0.303,3693.2177598979497,0
0.304,3691.7828433044747,0
0.305,3690.3577117670566,0
0.306,3688.942240087759,0
0.307,3687.5362595232364,0
0.308,3686.1395409297425,0
0.309,3684.7520432449146,0
0.31,3683.3735406616756,0
0.311,3682.003892369629,0
0.312,3680.64283457044,0
0.313,3679.290354214842,0
0.314,3677.9462763416814,0
0.315,3676.6104787918916,0
0.316,3675.2827999733477,0
0.317,3673.963204810467,0
0.318,3672.651618393996,0
0.319,3671.347982925799,0
0.32,3670.052270828313,0
0.321,3668.7644673426134,0
0.322,3667.48459301211,0
0.323,3666.2126790827583,0
0.324,3664.9487936843243,0
0.325,3663.6929728682753,0
0.326,3662.4453996101456,0
0.327,3661.206130430064,0
0.328,3659.975351154165,0
0.329,3658.7532386621624,0
0.33,3657.5400069115703,0
0.331,3656.3358464107214,0
0.332,3655.140965907248,0
0.333,3653.955654205121,0
0.334,3652.7801674712246,0
0.335,3651.6148099779857,0
0.336,3650.4598673742203,0
0.337,3649.315649502981,0
0.338,3648.1824793934225,0
0.339,3647.0606947975575,0
0.34,3645.9506318048398,0
0.341,3644.8526416030445,0
0.342,3643.7670142623506,0
0.343,3642.6941730901262,0
0.34400000000000003,3641.6344478683227,0
0.34500000000000003,3640.588197300503,0
0.34600000000000003,3639.5557895885727,0
0.34700000000000003,3638.5375707070134,0
0.34800000000000003,3637.533887836274,0
0.34900000000000003,3636.545085418976,0
0.35000000000000003,3635.5714879015263,0
0.35100000000000003,3634.613435282939,0
0.352,3633.6712471754327,0
0.353,3632.745239394957,0
0.354,3631.835730207017,0
0.355,3630.9429505626053,0
0.356,3630.0672593431045,0
0.357,3629.208887145638,0
0.358,3628.368084471116,0
0.359,3627.5450892684203,0
0.36,3626.740141754035,0
0.361,3625.9534651778213,0
0.362,3625.185272994796,0
0.363,3624.435743614739,0
0.364,3623.7050641838196,0
0.365,3622.9933793361874,0
0.366,3622.300858633644,0
0.367,3621.6276425932256,0
0.368,3620.97385166217,0
0.369,3620.339589004383,0
0.37,3619.7249754818886,0
0.371,3619.130143031258,0
0.372,3618.5551151662903,0
0.373,3617.9999669777803,0
0.374,3617.464766183749,0
0.375,3616.949590427887,0
0.376,3616.4544396383253,0
0.377,3615.979377135027,0
0.378,3615.524445926956,0
0.379,3615.089689494491,0
0.38,3614.675121187417,0
0.381,3614.2807163961374,0
0.382,3613.906531693932,0
0.383,3613.5525452855827,0
0.384,3613.218783071457,0
0.385,3612.905244850896,0
0.386,3612.611920287266,0
0.387,3612.338790330012,0
0.388,3612.085886511343,0
0.389,3611.8531782008154,0
0.39,3611.640671108907,0
0.391,3611.448364514315,0
0.392,3611.276250864355,0
0.393,3611.1243441076977,0
0.394,3610.992630628613,0
0.395,3610.881110102288,0
0.396,3610.789771448889,0
0.397,3610.718611891023,0
0.398,3610.667633899123,0
0.399,3610.636841360221,0
0.4,3610.626224288929,0
0.401,3610.6358035758626,0
0.402,3610.6655634199697,0
0.403,3610.71554119118,0
0.404,3610.7857085453675,0
0.405,3610.8760897215993,0
0.406,3610.986685365046,0
0.40700000000000003,3611.1174955466277,0
0.40800000000000003,3611.2685380789603,0
0.40900000000000003,3611.4398233595357,0
0.41000000000000003,3611.631351848944,0
0.41100000000000003,3611.8431662945627,0
0.41200000000000003,3612.0752284010846,0
0.41300000000000003,3612.3275620470563,0
0.41400000000000003,3612.6002028057233,0
0.41500000000000004,3612.8931165067047,0
0.41600000000000004,3613.206326370711,0
0.417,3613.5397992286207,0
0.418,3613.8935319832276,0
0.419,3614.2675645337295,0
0.42,3614.661869502323,0
0.421,3615.076440273818,0
0.422,3615.5112380748683,0
0.423,3615.966274829634,0
0.424,3616.4415007684793,0
0.425,3616.9369137188773,0
0.426,3617.452438234631,0
0.427,3617.988091948053,0
0.428,3618.5437976802473,0
0.429,3619.119539945866,0
0.43,3619.715248136747,0
0.431,3620.330897314141,0
0.432,3620.966416283132,0
0.433,3621.621730883982,0
0.434,3622.296808557456,0
0.435,3622.991527165094,0
0.436,3623.70583202569,0
0.437,3624.4396481780523,0
0.438,3625.192899578456,0
0.439,3625.965463459593,0
0.44,3626.7572705396137,0
0.441,3627.5682223973918,0
0.442,3628.3981642815866,0
0.443,3629.24706935139,0
0.444,3630.1147038385457,0
0.445,3631.001059554863,0
0.446,3631.905948903365,0
0.447,3632.829179728669,0
0.448,3633.7707367199114,0
0.449,3634.7304508017023,0
0.45,3635.7081160422476,0
0.451,3636.703642452812,0
0.452,3637.7168583521816,0
0.453,3638.7476592273874,0
0.454,3639.7958411618015,0
0.455,3640.8612677782658,0
0.456,3641.9437706962726,0
0.457,3643.043180637732,0
0.458,3644.1592713738364,0
0.459,3645.2919722669158,0
0.46,3646.441080522566,0
0.461,3647.606400803963,0
0.462,3648.787761814441,0
0.463,3649.984974903112,0
0.464,3651.1978869025697,0
0.465,3652.4262547623393,0
0.466,3653.6699305884854,0
0.467,3654.928742642252,0
0.468,3656.202471497654,0
0.46900000000000003,3657.490946377371,0
0.47000000000000003,3658.7939656252097,0
0.47100000000000003,3660.1113143576927,0
0.47200000000000003,3661.442808717927,0
0.47300000000000003,3662.7882531536843,0
0.47400000000000003,3664.1474334499917,0
0.47500000000000003,3665.5201451473185,0
0.47600000000000003,3666.9062091381966,0
0.47700000000000004,3668.305405111567,0
0.47800000000000004,3669.7175247849154,0
0.47900000000000004,3671.1422904499054,0
0.48,3672.5795722025778,0
0.481,3674.029194793246,0
0.482,3675.4908561033367,0
0.483,3676.9644316453464,0
0.484,3678.4495700496186,0
0.485,3679.9462522204553,0
0.486,3681.4541685933027,0
0.487,3682.97309932894,0
0.488,3684.5028163849197,0
0.489,3686.043103228325,0
0.49,3687.5936926996296,0
0.491,3689.1544349836704,0
0.492,3690.7250348481107,0
0.493,3692.3053198525417,0
0.494,3693.89503370129,0
0.495,3695.49398648299,0
0.496,3697.101912180461,0
0.497,3698.7183738859585,0
0.498,3700.343247513209,0
0.499,3701.9766424075774,0
0.5,3703.618129130957,1
0.501,3707.0978652415806,0
0.502,3712.236282261761,0
0.503,3718.99448257407,0
0.504,3727.320018889416,0
0.505,3737.146988308232,0
0.506,3748.3975904730787,0
0.507,3760.9827566838444,0
0.508,3774.803282980647,0
0.509,3789.7509010517597,0
0.51,3805.7096078229815,0
0.511,3822.556296811471,0
0.512,3840.1621989732776,0
0.513,3858.3941541791146,0
0.514,3877.1153790290246,0
0.515,3896.186877906277,0
0.516,3915.468440354694,0
0.517,3934.8194748809174,0
0.518,3954.1004981676224,0
0.519,3973.173843469026,0
0.52,3991.9044874945725,0
0.521,4010.1612412144177,0
0.522,4027.8172181537293,0
0.523,4044.751022777043,0
0.524,4060.84723710861,0
0.525,4075.9970469445807,0
0.526,4090.0989217910806,0
0.527,4103.05903209704,0
0.528,4114.791783884644,0
0.529,4125.220120639875,0
0.53,4134.27586328371,0
0.531,4141.899924392605,0
0.532,4148.042478942801,0
0.533,4152.663027682886,0
0.534,4155.730526870188,0
0.535,4157.223278437192,0
0.536,4157.128857296644,0
0.537,4155.443956402977,0
0.538,4152.174209801601,0
0.539,4147.333943705229,0
0.54,4140.945868342777,0
0.541,4133.040813438686,0
0.542,4123.657057119776,0
0.543,4112.840341615231,0
0.544,4100.643192484624,0
0.545,4087.1243574038417,0
0.546,4072.348544246375,0
0.547,4056.3858030038114,0
0.548,4039.3109398268543,0
0.549,4021.2031063864442,0
0.55,4002.1450949377804,0
0.551,3982.2229691670955,0
0.552,3961.5253947152896,0
0.553,3940.1431992373773,0
0.554,3918.1687231921815,0
0.555,3895.695378028301,0
0.556,3872.8171852217342,0
0.557,3849.628173408098,0
0.558,3826.2220168788285,0
0.559,3802.6914185912947,0
0.56,3779.1278564356394,0
0.561,3755.6211215412627,0
0.562,3732.258903534842,0
0.5630000000000001,3709.126500517728,0
0.5640000000000001,3686.3063253498776,0
0.5650000000000001,3663.8779031284303,0
0.5660000000000001,3641.91760717344,0
0.5670000000000001,3620.4975158534266,0
0.5680000000000001,3599.687173016917,0
0.5690000000000001,3579.550471616973,0
0.5700000000000001,3560.1488295407266,0
0.5710000000000001,3541.538445843888,0
0.5720000000000001,3523.771586115873,0
0.5730000000000001,3506.8961570033266,0
0.5740000000000001,3490.9557288842393,0
0.5750000000000001,3475.988845313412,0
0.5760000000000001,3462.030209080438,0
0.577,3449.1097728078216,0
0.578,3437.253276995208,0
0.579,3426.48222849887,0
0.58,3416.8136048710103,0
0.581,3408.2606509261545,0
0.582,3400.832056284849,0
0.583,3394.533093378408,0
0.584,3389.3651847555634,0
0.585,3385.326080196156,0
0.586,3382.4101429794277,0
0.587,3380.608435230787,0
0.588,3379.908967397388,0
0.589,3380.2967457401287,0
0.59,3381.7540888091153,0
0.591,3384.260694863377,0
0.592,3387.79394481394,0
0.593,3392.3289343403662,0
0.594,3397.838690218009,0
0.595,3404.2944520879923,0
0.596,3411.6656692836436,0
0.597,3419.9203409037655,0
0.598,3429.0250480616132,0
0.599,3438.9451457016357,0
0.6,3449.644895760999,0
0.601,3461.0876366118773,0
0.602,3473.236011662343,0
0.603,3486.0518429848694,0
0.604,3499.496417535932,0
0.605,3513.530614049871,0
0.606,3528.1149398173134,0
0.607,3543.209667443959,0
0.608,3558.774889371749,0
0.609,3574.7706217894042,0
0.61,3591.1568670820056,0
0.611,3607.893715171583,0
0.612,3624.9413311511216,0
0.613,3642.260129972541,0
0.614,3659.810712202559,0
0.615,3677.5537957191295,0
0.616,3695.4507779524515,0
0.617,3713.4631063161714,0
0.618,3731.5526628842817,0
0.619,3749.6817970479306,0
0.62,3767.8132349160337,0
0.621,3785.9101715587167,0
0.622,3803.9362598622415,0
0.623,3821.8557174446023,0
0.624,3839.633277691646,0
0.625,3857.23417127429,0
0.626,3874.624195800851,0
0.627,3891.7697606460574,0
0.628,3908.6378810278047,0
0.629,3925.196171438683,0
0.63,3939.5430509562334,1
0.631,3954.503717000259,0
0.632,3969.846006819208,0
0.633,3985.531786620417,0
0.634,4001.514616582685,0
0.635,4017.7392877786397,0
0.636,4034.143133383825,0
0.637,4050.6557308326255,0
0.638,4067.201326388611,0
0.639,4083.6970991352455,0
0.64,4100.055655651207,0
0.641,4116.185015247636,0
0.642,4131.9897965981945,0
0.643,4147.371915153117,0
0.644,4162.231267928145,0
0.645,4176.466781455448,0
0.646,4189.977150633295,0
0.647,4202.661708443307,0
0.648,4214.421294598778,0
0.649,4225.158977448286,0
0.65,4234.780943378965,0
0.651,4243.197551441482,0
0.652,4250.322538025627,0
0.653,4256.076127685656,0
0.654,4260.384029313102,0
0.655,4263.178419432007,0
0.656,4264.39858530775,0
0.657,4263.991320144921,0
0.658,4261.91141481542,0
0.659,4258.122055749079,0
0.66,4252.595118332925,0
0.661,4245.311486809273,0
0.662,4236.261259948114,0
0.663,4225.4436457398715,0
0.664,4212.867494029861,0
0.665,4198.551007002688,0
0.666,4182.521749106756,0
0.667,4164.816605379331,0
0.668,4145.481580423165,0
0.669,4124.571615900655,0
0.67,4102.150308409453,0
0.671,4078.2896010666864,0
0.672,4053.069422846969,0
0.673,4026.5772966682043,0
0.674,3998.9078737112477,0
0.675,3970.162430642283,0
0.676,3940.448386401453,0
0.677,3909.8787261073317,0
0.678,3878.5713846334625,0
0.679,3846.648746084965,0
0.68,3814.236892336137,0
0.681,3781.4650876585815,0
0.682,3748.464948880038,0
0.683,3715.3701304446627,0
0.684,3682.315180856068,0
0.685,3649.435330644282,0
0.686,3616.8655249235776,0
0.687,3584.739813820462,0
0.6880000000000001,3553.1909540899824,0
0.6890000000000001,3522.350616548448,0
0.6900000000000001,3492.344268008141,0
0.6910000000000001,3463.29765821779,0
0.6920000000000001,3435.331225582443,0
0.6930000000000001,3408.561251172435,0
0.6940000000000001,3383.0989852100097,0
0.6950000000000001,3359.0501013795433,0
0.6960000000000001,3336.5144476974824,0
0.6970000000000001,3315.585432967575,0
0.6980000000000001,3296.3500069614074,0
0.6990000000000001,3278.88777216946,0
0.7000000000000001,3263.2709464539043,0
0.7010000000000001,3249.564096514775,0
0.7020000000000001,3237.82394068968,0
0.7030000000000001,3228.0989492884237,0
0.704,3220.4292911503544,0
0.705,3214.8467391912636,0
0.706,3211.374513843758,0
0.707,3210.0272703650085,0
0.708,3210.8111274559396,0
0.709,3213.7235772357117,0
0.71,3218.753663773146,0
0.711,3225.8820712049874,0
0.712,3235.0811920677293,0
0.713,3246.3153796363736,0
0.714,3259.5410462531527,0
0.715,3274.7069460288517,0
0.716,3291.754511739836,0
0.717,3310.618030102435,0
0.718,3331.2249945477383,0
0.719,3353.4964434318535,0
0.72,3377.3472947627333,0
0.721,3402.686764919863,0
0.722,3429.418712362998,0
0.723,3457.4421478202976,0
0.724,3486.6515472832034,0
0.725,3516.937295138081,0
0.726,3548.186277331171,0
0.727,3580.2821455962835,0
0.728,3613.105975696206,0
0.729,3646.5365815130035,0
0.73,3680.450966882917,0
0.731,3714.7249393534066,0
0.732,3749.2334680332892,0
0.733,3783.8513046393628,0
0.734,3818.4532433381196,0
0.735,3852.914673754881,0
0.736,3887.112024969806,0
0.737,3920.923213020824,0
0.738,3954.2280791060944,0
0.739,3984.760307606252,1
0.74,4015.4105103741213,0
0.741,4045.9847871528564,0
0.742,4076.3687100557136,0
0.743,4106.440694122616,0
0.744,4136.075773353127,0
0.745,4165.140259189516,0
0.746,4193.4965203945185,0
0.747,4221.003977298842,0
0.748,4247.519337430959,0
0.749,4272.897969415419,0
0.75,4296.994918157278,0
0.751,4319.665891236233,0
0.752,4340.768997874812,0
0.753,4360.164905736972,0
0.754,4377.718555744528,0
0.755,4393.300250989538,0
0.756,4406.786606269401,0
0.757,4418.061618415515,0
0.758,4427.017672849001,0
0.759,4433.556491655115,0
0.76,4437.590040526469,0
0.761,4439.041321829387,0
0.762,4437.845175979259,0
0.763,4433.948966656839,0
0.764,4427.313140090942,0
0.765,4417.911853505481,0
0.766,4405.733287680375,0
0.767,4390.780126153018,0
0.768,4373.069395355047,0
0.769,4352.63330181181,0
0.77,4329.518791877891,0
0.771,4303.787684586317,0
0.772,4275.5165401637805,0
0.773,4244.796241746458,0
0.774,4211.731999019073,0
0.775,4176.442733249981,0
0.776,4139.060610745205,0
0.777,4099.730471992087,0
0.778,4058.609146946421,0
0.779,4015.8647272053936,0
0.78,3971.6757857451025,0
0.781,3926.2303376011446,0
0.782,3879.725136532907,0
0.783,3832.3645034163483,0
0.784,3784.359336683159,0
0.785,3735.92599669553,0
0.786,3687.2853206067493,0
0.787,3638.6611422032584,0
0.788,3590.2795690753533,0
0.789,3542.3673452482876,0
0.79,3495.150983674421,0
0.791,3448.8551423334343,0
0.792,3403.7026721450966,0
0.793,3359.910919391894,0
0.794,3317.6924444534925,0
0.795,3277.254561928662,0
0.796,3238.7966871059134,0
0.797,3202.509798633767,0
0.798,3168.5752961640537,0
0.799,3137.1643540664613,0
0.8,3108.4366568555033,0
0.801,3082.5397577214635,0
0.802,3059.608083835418,0
0.803,3039.762561773433,0
0.804,3023.109569338876,0
0.805,3009.7404232691533,0
0.806,2999.7312847337894,0
0.807,2993.1422801409544,0
0.808,2990.017275883586,0
0.809,2990.3837636772546,0
0.81,2994.2524396965778,0
0.811,3001.6174424815918,0
0.812,3012.456118034721,0
0.8130000000000001,3026.7291564835414,0
0.8140000000000001,3044.3808519968234,0
0.8150000000000001,3065.3392676402227,0
0.8160000000000001,3089.5165970542103,0
0.8170000000000001,3116.809575203737,0
0.8180000000000001,3147.099960601129,0
0.8190000000000001,3180.255106283949,0
0.8200000000000001,3216.128642594601,0
0.8210000000000001,3254.5610893719786,0
0.8220000000000001,3295.3806898863427,0
0.8230000000000001,3338.404210910849,0
0.8240000000000001,3383.4377980589056,0
0.8250000000000001,3430.278017093491,0
0.8260000000000001,3478.712636218756,0
0.8270000000000001,3528.5217757058626,0
0.8280000000000001,3579.478946909798,0
0.8290000000000001,3631.352131983307,0
0.8300000000000001,3683.90480709698,0
0.8310000000000001,3736.897154940824,0
0.8320000000000001,3790.087155283459,0
0.833,3843.231773992514,0
0.834,3896.0879819289294,0
0.835,3946.031346254677,1
0.836,3995.9542764700295,0
0.837,4045.64680003617,0
0.838,4094.8751512298777,0
0.839,4143.398738378343,0
0.84,4190.971502664404,0
0.841,4237.3438702246585,0
0.842,4282.2643901232605,0
0.843,4325.481460942533,0
0.844,4366.745024641954,0
0.845,4405.808122526924,0
0.846,4442.429691605336,0
0.847,4476.375148682826,0
0.848,4507.418736111649,0
0.849,4535.345439781715,0
0.85,4559.95252609439,0
0.851,4581.051087355541,0
0.852,4598.467924544858,0
0.853,4612.04677249051,0
0.854,4621.6499518270375,0
0.855,4627.159420075953,0
0.856,4628.478067399288,0
0.857,4625.530882313262,0
0.858,4618.265582647492,0
0.859,4606.653603197015,0
0.86,4590.690587599516,0
0.861,4570.396890039001,0
0.862,4545.817848563758,0
0.863,4517.023907018796,0
0.864,4484.110634986146,0
0.865,4447.198313938763,0
0.866,4406.431839875977,0
0.867,4361.980053982959,0
0.868,4314.034867481189,0
0.869,4262.81062258968,0
0.87,4208.543049141955,0
0.871,4151.488006175561,0
0.872,4091.9203584643174,0
0.873,4030.1321758053896,0
0.874,3966.431357602481,0
0.875,3901.1402854000976,0
0.876,3834.5934178125694,0
0.877,3767.1358642470695,0
0.878,3699.1213282050094,0
0.879,3630.910140293799,0
0.88,3562.866906607443,0
0.881,3495.3587152361824,0
0.882,3428.75283550723,0
0.883,3363.4146387811998,0
0.884,3299.7051289641972,0
0.885,3237.980151730998,0
0.886,3178.5856850677583,0
0.887,3121.8569946652706,0
0.888,3068.117453188991,0
0.889,3017.6767797907933,0
0.89,2970.8277139746124,0
0.891,2927.8447385667264,0
0.892,2888.9824350084814,0
0.893,2854.473999185265,0
0.894,2824.5297754877247,0
0.895,2799.3358037493845,0
0.896,2779.052633974281,0
0.897,2763.8142903903044,0
0.898,2753.727472660115,0
0.899,2748.8706248785693,0
0.9,2749.2935288476874,0
0.901,2755.016882250055,0
0.902,2766.031981985134,0
0.903,2782.3006290969597,0
0.904,2803.755332723995,0
0.905,2830.299542164975,0
0.906,2861.808064490696,0
0.907,2898.1276851419116,0
0.908,2939.0779590355232,0
0.909,2984.451943740326,0
0.91,3034.018039674882,0
0.911,3087.5201041355294,0
0.912,3144.6795210318724,0
0.913,3205.196606075431,0
0.914,3268.75219259968,0
0.915,3335.009376326668,0
0.916,3403.615350771451,0
0.917,3474.20334353321,0
0.918,3546.3946720151653,0
0.919,3619.8008732818366,0
0.92,3694.025646031768,0
0.921,3768.667344963303,0
0.922,3840.061486929811,1
0.923,3911.897522345295,0
0.924,3983.73093487603,0
0.925,4055.166209440041,0
0.926,4125.799357629386,0
0.927,4195.220899256495,0
0.928,4263.017938421519,0
0.929,4328.7761426338175,0
0.93,4392.088964462116,0
0.931,4452.55053093444,0
0.932,4509.76554557232,0
0.933,4563.350625787108,0
0.934,4612.937114043744,0
0.935,4658.174065358647,0
0.936,4698.7310561942995,0
0.937,4734.300815868961,0
0.9380000000000001,4764.601993586269,0
0.9390000000000001,4789.381378894188,0
0.9400000000000001,4808.416403158419,0
0.9410000000000001,4821.516886545486,0
0.9420000000000001,4828.527314847395,0
0.9430000000000001,4829.328049348344,0
0.9440000000000001,4823.837039023232,0
0.9450000000000001,4812.010777876479,0
0.9460000000000001,4793.845254122034,0
0.9470000000000001,4769.377072599657,0
0.9480000000000001,4738.681894873714,0
0.9490000000000001,4701.877192074381,0
0.9500000000000001,4659.1201734604665,0
0.9510000000000001,4610.607772851558,0
0.9520000000000001,4556.575784997669,0
0.9530000000000001,4497.297714416389,0
0.9540000000000001,4433.083578567046,0
0.9550000000000001,4364.278013851557,0
0.9560000000000001,4291.258491413154,0
0.9570000000000001,4214.433201841088,0
0.9580000000000001,4134.238546278086,0
0.9590000000000001,4051.136668346443,0
0.96,3965.612555034303,0
0.961,3878.171092737228,0
0.962,3789.3338587853063,0
0.963,3699.635901504771,0
0.964,3609.6222910254673,0
0.965,3519.844615686078,0
0.966,3430.857386914113,0
0.967,3343.2146412799675,0
0.968,3257.465764843927,0
0.969,3174.152546806477,0
0.97,3093.805238271925,0
0.971,3016.939305588244,0
0.972,2944.049315439861,0
0.973,2875.610725527389,0
0.974,2812.072840297481,0
0.975,2753.85662458263,0
0.976,2701.3517589876164,0
0.977,2654.9140402664925,0
0.978,2614.862841028474,0
0.979,2581.478794381497,0
0.98,2555.001698018493,0
0.981,2535.6289077533656,0
0.982,2523.513524792629,0
0.983,2518.7634995744247,0
0.984,2521.4405448910206,0
0.985,2531.5593903015824,0
0.986,2549.0878039216423,0
0.987,2573.94627582025,0
0.988,2606.0082248089807,0
0.989,2645.1011241587566,0
0.99,2691.0070425079202,0
0.991,2743.463809822744,0
0.992,2802.1666053677072,0
0.993,2866.7699748284967,0
0.994,2936.8897140416866,0
0.995,3012.1050125134625,0
0.996,3091.961365519955,0
0.997,3175.9730680252915,0
0.998,3263.62659022764,0
0.999,3354.3834147743764,0
1.0,3447.6836814723792,0
1.0010000000000001,3542.9497029008617,0
1.002,3636.7360549865266,1
1.0030000000000001,3731.8742920902655,0
1.004,3827.961933293335,0
1.0050000000000001,3924.3913416067603,0
1.006,4020.540535642312,0
1.0070000000000001,4115.777667161977,0
1.008,4209.465738813528,0
1.0090000000000001,4300.96765044901,0
1.01,4389.64971206526,0
1.0110000000000001,4474.888927783761,0
1.012,4556.075756099059,0
1.0130000000000001,4632.618983640188,0
1.014,4703.952264927099,0
1.0150000000000001,4769.536723706376,0
1.016,4828.86663023885,0
1.0170000000000001,4881.473367279103,0
1.018,4926.92953426224,0
1.0190000000000001,4964.852426084761,0
1.02,4994.907934392699,0
1.0210000000000001,5016.813367733225,0
1.022,5030.340218707387,0
1.0230000000000001,5035.316892832387,0
1.024,5031.629858736493,0
1.025,5019.226263481072,0
1.026,4998.11413801362,0
1.027,4968.363441981301,0
1.028,4930.106069709696,0
1.029,4883.5356014904455,0
1.03,4828.90641784564,0
1.031,4766.532504395651,0
1.032,4696.785723639598,0
1.033,4620.093525769901,0
1.034,4536.936437413766,0
1.035,4447.844898674008,0
1.036,4353.395951939506,0
1.037,4254.209139533321,0
1.038,4150.942507182368,0
1.039,4044.288242707162,0
1.04,3934.9674696890434,0
1.041,3823.725680895809,0
1.042,3711.326802270808,0
1.043,3598.5484506860284,0
1.044,3486.1758929277867,0
1.045,3374.9964927536903,0
1.046,3265.794070013225,0
1.047,3159.3429587076294,0
1.048,3056.4026177279916,0
1.049,2957.712574859917,0
1.05,2863.984114018247,0
1.051,2775.897318806798,0
1.052,2694.097271547139,0
1.053,2619.186538998347,0
1.054,2551.7215923824833,0
1.055,2492.2083827273827,0
1.056,2441.0984347489,0
1.057,2398.7852119886475,0
1.058,2365.6012476031374,0
1.059,2341.8151093563984,0
1.06,2327.629362808891,0
1.061,2323.178785065873,0
1.062,2328.529008991025,0
1.063,2343.6757274924726,0
1.064,2368.544555484118,0
1.065,2402.991284499509,0
1.066,2446.802438821284,0
1.067,2499.6968294679536,0
1.068,2561.3272309685335,0
1.069,2631.2824303374523,0
1.07,2709.090473817496,0
1.071,2794.2214659661445,0
1.072,2886.0913219191375,0
1.073,2984.065911203522,0
1.074,3087.4651812369952,0
1.075,3195.5685536927353,0
1.076,3307.4438149862017,1
1.077,3423.1478459115556,0
1.078,3541.8963219145144,0
1.079,3662.8269792447795,0
1.08,3785.049920754889,0
1.081,3907.654622074183,0
1.082,4029.7171709358126,0
1.083,4150.307765651381,0
1.084,4268.498136834006,0
1.085,4383.369356663225,0
1.086,4494.0193833687545,0
1.087,4599.569364198468,0
1.088,4699.1755109834185,0
1.089,4792.030557115857,0
1.09,4877.3735356156285,0
1.091,4954.496364039459,0
1.092,5022.749948396786,0
1.093,5081.549995775678,0
1.094,5130.3823216579785,0
1.095,5168.807348512593,0
1.096,5196.464590920907,0
1.097,5213.076095339831,0
1.098,5218.449425301993,0
1.099,5212.479659408761,0
1.1,5195.15112607566,0
1.101,5166.5380147868755,0
1.102,5126.8044282713745,0
1.103,5076.2037094303905,0
1.104,5015.076812084439,0
1.105,4943.850254254989,0
1.106,4863.033175255074,0
1.107,4773.21365440627,0
1.108,4675.054356456612,0
1.109,4569.287754429463,0
1.11,4456.710479326576,0
1.111,4338.1772618921395,0
1.112,4214.5942663610485,0
1.113,4086.912057135524,0
1.114,3956.118181781734,0
1.115,3823.2292299828723,0
1.116,3689.2829652296728,0
1.117,3555.329817726054,0
1.118,3422.4246733805476,0
1.119,3291.6178303411616,0
1.12,3163.947402360919,0
1.121,3040.4301160577147,0
1.122,2922.0532080355533,0
1.123,2809.7672186491836,0
1.124,2704.4764764791316,0
1.125,2607.0308914138914,0
1.1260000000000001,2518.223164274623,0
1.127,2438.778235821013,0
1.1280000000000001,2369.348872178626,0
1.129,2310.5095817026313,0
1.1300000000000001,2262.751779579705,0
1.131,2226.479639934987,0
1.1320000000000001,2202.006546160385,0
1.133,2189.5522489100304,0
1.1340000000000001,2189.2409368552726,0
1.135,2201.0998489937265,0
1.1360000000000001,2225.0587058084743,0
1.137,2260.95033718794,0
1.1380000000000001,2308.5113193598804,0
1.139,2367.3841572898855,0
1.1400000000000001,2437.119900215721,0
1.141,2517.181516254999,0
1.1420000000000001,2606.9481409911305,0
1.143,2705.719366360822,0
1.1440000000000001,2812.7218166733014,0
1.145,2927.113768026713,0
1.1460000000000001,3045.8494819636735,1
1.147,3170.4192971799166,0
1.1480000000000001,3300.2881985278373,0
1.149,3434.414641096611,0
1.1500000000000001,3571.7097447354854,0
1.151,3711.0465691333275,0
1.1520000000000001,3851.2697791469564,0
1.153,3991.2059327214447,0
1.154,4129.673665632692,0
1.155,4265.49441140362,0
1.156,4397.502993087083,0
1.157,4524.558061434221,0
1.158,4645.551169506498,0
1.159,4759.422646010997,0
1.16,4865.162814483216,0
1.161,4961.827582727195,0
1.162,5048.545274263812,0
1.163,5124.525373813466,0
1.164,5189.065974708128,0
1.165,5241.560854470291,0
1.166,5281.5053300946165,0
1.167,5308.501343729932,0
1.168,5322.261870553375,0
1.169,5322.614133853699,0
1.17,5309.501676508186,0
1.171,5282.985641608049,0
1.172,5243.244805055892,0
1.173,5190.574637053394,0
1.174,5125.385285773213,0
1.175,5048.198427350845,0
1.176,4959.643279769669,0
1.177,4860.451234442708,0
1.178,4751.450496461908,0
1.179,4633.557795789783,0
1.18,4507.772260698941,0
1.181,4375.165611164202,0
1.182,4236.873294184574,0
1.183,4094.0848847162815,0
1.184,3948.0332068238017,0
1.185,3799.983804674896,0
1.186,3651.223672606401,0
1.187,3503.049914863286,0
1.188,3356.7581431368903,0
1.189,3213.631101611086,0
1.19,3074.9268659487666,0
1.191,2941.867623541916,0
1.192,2815.630087726,0
1.193,2697.330178146828,0
1.194,2588.019908327496,0
1.195,2488.671773507455,0
1.196,2400.173652573424,0
1.197,2323.318457904191,0
1.198,2258.7979854472997,0
1.199,2207.1960487841143,0
1.2,2168.9830110749667,0
1.201,2144.5114703388426,0
1.202,2134.012673041212,0
1.203,2137.5944581319327,0
1.204,2155.239822440645,0
1.205,2186.806876882408,0
1.206,2232.0299109135913,0
1.207,2290.521520444825,0
1.208,2361.775799832788,0
1.209,2445.1728482813714,0
1.21,2539.983821949817,0
1.211,2645.3775221995666,0
1.212,2759.8907259325797,1
1.213,2883.539985917324,0
1.214,3015.447267025542,0
1.215,3154.4248452123356,0
1.216,3299.2092530281375,0
1.217,3448.4736706522453,0
1.218,3600.840447165239,0
1.219,3754.894294904048,0
1.22,3909.195901938808,0
1.221,4062.296004781575,0
1.222,4212.749553038428,0
1.223,4359.129487539056,0
1.224,4500.04154441002,0
1.225,4634.136946549828,0
1.226,4760.128159998069,0
1.227,4876.798119204528,0
1.228,4983.016666946314,0
1.229,5077.748343124229,0
1.23,5160.064897856611,0
1.231,5229.154451082822,0
1.232,5284.3297683927485,0
1.233,5325.035637142134,0
1.234,5350.854625670722,0
1.235,5361.511904758247,0
1.236,5356.878007943465,0
1.237,5336.971063896225,0
1.238,5301.956716903026,0
1.239,5252.147289955442,0
1.24,5187.998868425455,0
1.241,5110.107458434465,0
1.242,5019.203596337937,0
1.243,4916.145230876484,0
1.244,4801.909942490908,0
1.245,4677.585552371396,0
1.246,4544.360038521458,0
1.247,4403.509371658253,0
1.248,4256.38617133887,0
1.249,4104.405922276688,0
1.25,3949.0332998394615,0
1.2510000000000001,3791.7682442773253,0
1.252,3634.1310182223824,0
1.2530000000000001,3477.6474285322633,0
1.254,3323.8339103882176,0
1.2550000000000001,3174.182526958347,0
1.256,3030.1464120851024,0
1.2570000000000001,2893.1265103921874,0
1.258,2764.4539887514584,0
1.2590000000000001,2645.3813261219866,0
1.26,2537.066817759898,0
1.2610000000000001,2440.566996284376,0
1.262,2356.8221508875276,0
1.2630000000000001,2286.648759278881,0
1.264,2230.7308982979102,0
1.2650000000000001,2189.613310841989,0
1.266,2163.696264412448,0
1.2670000000000001,2153.231157616781,0
1.268,2158.318204080623,0
1.2690000000000001,2178.905028401182,0
1.27,2214.787099823679,0
1.2710000000000001,2265.6097918756536,0
1.272,2330.8717210428354,0
1.2730000000000001,2409.92960745313,0
1.274,2502.0042314688026,0
1.2750000000000001,2604.782275333792,1
1.276,2718.8958194521656,0
1.2770000000000001,2843.7009536382593,0
1.278,2977.951692250329,0
1.2790000000000001,3120.296540513252,0
1.28,3269.2927706313794,0
1.281,3423.421319340396,0
1.282,3581.1028324318995,0
1.283,3740.714296366305,0
1.284,3900.606291884191,0
1.285,4059.1206174564995,0
1.286,4214.607866652904,0
1.287,4365.4455144495305,0
1.288,4510.054556497527,0
1.289,4646.917143772964,0
1.29,4774.593955791544,0
1.291,4891.738236807909,0
1.292,4997.112194828879,0
1.293,5089.597991721539,0
1.294,5168.212266302507,0
1.295,5232.11657150076,0
1.296,5280.62636826335,0
1.297,5313.21903944365,0
1.298,5329.539540115662,0
1.299,5329.404823713721,0
1.3,5312.806217231318,0
1.301,5279.9095703868215,0
1.302,5231.054035467728,0
1.303,5166.7487333918625,0
1.304,5087.667567106423,0
1.305,4994.643163232024,0
1.306,4888.6545935350405,0
1.307,4770.822827641634,0
1.308,4642.394494356987,0
1.309,4504.730310097886,0
1.31,4359.2902958822015,0
1.311,4207.618516107339,0
1.312,4051.326228612188,0
1.313,3892.0749348492777,0
1.314,3731.5583981053946,0
1.315,3571.484650350675,0
1.316,3413.5574735071577,0
1.317,3259.4582310028277,0
1.318,3110.827742433247,0
1.319,2969.248485186326,0
1.32,2836.2277050484417,0
1.321,2713.1822123800566,0
1.322,2601.41862419982,0
1.323,2502.125785175299,0
1.324,2416.357800628841,0
1.325,2345.0233304955655,0
1.326,2288.8759429122465,0
1.327,2248.5060973583313,0
1.328,2224.334339668622,0
1.329,2216.607118040857,0
1.33,2225.3939664508944,0
1.331,2250.586524592969,0
1.332,2291.899924308417,0
1.333,2348.8757756111413,0
1.334,2420.8871289914196,0
1.335,2507.1448581572945,0
1.336,2597.8486633823986,1
1.337,2702.4317769815725,0
1.338,2819.032219909257,0
1.339,2946.4005996755695,0
1.34,3083.1561117377396,0
1.341,3227.80208113075,0
1.342,3378.743037787951,0
1.343,3534.302942988333,0
1.344,3692.7445149061687,0
1.345,3852.289390748624,0
1.346,4011.138725262073,0
1.347,4167.494248248699,0
1.348,4319.579229700208,0
1.349,4465.659491112886,0
1.35,4604.063449313182,0
1.351,4733.202227439932,0
1.352,4851.590006778753,0
1.353,4957.858981656628,0
1.354,5050.777120171201,0
1.355,5129.262475198864,0
1.356,5192.396835189782,0
1.357,5239.436731249288,0
1.358,5269.822562617704,0
1.359,5283.185538844477,0
1.36,5279.352371575319,0
1.361,5258.3479702793775,0
1.362,5220.395317299542,0
1.363,5165.913562857221,0
1.364,5095.513317509425,0
1.365,5009.99010054067,0
1.366,4910.315149900083,0
1.367,4797.624977543799,0
1.368,4673.206708014787,0
1.369,4538.485748513634,0
1.37,4395.007692681275,0
1.371,4244.420897984183,0
1.372,4088.4573938886747,0
1.373,3928.91261944095,0
1.374,3767.624794435118,0
1.375,3606.4532401854913,0
1.3760000000000001,3447.2568921410866,0
1.377,3291.8724292282222,0
1.3780000000000001,3142.0929462824347,0
1.379,2999.646859297442,0
1.3800000000000001,2866.180948220688,0
1.381,2743.228950098418,0
1.3820000000000001,2632.2091037795735,0
1.383,2534.400795892861,0
1.3840000000000001,2450.9283890291335,0
1.385,2382.7491428185167,0
1.3860000000000001,2330.6418512967866,0
1.387,2295.1979174770468,0
1.3880000000000001,2276.8141103052503,0
1.389,2275.687838296018,0
1.3900000000000001,2291.8152184240953,0
1.391,2324.9907311146235,0
1.3920000000000001,2374.8093830180987,0
1.393,2440.67231264746,0
1.3940000000000001,2518.8499831548575,1
1.395,2611.4030804210643,0
1.3960000000000001,2717.9310297301527,0
1.397,2837.1639707200993,0
1.3980000000000001,2967.6696053283476,0
1.399,3107.870842005802,0
1.4000000000000001,3256.065361128584,0
1.401,3410.4467074285512,0
1.4020000000000001,3569.1269165461263,0
1.403,3730.160097297783,0
1.4040000000000001,3891.5667066005435,0
1.405,4051.358924449743,0
1.4060000000000001,4207.565087537518,0
1.407,4358.254969057617,0
1.408,4501.563834839422,0
1.409,4635.716775617829,0
1.41,4759.051189718512,0
1.411,4870.036107679298,0
1.412,4967.294974420371,0
1.413,5049.619946449024,0
1.414,5115.989264935268,0
1.415,5165.580024433852,0
1.416,5197.778399463516,0
1.417,5212.187904443293,0
1.418,5208.634674364608,0
1.419,5187.169627967995,0
1.42,5148.068292501441,0
1.421,5091.82709788726,0
1.422,5019.157806209736,0
1.423,4930.977986877551,0
1.424,4828.400479705343,0
1.425,4712.718558838285,0
1.426,4585.390168554101,0
1.427,4448.019337786435,0
1.428,4302.336263083872,0
1.429,4150.175052209168,0
1.43,3993.451042153651,0
1.431,3834.1361865088124,0
1.432,3674.2344263625578,0
1.433,3515.7561603533463,0
1.434,3360.692838229894,0
1.435,3210.991842168627,0
1.436,3068.5319747237572,0
1.437,2935.0997978724427,0
1.438,2812.366086998158,0
1.439,2701.8641595874124,0
1.44,2604.9732452595767,0
1.441,2522.8993946459846,0
1.442,2456.6598435466562,0
1.443,2407.0704007311297,0
1.444,2374.735618858193,0
1.445,2360.040410356706,0
1.446,2363.146170637427,0
1.447,2383.988048275472,0
1.448,2422.2762280418533,0
1.449,2477.499707227748,0
1.45,2544.408603976889,1
1.451,2626.7445837235764,0
1.452,2724.120329516407,0
1.453,2835.2757757872996,0
1.454,2958.7613369562537,0
1.455,3092.95711911783,0
1.456,3236.0947272661806,0
1.457,3386.2809373994687,0
1.458,3541.5234947853605,0
1.459,3699.757761200617,0
1.46,3858.8749463644676,0
1.461,4016.7506575565735,0
1.462,4171.273652984532,0
1.463,4320.374922228663,0
1.464,4462.0556392887775,0
1.465,4594.414587221265,0
1.466,4715.673403802449,0
1.467,4824.203054126559,0
1.468,4918.544251971272,0
1.469,4997.427216523616,0
1.47,5059.790443523852,0
1.471,5104.794648180171,0
1.472,5131.834745921601,0
1.473,5140.548065450401,0
1.474,5130.819200898913,0
1.475,5102.782356111687,0
1.476,5056.819212617564,0
1.477,4993.554040261222,0
1.478,4913.845541820405,0
1.479,4818.774944467756,0
1.48,4709.631597097728,0
1.481,4587.895460103706,0
1.482,4455.217049267504,0
1.483,4313.39510515381,0
1.484,4164.35183857505,0
1.485,4010.1072441343276,0
1.486,3852.7513038874345,0
1.487,3694.415681041852,0
1.488,3537.2445583223707,0
1.489,3383.365567645617,0
1.49,3234.8606259847193,0
1.491,3093.7380123640464,0
1.492,2961.9043491697075,0
1.493,2841.1395969581617,0
1.494,2733.0706091827515,0
1.495,2639.152098822118,0
1.496,2560.6445534178492,0
1.497,2498.5979312637173,0
1.498,2453.8371979878093,0
1.499,2426.9509989257076,0
1.5,2418.2841381741105,0
1.5010000000000001,2427.9323508135103,0
1.502,2455.741473419719,0
1.5030000000000001,2501.3097187025846,0
1.504,2560.1317701049356,1
1.5050000000000001,2635.19171649725,0
1.506,2726.255606614818,0
1.5070000000000001,2832.0540443326126,0
1.508,2951.10145202429,0
1.5090000000000001,3081.7172576905227,0
1.51,3222.0501070893365,0
1.5110000000000001,3370.104601198485,0
1.512,3523.7701157013994,0
1.5130000000000001,3680.851449958801,0
1.514,3839.100640029237,0
1.5150000000000001,3996.2497770037135,0
1.516,4150.043857046586,0
1.5170000000000001,4298.27357658432,0
1.518,4438.8075032163815,0
1.5190000000000001,4569.624263480379,0
1.52,4688.8395580286115,0
1.5210000000000001,4794.737651425954,0
1.522,4885.791867342397,0
1.5230000000000001,4960.690818372344,0
1.524,5018.355267274116,0
1.5250000000000001,5057.955128225089,0
1.526,5078.921412786326,0
1.5270000000000001,5080.9547021649705,0
1.528,5064.029570208111,0
1.5290000000000001,5028.395235375876,0
1.53,4974.571950368382,0
1.5310000000000001,4903.343509305268,0
1.532,4815.746088524043,0
1.5330000000000001,4713.05308900677,0
1.534,4596.7567264266845,0
1.5350000000000001,4468.546408507351,0
1.536,4330.284075751153,0
1.537,4183.977160957957,0
1.538,4031.749368409226,0
1.539,3875.8097823640232,0
1.54,3718.4206217477886,0
1.541,3561.8643154523984,0
1.542,3408.410253031172,0
1.543,3260.281835986969,0
1.544,3119.6241308194444,0
1.545,2988.4720990599817,0
1.546,2868.720189748085,0
1.547,2762.0976757820035,0
1.548,2670.140767740664,0
1.549,2594.1712257748777,0
1.55,2535.2767997139413,0
1.551,2494.295722685421,0
1.552,2471.804352175538,0
1.553,2468.1089238454347,0
1.554,2483.2412034314398,0
1.555,2516.9579415766166,0
1.556,2567.4134886125953,1
1.557,2635.328629876665,0
1.558,2720.250523544989,0
1.559,2820.894815280337,0
1.56,2935.733739196946,0
1.561,3063.0183782241593,0
1.562,3200.8062968889453,0
1.563,3346.9914358269034,0
1.564,3499.3364643149553,0
1.565,3655.5076004906,0
1.566,3813.1104389166903,0
1.567,3969.727237568017,0
1.568,4122.954251937712,0
1.569,4270.438754560705,0
1.57,4409.916536537332,0
1.571,4539.243516404501,0
1.572,4656.438524794366,0
1.573,4759.70107654254,0
1.574,4847.4465728764435,0
1.575,4918.332497417239,0
1.576,4971.274479271191,0
1.577,5005.466184251788,0
1.578,5020.391111177009,0
1.579,5015.830648544223,0
1.58,4991.867450745545,0
1.581,4948.884240299605,0
1.582,4887.557805494727,0
1.583,4808.848864888557,0
1.584,4713.986344927786,0
1.585,4604.449145711768,0
1.586,4481.942758647575,0
1.587,4348.372882381145,0
1.588,4205.81572890768,0
1.589,4056.4858932253273,0
1.59,3902.7018300128966,0
1.591,3746.849922926287,0
1.592,3591.3473781829234,0
1.593,3438.604619239698,0
1.594,3290.9879249834344,0
1.595,3150.7826624302184,0
1.596,3020.158102335311,0
1.597,2901.1336267709057,0
1.598,2795.5444814084576,0
1.599,2705.0191913020617,0
1.6,2630.9499407324956,0
1.601,2574.4722993222267,0
1.602,2536.4474029274616,0
1.603,2517.4485679500813,0
1.604,2517.7529413640013,0
1.605,2537.3367277200296,0
1.606,2575.875936856848,0
1.607,2624.4348528990004,1
1.608,2691.0528905906885,0
1.609,2775.009294695161,0
1.61,2874.9939480338053,0
1.611,2989.4290707664363,0
1.612,3116.4948455304448,0
1.613,3254.159116805985,0
1.614,3400.2106010717016,0
1.615,3552.295156814608,0
1.616,3707.9544458484147,0
1.617,3864.666316724933,0
1.618,4019.8863393478478,0
1.619,4171.089783414195,0
1.62,4315.813207633671,0
1.621,4451.694666122323,0
1.622,4576.51372776083,0
1.623,4688.228748878105,0
1.624,4785.008887175644,0
1.625,4865.264812890897,0
1.6260000000000001,4927.675586306146,0
1.627,4971.211187006091,0
1.6280000000000001,4995.148955567284,0
1.629,4999.086133493419,0
1.6300000000000001,4982.946464201644,0
1.631,4946.982144846037,0
1.6320000000000001,4891.769326287785,0
1.633,4818.199537365894,0
1.6340000000000001,4727.464761888478,0
1.635,4621.038201240566,0
1.6360000000000001,4500.650174500578,0
1.637,4368.259918850428,0
1.6380000000000001,4226.023406505302,0
1.639,4076.258052728269,0
1.6400000000000001,3921.40467044551,0
1.641,3763.987454182497,0
1.6420000000000001,3606.572487030964,0
1.643,3451.7256325270505,0
1.6440000000000001,3301.9703986013274,0
1.645,3159.7465352985273,0
1.6460000000000001,3027.3696133592366,0
1.647,2906.994737611221,0
1.6480000000000001,2800.5755003096465,0
1.649,2709.8399935889693,0
1.6500000000000001,2636.257015076937,0
1.651,2581.0133817143114,0
1.6520000000000001,2544.9943346505947,0
1.653,2528.7688964141435,0
1.6540000000000001,2532.581036086186,0
1.655,2556.3452985231224,0
1.6560000000000001,2598.1747759421623,1
1.657,2658.909161503569,0
1.6580000000000001,2738.161058676052,0
1.659,2834.581765633687,0
1.6600000000000001,2946.5246839636775,0
1.661,3072.0738849767667,0
1.6620000000000001,3209.076888616155,0
1.663,3355.182086499647,0
1.6640000000000001,3507.8793869005517,0
1.665,3664.543737281915,0
1.666,3822.4805927783755,0
1.667,3978.9727612432166,0
1.668,4131.327374257125,0
1.669,4276.922854472767,0
1.67,4413.253576331391,0
1.671,4537.974411793761,0
1.672,4648.943927093314,0
1.673,4744.255338344035,0
1.674,4822.274272298675,0
1.675,4881.665973311165,0
1.676,4921.418593224448,0
1.677,4940.860920082975,0
1.678,4939.67363766847,0
1.679,4917.895066252624,0
1.68,4875.920593041869,0
1.681,4814.495487145881,0
1.682,4734.702165900126,0
1.683,4637.941066296014,0
1.684,4525.906428639232,0
1.685,4400.556768367347,0
1.686,4264.0807203133045,0
1.687,4118.8589127318255,0
1.688,3967.422541493342,0
1.689,3812.4092933663014,0
1.69,3656.517450628253,0
1.691,3502.458815968404,0
1.692,3352.9117516396564,0
1.693,3210.4744898948998,0
1.694,3077.619943687741,0
1.695,2956.6508849866414,0
1.696,2849.6640026436316,0
1.697,2758.510154989537,0
1.698,2684.7625131322575,0
1.699,2629.6906417452706,0
1.7,2594.237473481742,0
1.701,2579.003200587478,0
1.702,2584.2348017729464,0
1.703,2609.82230695861,0
1.704,2650.0056736154156,1
1.705,2709.10785135596,0
1.706,2787.1128292534827,0
1.707,2882.64032924626,0
1.708,2993.986661871793,0
1.709,3119.154868236624,0
1.71,3255.891637356449,0
1.711,3401.7283786574612,0
1.712,3554.0263974531745,0
1.713,3710.0251759488438,0
1.714,3866.8929802600223,0
1.715,4021.778765341969,0
1.716,4171.864504290857,0
1.717,4314.416654228863,0
1.718,4446.836329063302,0
1.719,4566.709166983593,0
1.72,4671.846629103071,0
1.721,4760.32745422686,0
1.722,4830.5330096878215,0
1.723,4881.177643063446,0
1.724,4911.332249859456,0
1.725,4920.440881474524,0
1.726,4908.331752552844,0
1.727,4875.220223193632,0
1.728,4821.705201523313,0
1.729,4748.758119016879,0
1.73,4657.705462413263,0
1.731,4550.20455605803,0
1.732,4428.213220531942,0
1.733,4293.953987124951,0
1.734,4149.873647470482,0
1.735,3998.59808404192,0
1.736,3842.884636049969,0
1.737,3685.571501579536,0
1.738,3529.5256054609504,0
1.739,3377.5903343940968,0
1.74,3232.5331635241632,0
1.741,3096.9958918341704,0
1.742,2973.443904196273,0
1.743,2864.1240756017273,0
1.744,2771.021791438956,0
1.745,2695.825029855696,0
1.746,2639.893269154989,0
1.747,2604.2329758028472,0
1.748,2589.4788976676355,0
1.749,2595.882635635122,0
1.75,2623.3081528772104,0
1.7510000000000001,2662.1341096793158,1
1.752,2721.0034657862025,0
1.7530000000000001,2799.3916225832336,0
1.754,2895.8617295037184,0
1.7550000000000001,3008.6255396776205,0
1.756,3135.5772067949606,0
1.7570000000000001,3274.3337059030564,0
1.758,3422.280429003386,0
1.7590000000000001,3576.621295454122,0
1.76,3734.4325880873544,0
1.7610000000000001,3892.719049661405,0
1.762,4048.47164820534,0
1.7630000000000001,4198.725532805069,0
1.764,4340.616978614018,0
1.7650000000000001,4471.439177023728,0
1.766,4588.69305839596,0
1.7670000000000001,4690.13873521404,0
1.768,4773.834715843761,0
1.7690000000000001,4838.178139511759,0
1.77,4881.935090559458,0
1.7710000000000001,4904.264834132006,0
1.772,4904.735869926051,0
1.7730000000000001,4883.334616583232,0
1.774,4840.465999007638,0
1.7750000000000001,4776.945846832521,0
1.776,4693.985030280877,0
1.7770000000000001,4593.166914667131,0
1.778,4476.416758740993,0
1.7790000000000001,4345.96475866002,0
1.78,4204.303448460594,0
1.7810000000000001,4054.1397543849034,0
1.782,3898.3430277912366,0
1.7830000000000001,3739.889951045139,0
1.784,3581.807364887401,0
1.7850000000000001,3427.114084229599,0
1.786,3278.762754759321,0
1.7870000000000001,3139.5839449627974,0
1.788,3012.2307796354908,0
1.7890000000000001,2899.126069029039,0
1.79,2802.420819597681,0
1.7910000000000001,2723.9491277323978,0
1.792,2665.1933586193436,0
1.793,2627.256672561483,0
1.794,2610.8413224086653,0
1.795,2616.235359790144,0
1.796,2643.307275060018,0
1.797,2679.368115467869,1
1.798,2736.7890070036383,0
1.799,2814.378232193686,0
1.8,2910.6469508367995,0
1.801,3023.725278038267,0
1.802,3151.39967087654,0
1.803,3291.1573668470114,0
1.804,3440.2368778007713,0
1.805,3595.6836462604397,0
1.806,3754.409434574373,0
1.807,3913.2546787424426,0
1.808,4069.0525383484874,0
1.809,4218.692427885264,0
1.81,4359.182713832198,0
1.811,4487.712925532747,0
1.812,4601.707903327249,0
1.813,4698.8824608534105,0
1.814,4777.285532480717,0
1.815,4835.3427815106415,0
1.816,4871.885189436569,0
1.817,4886.174976326118,0
1.818,4877.9202768383475,0
1.819,4847.281215993937,0
1.82,4794.866986471326,0
1.821,4721.723856312038,0
1.822,4629.313990111267,0
1.823,4519.486325186107,0
1.824,4394.439566754014,0
1.825,4256.677758793681,0
1.826,4108.960076877762,0
1.827,3954.2451752862735,0
1.828,3795.631767932537,0
1.829,3636.296018083724,0
1.83,3479.427620354082,0
1.831,3328.1657396188652,0
1.832,3185.5356897781166,0
1.833,3054.3871771424974,0
1.834,2937.338674585626,0
1.835,2836.722644956602,0
1.836,2754.539759790931,0
1.837,2692.4186893120027,0
1.838,2651.5829580916134,0
1.839,2632.8263659656054,0
1.84,2636.4971408075403,0
1.841,2662.4914011447636,0
1.842,2696.3274746621328,1
1.843,2752.5658719439098,0
1.844,2829.616500977005,0
1.845,2925.9339211922716,0
1.846,3039.561231927647,0
1.847,3168.171203802737,0
1.848,3309.114991719527,0
1.849,3459.477933618217,0
1.85,3616.1410892257572,0
1.851,3775.8469016630997,0
1.852,3935.267919906602,0
1.853,4091.0772618165365,0
1.854,4240.018819178972,0
1.855,4378.975558297544,0
1.856,4505.03729625662,0
1.857,4615.56171095386,0
1.858,4708.228562871975,0
1.859,4781.090340822138,0
1.86,4832.613855652585,0
1.861,4861.712609940477,0
1.862,4867.770061619765,0
1.863,4850.652689628499,0
1.864,4810.713512336762,0
1.865,4748.784197414837,0
1.866,4666.158499931891,0
1.867,4564.56471245378,0
1.868,4446.129476427512,0
1.869,4313.333188931347,0
1.87,4168.957681643315,0
1.871,4016.0277257101257,0
1.872,3857.7473312924276,0
1.873,3697.432128288545,0
1.874,3538.4396356433226,0
1.875,3384.0983901526265,0
1.8760000000000001,3237.6382378065464,0
1.877,3102.1214155240827,0
1.8780000000000001,2980.3774132039543,0
1.879,2874.945601363608,0
1.8800000000000001,2788.0204572515913,0
1.881,2721.405099837735,0
1.8820000000000001,2676.473441700603,0
1.883,2654.141669342186,0
1.8840000000000001,2654.848614375139,0
1.885,2678.547238416407,0
1.8860000000000001,2710.4904420320277,1
1.887,2765.4403711373834,0
1.8880000000000001,2841.8760812991186,0
1.889,2938.1920406529134,0
1.8900000000000001,3052.3396912739463,0
1.891,3181.8724210444593,0
1.8920000000000001,3323.99920587687,0
1.893,3475.645991307545,0
1.8940000000000001,3633.5233743789167,0
1.895,3794.199078423762,0
1.8960000000000001,3954.173675292437,0
1.897,4109.957715570659,0
1.8980000000000001,4258.14868383902,0
1.899,4395.506577625999,0
1.9000000000000001,4519.025238457687,0
1.901,4625.9995279883515,0
1.9020000000000001,4714.083783470661,0
1.903,4781.344621084681,0
1.9040000000000001,4826.303938661016,0
1.905,4847.971830517408,0
1.9060000000000001,4845.868295807987,0
1.907,4820.03433970019,0
1.9080000000000001,4771.031396433886,0
1.909,4699.928782876576,0
1.9100000000000001,4608.280827064342,0
1.911,4498.09257472886,0
1.9120000000000001,4371.775833520781,0
1.913,4232.096028470853,0
1.9140000000000001,4082.11162692178,0
1.915,3925.1066868524495,0
1.9160000000000001,3764.51860899535,0
1.917,3603.8625487735617,0
1.9180000000000001,3446.6538303258485,0
1.919,3296.330783720571,0
1.92,3156.179105519729,0
1.921,3029.258734162697,0
1.922,2918.338235205631,0
1.923,2825.8310259161635,0
1.924,2753.745368176807,0
1.925,2703.638524266469,0
1.926,2676.582648507713,0
1.927,2673.141658990221,0
1.928,2693.35875731796,0
1.929,2723.7771769028377,1
1.93,2777.3731158900127,0
1.931,2853.138622588211,0
1.932,2949.4052435552167,0
1.933,3064.0290652896065,0
1.934,3194.439598396553,0
1.935,3337.6987438361793,0
1.936,3490.56810301153,0
1.937,3649.583358271577,0
1.938,3811.1338582052636,0
1.939,3971.545719923516,0
1.94,4127.166207015882,0
1.941,4274.447475747398,0
1.942,4410.029024765804,0
1.943,4530.8165022309495,0
1.944,4634.0487792238955,0
1.945,4717.364994496926,0
1.946,4778.858380979665,0
1.947,4817.120145922781,0
1.948,4831.2722739375295,0
1.949,4820.987641620182,0
1.95,4786.498237013394,0
1.951,4728.589306950833,0
1.952,4648.582571200749,0
1.953,4548.304806464183,0
1.954,4430.047048511192,0
1.955,4296.511673338778,0
1.956,4150.75042189836,0
1.957,3996.094429877732,0
1.958,3836.0778177317534,0
1.959,3674.3565338009075,0
1.96,3514.624503946235,0
1.961,3360.528401433196,0
1.962,3215.584911310895,0
1.963,3083.0984368110458,0
1.964,2966.0868964333927,0
1.965,2867.21112561646,0
1.966,2788.714827483131,0
1.967,2732.3726858279706,0
1.968,2699.449236863563,0
1.969,2690.670744483752,0
1.97,2706.208234785013,0
1.971,2735.271800831496,1
1.972,2787.483237577949,0
1.973,2862.5600477166536,0
1.974,2958.7680318729736,0
1.975,3073.8638589835673,0
1.976,3205.148560354136,0
1.977,3349.5319584681215,0
1.978,3503.6064141713255,0
1.979,3663.7282631419994,0
1.98,3826.105044296068,0
1.981,3986.8861677778445,0
1.982,4142.25514340873,0
1.983,4288.520601941473,0
1.984,4422.206085310409,0
1.985,4540.131283038616,0
1.986,4639.490116989388,0
1.987,4717.916836418968,0
1.988,4773.543461712999,0
1.989,4805.044567878979,0
1.99,4811.668987582633,0
1.991,4793.258136450448,0
1.992,4750.24993894394,0
1.993,4683.668482441661,0
1.994,4595.099742921812,0
1.995,4486.653838917576,0
1.996,4360.914535380719,0
1.997,4220.877655616063,0
1.998,4069.8795165245165,0
1.999,3911.517187916127,0
2.0,3749.5624663884905,0
2.001,3587.871832541624,0
2.0020000000000002,3430.2942288634636,0
2.003,3280.5792893900184,0
2.004,3142.286997968703,0
2.005,3018.7038025284805,0
2.0060000000000002,2912.761680792389,0
2.007,2826.9709235601904,0
2.008,2763.359394804869,0
2.009,2723.4232456764908,0
2.0100000000000002,2708.091637366886,0
2.011,2717.704992354564,0
2.012,2745.1451627108627,1
2.013,2795.697329299751,0
2.0140000000000002,2869.6273985353064,0
2.015,2965.1570646036043,0
2.016,3079.974738168653,0
2.017,3211.291654396273,0
2.0180000000000002,3355.910671808013,0
2.019,3510.304941138402,0
2.02,3670.704408025871,0
2.021,3833.1886135802542,0
2.0220000000000002,3993.783077426938,0
2.023,4148.557325416032,0
2.024,4293.72041290846,0
2.025,4425.716718279862,0
2.0260000000000002,4541.311788525261,0
2.027,4637.671512080392,0
2.028,4712.432889405697,0
2.029,4763.762014696453,0
2.0300000000000002,4790.399444132041,0
2.031,4791.691344748707,0
2.032,4767.605265601383,0
2.033,4718.731441286108,0
2.0340000000000003,4646.268233017427,0
2.035,4551.992811914261,0
2.036,4438.217652130341,0
2.037,4307.733490074645,0
2.0380000000000003,4163.740980395074,0
2.039,4009.771973771055,0
2.04,3849.6027320426924,0
2.041,3687.1610984520867,0
2.0420000000000003,3526.4299714348363,0
2.043,3371.349416742108,0
2.044,3225.720598982344,0
2.045,3093.110817616265,0
2.0460000000000003,2976.764456076786,0
2.047,2879.528291308964,0
2.048,2803.7777027765555,0
2.049,2751.35943761701,0
2.05,2723.546051233875,0
2.051,2721.004306769883,0
2.052,2743.7794379531833,1
2.053,2791.2941237583777,0
2.054,2862.3625436175294,0
2.055,2955.219827837087,0
2.056,3067.5654808389436,0
2.057,3196.6201025319824,0
2.058,3339.194043046751,0
2.059,3491.7658321528006,0
2.06,3650.5688845085747,0
2.061,3811.684473213102,0
2.062,3971.137996459193,0
2.063,4124.997189942278,0
2.064,4269.4679990256645,0
2.065,4400.988345949806,0
2.066,4516.319892500869,0
2.067,4612.62030366198,0
2.068,4687.517562406165,0
2.069,4739.1679642004865,0
2.07,4766.301426484135,0
2.071,4768.252336593954,0
2.072,4744.975959752245,0
2.073,4697.049970489826,0
2.074,4625.659385741776,0
2.075,4532.5677391957815,0
2.076,4420.073698465215,0
2.077,4290.954095287129,0
2.078,4148.3956218985695,0
2.079,3995.916359487572,0
2.08,3837.2789370782275,0
2.081,3676.3979207012153,0
2.082,3517.2432641046767,0
2.083,3363.7425305612596,0
2.084,3219.684185290778,0
2.085,3088.6257656264047,0
2.086,2973.8000083255574,0
2.087,2878.04384983696,0
2.088,2803.7238259835435,0
2.089,2752.677975473891,0
2.09,2726.171012384105,0
2.091,2724.8630892286865,0
2.092,2748.7934515929032,1
2.093,2797.3796603833853,0
2.094,2869.431592932746,0
2.095,2963.1809498370367,0
2.096,3076.324672965108,0
2.097,3206.0816499324796,0
2.098,3349.261157033131,0
2.099,3502.3415207631406,0
2.1,3661.556757510015,0
2.101,3822.9892786542155,0
2.102,3982.666382454204,0
2.103,4136.658238792151,0
2.104,4281.173844555186,0
2.105,4412.655264447902,0
2.106,4527.866970245339,0
2.107,4623.971403761675,0
2.108,4698.60159472382,0
2.109,4749.918957187517,0
2.11,4776.658696943576,0
2.111,4778.160937239092,0
2.112,4754.386586844542,0
2.113,4705.919147780589,0
2.114,4633.949566917709,0
2.115,4540.247338705771,0
2.116,4427.116989043022,0
2.117,4297.3411617951,0
2.118,4154.112299432329,0
2.119,4000.9539980521713,0
2.12,3841.6342940940585,0
2.121,3680.072906324229,0
2.122,3520.244675055688,0
2.123,3366.0818352200135,0
2.124,3221.3776670136695,0
2.125,3089.692242175413,0
2.126,2974.263736917023,0
2.1270000000000002,2877.931556257845,0
2.128,2803.0654650601864,0
2.129,2751.506045961916,0
2.13,2724.5204120321687,0
2.1310000000000002,2722.77062787828,0
2.132,2746.2976853263685,1
2.133,2794.520076922287,0
2.134,2866.248702638205,0
2.1350000000000002,2959.715676455992,0
2.136,3072.6183097552885,0
2.137,3202.17533780997,0
2.138,3345.1956117271707,0
2.1390000000000002,3498.156748586161,0
2.14,3657.291773815523,0
2.141,3818.681894213111,0
2.142,3978.3530178956435,0
2.1430000000000002,4132.373546495906,0
2.144,4276.950877292873,0
2.145,4408.525515032986,0
2.146,4523.859032405821,0
2.1470000000000002,4620.111634303176,0
2.148,4694.914012941444,0
2.149,4746.425483956531,0
2.15,4773.378570182545,0
2.1510000000000002,4775.110954980936,0
2.152,4751.581166293518,0
2.153,4703.369992310301,0
2.154,4631.665953034604,0
2.1550000000000002,4538.236177058209,0
2.156,4425.3827261445385,0
2.157,4295.885970693009,0
2.158,4152.9360968366045,0
2.1590000000000003,4000.0546423128217,0
2.16,3841.0075851772162,0
2.161,3679.7128179113333,0
2.162,3520.1432668490693,0
2.1630000000000003,3366.22970776182,0
2.164,3221.7634677772526,0
2.165,3090.304561741469,0
2.166,2975.088378834966,0
2.1670000000000003,2878.9541814371332,0
2.168,2804.2707320602676,0
2.169,2752.877809935752,0
2.17,2726.042043434066,0
2.1710000000000003,2724.425010812558,0
2.172,2748.067472730615,1
2.173,2796.3877830407514,0
2.174,2868.1968503510416,0
2.1750000000000003,2961.7270169607,0
2.176,3074.6756237166123,0
2.177,3204.2618617423254,0
2.178,3347.2951092329868,0
2.179,3500.25353293866,0
2.18,3659.37084376836,0
2.181,3820.729006740512,0
2.182,3980.3547366571775,0
2.183,4134.317367795408,0
2.184,4278.825147433588,0
2.185,4410.320153696252,0
2.186,4525.563538929485,0
2.187,4621.717657789237,0
2.188,4696.414171076406,0
2.189,4747.813291092778,0
2.19,4774.648846175001,0
2.191,4776.259283032798,0
2.192,4752.604298999876,0
2.193,4704.26578159164,0
2.194,4632.433169412114,0
2.195,4538.874679353937,0
2.196,4425.8931146816685,0
2.197,4296.269704040843,0
2.198,4153.195547533093,0
2.199,4000.192895626609,0
2.2,3841.0284638718376,0
2.201,3679.6207046698923,0
2.202,3519.9433297694954,0
2.203,3365.9274587333593,0
2.204,3221.3650431798033,0
2.205,3089.8147041483135,0
2.206,2974.5152526952434,0
2.207,2878.305364356325,0
2.208,2803.553202058885,0
2.209,2752.099117517325,0
2.21,2725.209602354907,0
2.211,2723.5463238989632,0
2.212,2747.1499125361597,1
2.213,2795.4388255984554,0
2.214,2867.2236884081944,0
2.215,2960.736659707366,0
2.216,3073.674890003256,0
2.217,3203.2572606273066,0
2.218,3346.2928787714086,0
2.219,3499.25953555845,0
2.22,3658.3906107991857,0
2.221,3819.7676698360656,0
2.222,3979.416985855375,0
2.223,4133.407384284715,0
2.224,4277.946894923017,0
2.225,4409.477018128859,0
2.226,4524.758419939381,0
2.227,4620.953156764579,0
2.228,4695.692304722765,0
2.229,4747.135547396289,0
2.23,4774.016183826235,0
2.231,4775.672617574992,0
2.232,4752.063836809515,0
2.233,4703.771437603734,0
2.234,4631.984401308544,0
2.235,4538.470532419937,0
2.236,4425.532466644423,0
2.237,4295.95113074113,0
2.238,4152.917294107008,0
2.239,3999.952929968279,0
2.24,3840.8245202128546,0
2.241,3679.4503232658985,0
2.242,3519.803835566975,0
2.243,3365.8160960265286,0
2.244,3221.2787209727685,0
2.245,3089.751132188728,0
2.246,2974.4709743664935,0
2.247,2878.276895172685,0
2.248,2803.5376062029723,0
2.249,2752.0933287794896,0
2.25,2725.2104124783586,0
2.251,2723.550739199021,0
2.2520000000000002,2747.1549582520984,1
2.253,2795.441545659903,0
2.254,2867.221431524451,0
2.255,2960.726650665459,0
2.2560000000000002,3073.654778835946,0
2.257,3203.224733909161,0
2.258,3346.2457334389032,0
2.259,3499.1957933276026,0
2.2600000000000002,3658.308448723991,0
2.261,3819.665391250205,0
2.262,3979.2932072469366,0
2.263,4133.260942043586,0
2.2640000000000002,4277.77682848021,0
2.265,4409.281553694909,0
2.266,4524.537812026283,0
2.267,4620.706705994733,0
2.2680000000000002,4695.419729379592,0
2.269,4746.836780628223,0
2.27,4773.691282309076,0
2.271,4775.321713769786,0
2.2720000000000002,4751.6874165962945,0
2.273,4703.369904189165,0
2.274,4631.558524869081,0
2.275,4538.021134563719,0
2.2760000000000002,4425.06043121143,0
2.277,4295.457316231179,0
2.278,4152.402805829795,0
2.279,3999.4189412403225,0
2.2800000000000002,3840.272270205405,0
2.281,3678.881124108003,0
2.282,3519.2190235732387,0
2.283,3365.216992584359,0
2.2840000000000003,3220.667208836756,0
2.285,3089.127793474634,0
2.286,2973.837677564625,0
2.287,2877.6350622365776,0
2.2880000000000003,2802.888363542729,0
2.289,2751.4379900354043,0
2.29,2724.5503332924386,0
2.291,2722.8872776968565,0
2.2920000000000003,2746.489140262821,1
2.293,2794.7745763391454,0
2.294,2866.5542830047875,0
2.295,2960.060479453915,0
2.2960000000000003,3072.990432959247,0
2.297,3202.5630499126537,0
2.298,3345.587504162382,0
2.299,3498.5417179157007,0
2.3000000000000003,3657.659140372073,0
2.301,3819.0214320606065,0
2.302,3978.6550355208556,0
2.303,4132.62885523364,0
2.3040000000000003,4277.150794096404,0
2.305,4408.662493766456,0
2.306,4523.925515657577,0
2.307,4620.101294860169,0
2.308,4694.821128059415,0
2.309,4746.244983961676,0
2.31,4773.106175388859,0
2.311,4774.743070375347,0
2.312,4751.114926565448,0
2.313,4702.803295456508,0
2.314,4630.997420944319,0
2.315,4537.465210885719,0
2.316,4424.509171396528,0
2.317,4294.910428177054,0
2.318,4151.859776162793,0
2.319,3998.879264748598,0
2.32,3839.7354464447785,0
2.321,3678.3466392360233,0
2.322,3518.6864595495776,0
2.323,3364.6857616020525,0
2.324,3220.1367862975185,0
2.325,3088.5977075100213,0
2.326,2973.307691360653,0
2.327,2877.1044444509425,0
2.328,2802.3565419737847,0
2.329,2750.904514427994,0
2.33,2724.0147692870205,0
2.331,2722.349098956827,0
2.332,2745.948139077743,0
2.333,2773.8820440628187,1
2.334,2827.7339753410333,0
2.335,2904.585233677415,0
2.336,3002.652584841848,0
2.337,3119.6222600870715,0
2.338,3252.706531167588,0
2.339,3398.7120047028357,0
2.34,3554.118465354233,0
2.341,3715.1646983905853,0
2.342,3877.9415149898623,0
2.343,4038.4879558100224,0
2.344,4192.888513318278,0
2.345,4337.369945554439,0
2.346,4468.394661146143,0
2.347,4582.747972886249,0
2.348,4677.617187454864,0
2.349,4750.661055889965,0
2.35,4800.068434027777,0
2.351,4824.602920957514,0
2.352,4823.634019155012,0
2.353,4797.152809024447,0
2.354,4745.77327561482,0
2.355,4670.716951816483,0
2.356,4573.783960404924,0
2.357,4457.309012597654,0
2.358,4324.104537130369,0
2.359,4177.392052234805,0
2.36,4020.723292754044,0
2.361,3857.8933910281476,0
2.362,3692.847953560306,0
2.363,3529.5863648477,0
2.364,3372.063884685762,0
2.365,3224.0952176556834,0
2.366,3089.2594443975695,0
2.367,2970.81464638428,0
2.368,2871.615962750199,0
2.369,2794.0468145670766,0
2.37,2739.960794960213,0
2.371,2710.635668171154,0
2.372,2706.7424347081105,0
2.373,2728.328846599939,1
2.374,2774.81880513676,0
2.375,2845.0265587222984,0
2.376,2937.1859604388565,0
2.3770000000000002,3048.9941859949486,0
2.378,3177.6683909625167,0
2.379,3320.014401077731,0
2.38,3472.5053735938277,0
2.3810000000000002,3631.3685304820024,0
2.382,3792.678129648604,0
2.383,3952.4519213009517,0
2.384,4106.749261819815,0
2.3850000000000002,4251.767382742785,0
2.386,4383.935685810987,0
2.387,4500.004789247942,0
2.388,4597.123539949162,0
2.3890000000000002,4672.909779094222,0
2.39,4725.509844801463,0
2.391,4753.643590858103,0
2.392,4756.635610227978,0
2.3930000000000002,4734.431435584655,0
2.394,4687.598820452682,0
2.395,4617.313732880178,0
2.396,4525.33071466553,0
2.3970000000000002,4413.9397539421725,0
2.398,4285.909541242374,0
2.399,4144.419054646123,0
2.4,3992.9791904708322,0
2.4010000000000002,3835.3459143843857,0
2.402,3675.4277943946117,0
2.403,3517.1890240487487,0
2.404,3364.5524139120025,0
2.4050000000000002,3221.303567102561,0
2.406,3090.992119457322,0
2.407,2976.851643617381,0
2.408,2881.7153138971294,0
2.4090000000000003,2807.9477414557537,0
2.41,2757.385752499898,0
2.411,2731.293288879645,0
2.412,2730.3302391068805,0
2.4130000000000003,2754.536423746826,1
2.414,2803.3301576475174,0
2.415,2875.5225550630553,0
2.416,2969.3470005455447,0
2.4170000000000003,3082.5027914553484,0
2.418,3212.2112622514383,0
2.419,3355.284609523207,0
2.42,3508.204322003784,0
2.4210000000000003,3667.2077946191894,0
2.422,3828.381095349698,0
2.423,3987.7555087979326,0
2.424,4141.405036647633,0
2.4250000000000003,4285.542940595574,0
2.426,4416.6160212309305,0
2.427,4531.3917424404535,0
2.428,4627.037763676246,0
2.4290000000000003,4701.190966924505,0
2.43,4752.017103349882,0
2.431,4778.255426076742,0
2.432,4779.250016128368,0
2.433,4754.965903239717,0
2.434,4705.99007074238,0
2.435,4633.517059918306,0
2.436,4539.31970961289,0
2.437,4425.705659364064,0
2.438,4295.460503029988,0
2.439,4151.779373428734,0
2.44,3998.1883473841967,0
2.441,3838.4575653120996,0
2.442,3676.5086832187826,0
2.443,3516.3183246957824,0
2.444,3361.820004660904,0
2.445,3216.8077673433695,0
2.446,3084.8431390355427,0
2.447,2969.164602306592,0
2.448,2872.6125448651696,0
2.449,2797.5564460511832,0
2.45,2745.8368428827207,0
2.451,2718.7206160282767,0
2.452,2716.869249146137,0
2.453,2740.3230512115156,0
2.454,2768.1513867837866,1
2.455,2821.9365086341313,0
2.456,2898.7585916249063,0
2.457,2996.832791075085,0
2.458,3113.8437538617572,0
2.459,3247.001980688275,0
2.46,3393.1122077065584,0
2.461,3548.6518716258556,0
2.462,3709.8576385487786,0
2.463,3872.817972020104,0
2.464,4033.5694138014796,0
2.465,4188.194182601081,0
2.466,4332.91620799439,0
2.467,4464.196257303918,0
2.468,4578.8164436766865,0
2.469,4673.961374269323,0
2.47,4747.287815287648,0
2.471,4796.982089706028,0
2.472,4821.805609111052,0
2.473,4821.125581203148,0
2.474,4794.931237070798,0
2.475,4743.8342360923525,0
2.476,4669.054463348115,0
2.477,4572.390140796042,0
2.478,4456.174447931817,0
2.479,4323.218340752938,0
2.48,4176.742014678779,0
2.481,4020.296052207408,0
2.482,3857.6745698077348,0
2.483,3692.822284296014,0
2.484,3529.7378953653006,0
2.485,3372.376103797766,0
2.486,3224.551047918334,0
2.487,3089.843382757042,0
2.488,2971.5074607682277,0
2.489,2872.400339425143,0
2.49,2794.906019396736,0
2.491,2740.877795452496,0
2.492,2711.5939055294057,0
2.493,2707.7257590375657,0
2.494,2729.321818713128,1
2.495,2775.8067481949283,0
2.496,2845.995221708192,0
2.497,2938.122105857775,0
2.498,3049.8853480466637,0
2.499,3178.5031363452545,0
2.5,3320.782365268555,0
2.501,3473.1970013591804,0
2.5020000000000002,3631.9754186686064,0
2.503,3793.1928526433917,0
2.504,3952.8682272952433,0
2.505,4107.061860182965,0
2.5060000000000002,4251.972075110089,0
2.507,4384.029896123326,0
2.508,4499.986327305982,0
2.509,4596.9907061005,0
2.5100000000000002,4672.662385370133,0
2.511,4725.14858152637,0
2.512,4753.169960689954,0
2.513,4756.052040382434,0
2.5140000000000002,4733.74106953688,0
2.515,4686.805580678309,0
2.516,4616.422052334716,0
2.517,4524.345609953347,0
2.5180000000000002,4412.866816981478,0
2.519,4284.754758790678,0
2.52,4143.188930949953,0
2.521,3991.6804545245272,0
2.5220000000000002,3833.9856087721505,0
2.523,3674.013013164778,0
2.524,3515.727220748402,0
2.525,3363.0509469690164,0
2.5260000000000002,3219.7687105943123,0
2.527,3089.431919168019,0
2.528,2975.273529841039,0
2.529,2880.1271960884374,0
2.5300000000000002,2806.3563918712957,0
2.531,2755.797649229647,0
2.532,2729.7150461727597,0
2.533,2728.768332834293,0
2.5340000000000003,2752.996368178049,1
2.535,2801.8172265211592,0
2.536,2874.041863525995,0
2.537,2967.9031877515094,0
2.5380000000000003,3081.1001070827497,0
2.539,3210.8535085857993,0
2.54,3353.9750852895017,0
2.541,3506.9458930768023,0
2.5420000000000003,3666.0028851942534,0
2.543,3827.23173582032,0
2.544,3986.6631367761142,0
2.545,4140.37071503906,0
2.5460000000000003,4284.5674164773245,0
2.547,4415.699565619009,0
2.548,4530.534192064004,0
2.549,4626.238575196778,0
2.5500000000000003,4700.449348026503,0
2.551,4751.331826269929,0
2.552,4777.624993921047,0
2.553,4778.672630557298,0
2.5540000000000003,4754.439502707637,0
2.555,4705.512222350094,0
2.556,4633.085395011793,0
2.557,4538.931599541546,0
2.5580000000000003,4425.358324023569,0
2.559,4295.151012902699,0
2.56,4151.50473980929,0
2.561,3997.9454448042006,0
2.562,3838.24327701324,0
2.563,3676.319891068761,0
2.564,3516.1517955539734,0
2.565,3361.6726576588608,0
2.566,3216.6769509114984,0
2.567,3084.7262504166692,0
2.568,2969.0580525309556,0
2.569,2872.513594329025,0
2.57,2797.4624437610482,0
2.571,2745.7452183779806,0
2.572,2718.6289299305417,0
2.573,2716.775303603485,0
2.574,2740.224831491615,0
2.575,2768.0470719310147,1
2.576,2821.8244329375348,0
2.577,2898.6372172428714,0
2.578,2996.700968446595,0
2.579,3113.7003419365806,0
2.58,3246.8460774210166,0
2.581,3392.9431419458942,0
2.582,3548.469122905406,0
2.583,3709.660864875298,0
2.584,3872.607024112834,0
2.585,4033.344384763468,0
2.586,4187.954979947656,0
2.587,4332.663014270272,0
2.588,4463.929410113526,0
2.589,4578.536710350781,0
2.59,4673.669825714336,0
2.591,4746.985210703156,0
2.592,4796.669379710347,0
2.593,4821.483828597366,0
2.594,4820.795899326095,0
2.595,4794.59473013651,0
2.596,4743.492160086035,0
2.597,4668.708021671006,0
2.598,4572.040784226588,0
2.599,4455.823410530063,0
2.6,4322.866954490844,0
2.601,4176.3915898589785,0
2.602,4019.947916974737,0
2.603,3857.3300387050435,0
2.604,3692.4826230566514,0
2.605,3529.4042791487054,0
2.606,3372.049761345777,0
2.607,3224.23322849056,0
2.608,3089.5338905726053,0
2.609,2971.2086903246663,0
2.61,2872.112981772495,0
2.611,2794.6308652947255,0
2.612,2740.6157282193126,0
2.613,2711.345724211984,0
2.614,2707.4919809323783,0
2.615,2729.1030904328695,1
2.616,2775.603311245938,0
2.617,2845.8075735061784,0
2.618,2937.9505571405602,0
2.619,3049.730168169369,0
2.62,3178.3645045284597,0
2.621,3320.6602981419505,0
2.622,3473.0915735185226,0
2.623,3631.886550647889,0
2.624,3793.1204364042783,0
2.625,3952.811918243774,0
2.626,4107.021474377458,0
2.6270000000000002,4251.947605554371,0
2.628,4384.020666838981,0
2.629,4499.991428111174,0
2.63,4597.010197816302,0
2.6310000000000002,4672.695712771287,0
2.632,4725.195272952347,0
2.633,4753.229497165468,0
2.634,4756.123849390507,0
2.6350000000000002,4733.8245189148365,0
2.636,4686.900134574076,0
2.637,4616.527026345937,0
2.638,4524.4604526278545,0
2.6390000000000002,4412.990969681745,0
2.64,4284.887662488743,0
2.641,4143.329945888306,0
2.642,3991.8290242373296,0
2.6430000000000002,3834.141157560943,0
2.644,3674.174989696363,0
2.645,3515.8950964343853,0
2.646,3363.224233263497,0
2.6470000000000002,3219.9470125823414,0
2.648,3089.6159180434843,0
2.649,2975.4618362928977,0
2.65,2880.318939355543,0
2.6510000000000002,2806.5515240780924,0
2.652,2755.996149667484,0
2.653,2729.916480190916,0
2.654,2728.972180150329,0
2.6550000000000002,2753.2026968970586,1
2.656,2802.026028937158,0
2.657,2874.252967280791,0
2.658,2968.116673768196,0
2.6590000000000003,3081.315808871945,0
2.66,3211.0713277832283,0
2.661,3354.1950478281483,0
2.662,3507.1680155522135,0
2.6630000000000003,3666.2272561261384,0
2.664,3827.4584225764975,0
2.665,3986.892274768491,0
2.666,4140.60249323187,0
2.6670000000000003,4284.801659439972,0
2.668,4415.93699604109,0
2.669,4530.774608217313,0
2.67,4626.482004256829,0
2.6710000000000003,4700.696120675544,0
2.672,4751.5821247257745,0
2.673,4777.8790263291585,0
2.674,4778.930610274713,0
2.6750000000000003,4754.70162052811,0
2.676,4705.778833106531,0
2.677,4633.356590307165,0
2.678,4539.207625291595,0
2.6790000000000003,4425.639341353842,0
2.68,4295.437264956114,0
2.681,4151.796351076637,0
2.682,3998.2425569337074,0
2.6830000000000003,3838.546050487362,0
2.684,3676.6284495085606,0
2.685,3516.466455438393,0
2.686,3361.993327992968,0
2.6870000000000003,3217.003408372452,0
2.688,3085.057310058929,0
2.689,2969.39580038427,0
2.69,2872.8576364379546,0
2.691,2797.812781618748,0
2.692,2746.1020818376514,0
2.693,2718.9924041848326,0
2.694,2717.145356011534,0
2.695,2740.6014063147945,0
2.696,2768.430178461713,1
2.697,2822.2139940344373,0
2.698,2899.033184523991,0
2.699,2997.103254268529,0
2.7,3114.10892146131,0
2.701,3247.2608323962686,0
2.702,3393.363920849128,0
2.703,3548.8958239333765,0
2.704,3710.093360384432,0
2.705,3873.045215072459,0
2.706,4033.7881230393696,0
2.707,4188.404288207043,0
2.708,4333.117883237869,0
2.709,4464.389875826017,0
2.71,4579.002033148019,0
2.711,4674.139396861037,0
2.712,4747.459499659908,0
2.713,4797.1481653948085,0
2.714,4821.967024389229,0
2.715,4821.283320080166,0
2.716,4795.086192127164,0
2.717,4743.9875439138905,0
2.718,4669.207151386702,0
2.719,4572.543436243953,0
2.72,4456.329461507535,0
2.721,4323.376301395798,0
2.722,4176.904152209956,0
2.723,4020.463556831676,0
2.724,3857.8486222281845,0
2.725,3693.00404424349,0
2.726,3529.9285529473805,0
2.727,3372.5767526730883,0
2.728,3224.7626578315385,0
2.729,3090.0657963551052,0
2.73,2971.743282478224,0
2.731,2872.649960816635,0
2.732,2795.1701118735646,0
2.733,2741.157177341078,0
2.734,2711.889267092914,0
2.735,2708.037672479894,0
2.736,2729.6507918317966,1
2.737,2776.1531757657913,0
2.738,2846.359480141128,0
2.739,2938.5043616916378,0
2.74,3050.2859401693013,0
2.741,3178.922199956056,0
2.742,3321.219870820192,0
2.743,3473.6530354466145,0
2.744,3632.449913483292,0
2.745,3793.6857127040726,0
2.746,3953.37922016889,0
2.747,4107.590714720898,0
2.748,4252.518765214965,0
2.749,4384.593774800927,0
2.75,4500.566847292669,0
2.751,4597.587517749679,0
2.7520000000000002,4673.27496019538,0
2.753,4725.776430761161,0
2.754,4753.812627977651,0
2.755,4756.7088858064135,0
2.7560000000000002,4734.411474158582,0
2.757,4687.488996951215,0
2.758,4617.117873476331,0
2.759,4525.053365504591,0
2.7600000000000002,4413.585721428763,0
2.761,4285.484213926236,0
2.762,4143.92832798668,0
2.763,3992.42922831836,0
2.7640000000000002,3834.7431449586425,0
2.765,3674.778729286316,0
2.766,3516.500597709322,0
2.767,3363.831473338657,0
2.7680000000000002,3220.555907887238,0
2.769,3090.2271510903392,0
2.77,2976.075000218722,0
2.771,2880.933864592446,0
2.7720000000000002,2807.167799837149,0
2.773,2756.6137338846424,0
2.774,2730.5353400007407,0
2.775,2729.5922988147863,0
2.7760000000000002,2753.8240088461625,1
2.777,2802.648443501491,0
2.778,2874.8764947647187,0
2.779,2968.741196934725,0
2.7800000000000002,3081.9411426138013,0
2.781,3211.6975273967355,0
2.782,3354.82205105204,0
2.783,3507.7957634427567,0
2.7840000000000003,3666.855674768581,0
2.785,3828.087416605197,0
2.786,3987.5218819843535,0
2.787,4141.232536012866,0
2.7880000000000003,4285.432620237568,0
2.789,4416.567413775849,0
2.79,4531.405361905916,0
2.791,4627.113059385172,0
2.7920000000000003,4701.327387714043,0
2.793,4752.213565283535,0
2.794,4778.510565862904,0
2.795,4779.562233607143,0
2.7960000000000003,4755.333265272686,0
2.797,4706.410438753506,0
2.798,4633.988110500286,0
2.799,4539.839029223851,0
2.8000000000000003,4426.27060158396,0
2.801,4296.068282584309,0
2.802,4152.427086579357,0
2.803,3998.8729993293196,0
2.8040000000000003,3839.1761713086325,0
2.805,3677.2581946946652,0
2.806,3517.095637342038,0
2.807,3362.6220756718676,0
2.8080000000000003,3217.6315135925647,0
2.809,3085.6854126585304,0
2.81,2970.023307253251,0
2.811,2873.48451133031,0
2.8120000000000003,2798.4390320232974,0
2.813,2746.7275878402775,0
2.814,2719.6170919657134,0
2.815,2717.7693452443136,0
2.816,2741.224582211246,0
2.817,2769.052485147912,1
2.818,2822.8353999030774,0
2.819,2899.6537061438826,0
2.82,2997.7228219537124,0
2.821,3114.727474944665,0
2.822,3247.878352424028,0
2.823,3393.9804004479465,0
2.824,3549.511255457166,0
2.825,3710.7077155857737,0
2.826,3873.6584445476237,0
2.827,4034.400196175733,0
2.828,4189.0151711838835,0
2.829,4333.727540020602,0
2.83,4464.998268484538,0
2.831,4579.60895557464,0
2.832,4674.745586577267,0
2.833,4748.064265702522,0
2.834,4797.751524928694,0
2.835,4822.568897075604,0
2.836,4821.883684669209,0
2.837,4795.684921629007,0
2.838,4744.584678871693,0
2.839,4669.802684691192,0
2.84,4573.137246383146,0
2.841,4456.921651639624,0
2.842,4323.966804995203,0
2.843,4177.492924785846,0
2.844,4021.0505686642928,0
2.845,3858.4338362373683,0
2.846,3693.5874103182846,0
2.847,3530.5099728187506,0
2.848,3373.156183912437,0
2.849,3225.3401450852875,0
2.85,3090.6408481946182,0
2.851,2972.3163526539247,0
2.852,2873.220935196523,0
2.853,2795.7389815907763,0
2.854,2741.7240404462364,0
2.855,2712.454078505223,0
2.856,2708.6006985626836,0
2.857,2730.2116415500363,1
2.858,2776.711745904654,0
2.859,2846.915796834502,0
2.86,2939.058528995121,0
2.861,3050.83784462328,0
2.862,3179.4718447170753,0
2.863,3321.7671944681574,0
2.864,3474.1979774931174,0
2.865,3632.992424163464,0
2.866,3794.225738765774,0
2.867,3953.9167156518715,0
2.868,4108.125642383013,0
2.869,4253.050884499794,0
2.87,4385.122726622466,0
2.871,4501.093346633927,0
2.872,4598.1113584384275,0
2.873,4673.796120049068,0
2.874,4726.294930515916,0
2.875,4754.328468434497,0
2.876,4757.222012738637,0
2.8770000000000002,4734.92185203436,0
2.878,4687.9964630880495,0
2.879,4617.622500734305,0
2.88,4525.555011266526,0
2.8810000000000002,4414.084547950847,0
2.882,4285.980204354223,0
2.883,4144.4214246463425,0
2.884,3992.9193712912443,0
2.8850000000000002,3835.230315680265,0
2.886,3675.262915603385,0
2.887,3516.981766031604,0
2.888,3364.309828534073,0
2.8890000000000002,3221.0312301243666,0
2.89,3090.698691823842,0
2.891,2976.543566291706,0
2.892,2881.3990946548265,0
2.8930000000000002,2807.6299297743967,0
2.894,2757.0727596214906,0
2.895,2730.991259266023,0
2.896,2730.0451718554973,0
2.8970000000000002,2754.2737347549864,1
2.898,2803.0950176261745,0
2.899,2875.319867415061,0
2.9,2969.181375481517,0
2.9010000000000002,3082.3782594348127,0
2.902,3212.131449454654,0
2.903,3355.2527522932705,0
2.904,3508.2232540798173,0
2.9050000000000002,3667.2799139143103,0
2.906,3828.508393711739,0
2.907,3987.93950470385,0
2.908,4141.646858284073,0
2.9090000000000003,4285.843309437655,0
2.91,4416.974741178336,0
2.911,4531.809603676922,0
2.912,4627.514056102013,0
2.9130000000000003,4701.724949724945,0
2.914,4752.607647214601,0
2.915,4778.9010993545035,0
2.916,4779.949211207268,0
2.9170000000000003,4755.716681157604,0
2.918,4706.790311826804,0
2.919,4634.364386157978,0
2.92,4540.211658454827,0
2.9210000000000003,4426.639565133587,0
2.922,4296.433548321018,0
2.923,4152.788700811575,0
2.924,3999.2309328711863,0
2.9250000000000003,3839.5304439482165,0
2.926,3677.6088138106566,0
2.927,3517.4425177982866,0
2.928,3362.965285834225,0
2.9290000000000003,3217.9713653934614,0
2.93,3086.022117784506,0
2.931,2970.3557893306147,0
2.932,2873.8137827369164,0
2.9330000000000003,2798.7645764039344,0
2.934,2747.049360463992,0
2.935,2719.9350885117383,0
2.936,2718.083420433345,0
2.9370000000000003,2741.5348438382316,1
2.938,2789.707293041949,0
2.939,2861.4106976739367,0
2.94,2954.8762952271486,0
2.9410000000000003,3067.8000690475183,0
2.942,3197.3996074259603,0
2.943,3340.482432995529,0
2.944,3493.524714814991,0
2.945,3652.7579776798248,0
2.946,3814.2618509921303,0
2.947,3974.0605490659727,0
2.948,4128.22100826034,0
2.949,4272.948873409688,0
2.95,4404.683001210358,0
2.951,4520.182449300555,0
2.952,4616.607520495773,0
2.953,4691.586361969953,0
2.954,4743.276941536493,0
2.955,4770.410174566236,0
2.956,4772.3222953818195,0
2.957,4748.9704821720925,0
2.958,4700.934254364146,0
2.959,4629.400783756018,0
2.96,4536.136177792916,0
2.961,4423.441431779532,0
2.962,4294.095976050874,0
2.963,4151.289194544382,0
2.964,3998.5418085553138,0
2.965,3839.619222107831,0
2.966,3678.4386197184217,0
2.967,3518.972769600023,0
2.968,3365.1518856931116,0
2.969,3220.767340119543,0
2.97,3089.378038672987,0
2.971,2974.220793162403,0
2.972,2878.1341093748056,0
2.973,2803.486841756151,0
2.974,2752.1190697017287,0
2.975,2725.297756837966,0
2.976,2723.6846400748836,0
2.977,2747.3209222447986,0
2.978,2775.2772095516907,1
2.979,2829.1372928005003,0
2.98,2905.983098024216,0
2.981,3004.032090670501,0
2.982,3120.971259813199,0
2.983,3254.0137739888596,0
2.984,3399.967244942727,0
2.985,3555.312155636329,0
2.986,3716.2883704313813,0
2.987,3878.9877268198493,0
2.988,4039.450065206035,0
2.989,4193.761056252778,0
2.99,4338.147817198627,0
2.991,4469.074034087769,0
2.992,4583.327100405359,0
2.993,4678.094424830764,0
2.994,4751.03559793762,0
2.995,4800.340432587289,0
2.996,4824.773348746314,0
2.997,4823.704573050418,0
2.998,4797.126098107445,0
2.999,4745.652318538883,0
3.0,4670.505618961764,0
3.001,4573.486659389011,0
3.0020000000000002,4456.930552904928,0
3.003,4323.650276609919,0
3.004,4176.867726222453,0
3.005,4020.135012565682,0
3.0060000000000002,3857.2474881827893,0
3.007,3692.150985847514,0
3.008,3528.8450610753866,0
3.009,3371.2850815760585,0
3.0100000000000002,3223.285682513533,0
3.011,3088.4271580596496,0
3.012,2969.9652188837176,0
3.013,2870.756196926726,0
3.0140000000000002,2793.1833290044615,0
3.015,2739.1000469444316,0
3.016,2709.7837148394324,0
3.017,2705.90508075815,0
3.0180000000000002,2727.5116908304417,1
3.019,2774.0270726627236,0
3.02,2844.265080871458,0
3.021,2936.459230475879,0
3.0220000000000002,3048.3062654483565,0
3.023,3177.0230155605936,0
3.024,3319.4148983333184,0
3.025,3471.954580553103,0
3.0260000000000002,3630.86892740926,0
3.027,3792.231728216355,0
3.028,3952.0603482961824,0
3.029,4106.413679220271,0
3.0300000000000002,4251.488578809074,0
3.031,4383.71407833125,0
3.032,4499.840881708677,0
3.033,4597.016480000503,0
3.0340000000000003,4672.85892757994,0
3.035,4725.514261884552,0
3.036,4753.701911251652,0
3.037,4756.746271925474,0
3.0380000000000003,4734.592690552903,0
3.039,4687.808616979025,0
3.04,4617.569721194529,0
3.041,4525.630510240753,0
3.0420000000000003,4414.280746007622,0
3.043,4286.288983105071,0
3.044,4144.834156640325,0
3.045,3993.427054233016,0
3.0460000000000003,3835.8235908034285,0
3.047,3675.932171305739,0
3.048,3517.7172231256077,0
3.049,3365.101412453044,0
3.0500000000000003,3221.869518979429,0
3.051,3091.572953005081,0
3.052,2977.4445331993256,0
3.053,2882.317825839828,0
3.0540000000000003,2808.5573189703855,0
3.055,2757.9999262243746,0
3.056,2731.909790624243,0
3.057,2730.94697483195,0
3.0580000000000003,2755.1512420489235,1
3.059,2803.9411506570377,0
3.06,2876.128144757107,0
3.061,2969.945633469764,0
3.0620000000000003,3083.0931250085805,0
3.063,3212.7921367935605,0
3.064,3355.855054951389,0
3.065,3508.7634980275775,0
3.0660000000000003,3667.755062816311,0
3.067,3828.9159776447214,0
3.068,3988.27774266396,0
3.069,4141.914440268994,0
3.0700000000000003,4286.039738665889,0
3.071,4417.100228605016,0
3.072,4531.8638289481005,0
3.073,4627.497944015377,0
3.074,4701.639721227408,0
3.075,4752.455120958506,0
3.076,4778.683559915609,0
3.077,4779.669090133858,0
3.078,4755.376837699448,0
3.079,4706.393814708046,0
3.08,4633.914724057456,0
3.081,4539.7124248165,0
3.082,4426.094554391695,0
3.083,4295.846756090877,0
3.084,4152.164192781723,0
3.085,3998.5728634003012,0
3.086,3838.8429646733043,0
3.087,3676.8961205377236,0
3.088,3516.708875096145,0
3.089,3362.2148069028653,0
3.09,3217.2082756483687,0
3.091,3085.249642403678,0
3.092,2969.578826573049,0
3.093,2873.035038270927,0
3.094,2797.988020516582,0
3.095,2746.2784368907924,0
3.096,2719.172863177901,0
3.097,2717.3328848813794,0
3.098,2740.7985970346417,0
3.099,2768.639414227692,1
3.1,2822.4374579499295,0
3.101,2899.2727585959865,0
3.102,2997.3605321238156,0
3.103,3114.3852817361435,0
3.104,3247.5573996930475,0
3.105,3393.681586949472,0
3.106,3549.235216131608,0
3.107,3710.4548586898973,0
3.108,3873.428958224327,0
3.109,4034.1939658884944,0
3.11,4188.832023205902,0
3.111,4333.566801991725,0
3.112,4464.858219131463,0
3.113,4579.4904543266575,0
3.114,4674.6473937446835,0
3.115,4747.985260380299,0
3.116,4797.690470239586,0
3.117,4822.524449333598,0
3.118,4821.854397928004,0
3.119,4795.669293812443,0
3.12,4744.581103448059,0
3.121,4669.809452921718,0
3.122,4573.152701962121,0
3.123,4456.943997678523,0
3.124,4323.994323091317,0
3.125,4177.5238515514375,0
3.126,4021.0831929765263,0
3.1270000000000002,3858.466453520119,0
3.128,3693.6183750683167,0
3.129,3530.537664778123,0
3.13,3373.1790685504266,0
3.1310000000000002,3225.356589653672,0
3.132,3090.6499267735644,0
3.133,2972.3157747965097,0
3.134,2873.210337260238,0
3.1350000000000002,2795.7170784583795,0
3.136,2741.689788296493,0
3.137,2712.406424735049,0
3.138,2708.538642249534,0
3.1390000000000002,2730.13474598419,1
3.14,2776.61944952453,0
3.141,2846.8076114169053,0
3.142,2938.9339870763883,0
3.1430000000000002,3050.6965662780854,0
3.144,3179.313750275469,0
3.145,3321.5922263444018,0
3.146,3474.006145882077,0
3.1470000000000002,3632.783845276382,0
3.148,3794.0005879441214,0
3.149,3953.675269877035,0
3.15,4107.868133831173,0
3.1510000000000002,4252.7780025873035,0
3.152,4384.834862717811,0
3.153,4500.790490220319,0
3.154,4597.7947062580215,0
3.1550000000000002,4673.466367974101,0
3.156,4725.952695101459,0
3.157,4753.974475071905,0
3.158,4756.857035198385,0
3.1590000000000003,4734.546629627224,0
3.16,4687.61193194234,0
3.161,4617.229297038903,0
3.162,4525.153922175455,0
3.1630000000000003,4413.676333729423,0
3.164,4285.565662797082,0
3.165,4144.00129207175,0
3.166,3992.4944339478407,0
3.1670000000000003,3834.8012781900757,0
3.168,3674.8304688769967,0
3.169,3516.546634889512,0
3.17,3363.872392573913,0
3.1710000000000003,3220.5922195455078,0
3.172,3090.2586813224652,0
3.173,2976.1030253803306,0
3.174,2880.958537135488,0
3.1750000000000003,2807.1897279195673,0
3.176,2756.6332096910132,0
3.177,2730.5527754951986,0
3.178,2729.6078534709336,0
3.1790000000000003,2753.8379391916874,1
3.18,2802.661032270584,0
3.181,2874.887766257122,0
3.182,2968.751240145234,0
3.1830000000000003,3081.9501084910125,0
3.184,3211.7053560584327,0
3.185,3354.8287076870192,0
3.186,3507.8011591785307,0
3.1870000000000003,3666.8596877230075,0
3.188,3828.089846896242,0
3.189,3987.5225451602073,0
3.19,4141.231315976254,0
3.1910000000000003,4285.429298764457,0
3.192,4416.561745620337,0
3.193,4531.39709424493,0
3.194,4627.101911610011,0
3.1950000000000003,4701.312924294981,0
3.196,4752.1957091100085,0
3.197,4778.488961421715,0
3.198,4779.536585418065,0
3.1990000000000003,4755.303313040185,0
3.2,4706.3758598237255,0
3.201,4633.948594933689,0
3.202,4539.79428855249,0
3.203,4426.220346655289,0
3.204,4296.0122419084655,0
3.205,4152.365052021554,0
3.206,3998.8047236202015,0
3.207,3839.1014545525272,0
3.208,3677.1768233390058,0
3.209,3517.007265260206,0
3.21,3362.526645971685,0
3.211,3217.5292052175255,0
3.212,3085.576301001821,0
3.213,2969.9070042889425,0
3.214,2873.3607820625816,0
3.215,2798.3075997358806,0
3.216,2746.5884625130784,0
3.217,2719.4702651759435,0
3.218,2717.614610096558,0
3.219,2741.062057882843,0
3.22,2768.8821961964604,1
3.221,2822.6574160532887,0
3.222,2899.4680264081017,0
3.223,2997.529507856538,0
3.224,3114.5266104451434,0
3.225,3247.670042766121,0
3.226,3393.7647224074844,0
3.227,3549.288287277348,0
3.228,3710.4776046851252,0
3.229,3873.421317974861,0
3.23,4034.156094179006,0
3.231,4188.764392008574,0
3.232,4333.470499059525,0
3.233,4464.732948749373,0
3.234,4579.337489411251,0
3.235,4674.467783436086,0
3.236,4747.780649358262,0
3.237,4797.462341883409,0
3.238,4822.274332075817,0
3.239,4821.583967982255,0
3.24,4795.380267855276,0
3.241,4744.275164464312,0
3.242,4669.488487139244,0
3.243,4572.818553964687,0
3.244,4456.59855099865,0
3.245,4323.639470472799,0
3.246,4177.161482244827,0
3.247,4020.7151524822543,0
3.248,3858.094576188397,0
3.249,3693.24443773891,0
3.25,3530.1634096459975,0
3.251,3372.806152273995,0
3.2520000000000002,3224.9867967143978,0
3.253,3090.2846480005655,0
3.254,2971.9566007434773,0
3.255,2872.858023964996,0
3.2560000000000002,2795.3730625226603,0
3.257,2741.354948886422,0
3.258,2712.081827182661,0
3.259,2708.225357617218,0
3.2600000000000002,2729.833282885237,1
3.261,2776.330308206161,0
3.262,2846.53135162611,0
3.263,2938.671047390548,0
3.2640000000000002,3050.4473365596327,0
3.265,3179.078240328317,0
3.266,3321.370536041229,0
3.267,3473.798261663654,0
3.2680000000000002,3632.5896466625895,0
3.269,3793.819862235448,0
3.27,3953.507754590878,0
3.271,4107.713596722577,0
3.2720000000000002,4252.63570862204,0
3.273,4384.703828492407,0
3.274,4500.671251747583,0
3.275,4597.685725678195,0
3.2760000000000002,4673.367371275288,0
3.277,4725.862993209423,0
3.278,4753.8933036626,0
3.279,4756.78350788502,0
3.2800000000000002,4734.480033272429,0
3.281,4687.551495579884,0
3.282,4617.174238854985,0
3.283,4525.103480470751,0
3.2840000000000003,4413.629768246063,0
3.285,4285.522155540444,0
3.286,4143.960138942242,0
3.287,3992.4548961726196,0
3.2880000000000003,3834.762669266722,0
3.289,3674.7921665714953,0
3.29,3516.507960783079,0
3.291,3363.832679526024,0
3.2920000000000003,3220.551204373981,0
3.293,3090.215643301454,0
3.294,2976.0573752955274,0
3.295,2880.910006824045,0
3.2960000000000003,2807.137941929099,0
3.297,2756.5779029301325,0
3.298,2730.493634624595,0
3.299,2729.544673388124,0
3.3000000000000003,2753.7706248377986,1
3.301,2802.5892611056597,0
3.302,2874.8115385687183,0
3.303,2968.670522720702,0
3.3040000000000003,3081.864865671564,0
3.305,3211.6156158102053,0
3.306,3354.734548456257,0
3.307,3507.7027010948464,0
3.3080000000000003,3666.7571029725254,0
3.309,3827.9834140223784,0
3.31,3987.412400144715,0
3.311,4141.11767289762,0
3.3120000000000003,4285.3121451593,0
3.313,4416.441661453635,0
3.314,4531.274734860788,0
3.315,4626.977399730845,0
3.3160000000000003,4701.186566722368,0
3.317,4752.06760871418,0
3.318,4778.359585823816,0
3.319,4779.406201224302,0
3.3200000000000003,4755.172211393012,0
3.321,4706.244287619027,0
3.322,4633.817010208194,0
3.323,4539.662970292109,0
3.3240000000000003,4426.089619149506,0
3.325,4295.882427495827,0
3.326,4152.236413726565,0
3.327,3998.6775360573124,0
3.3280000000000003,3838.975945364809,0
3.329,3677.053270053778,0
3.33,3516.885975537708,0
3.331,3362.40779472122,0
3.332,3217.4129314293305,0
3.333,3085.4616975860986,0
3.334,2969.795057895173,0
3.335,2873.2521967593993,0
3.336,2798.2022090021724,0
3.337,2746.4863517125477,0
3.338,2719.3714250492803,0
3.339,2717.519531755126,0
3.34,2740.9703925363824,0
3.341,2768.7939430400115,1
3.342,2822.5725535033216,0
3.343,2899.386545118557,0
3.344,2997.451444498886,0
3.345,3114.4518785395394,0
3.346,3247.598578200974,0
3.347,3393.6964643500055,0
3.348,3549.2231369594942,0
3.349,3710.4154447965902,0
3.35,3873.3620498887294,0
3.351,4034.0996041047733,0
3.352,4188.710488409957,0
3.353,4333.418830788398,0
3.354,4464.683816481165,0
3.355,4579.291109321209,0
3.356,4674.4238466515635,0
3.357,4747.738646321551,0
3.358,4797.422096713333,0
3.359,4822.235710307425,0
3.36,4821.546778291538,0
3.361,4795.344337692579,0
3.362,4744.24046328824,0
3.363,4669.454883148968,0
3.364,4572.785902576656,0
3.365,4456.5668045589555,0
3.366,4323.608486703174,0
3.367,4177.131157033163,0
3.368,4020.6853856365483,0
3.369,3858.065266064164,0
3.37,3693.2155136181323,0
3.371,3530.1347656202574,0
3.372,3372.7777221197966,0
3.373,3224.958212754837,0
3.374,3090.2573192768423,0
3.375,2971.92901818261,0
3.376,2872.830610586103,0
3.3770000000000002,2795.345568603194,0
3.378,2741.3275460772766,0
3.379,2712.054572028368,0
3.38,2708.19792464326,0
3.3810000000000002,2729.805933341599,1
3.382,2776.3031199937845,0
3.383,2846.5043529162913,0
3.384,2938.644239002021,0
3.3850000000000002,3050.420721483338,0
3.386,3179.05190945228,0
3.387,3321.344510550727,0
3.388,3473.772609981731,0
3.3890000000000002,3632.564394681034,0
3.39,3793.7951059646766,0
3.391,3953.4834804575357,0
3.392,4107.689905022452,0
3.3930000000000002,4252.612753616978,0
3.394,4384.68326022389,0
3.395,4500.651064151439,0
3.396,4597.6667076680815,0
3.3970000000000002,4673.349159132576,0
3.398,4725.845687916532,0
3.399,4753.876904749634,0
3.4,4756.768104380881,0
3.4010000000000002,4734.465713906855,0
3.402,4687.5382129756035,0
3.403,4617.16208585926,0
3.404,4525.092445446806,0
3.4050000000000002,4413.61983568007,0
3.406,4285.513448686403,0
3.407,4143.952656949376,0
3.408,3992.4486301467723,0
3.4090000000000003,3834.757639891298,0
3.41,3674.78833917919,0
3.411,3516.5054206995296,0
3.412,3363.83149547838,0
3.4130000000000003,3220.551283258914,0
3.414,3090.2169918479312,0
3.415,2976.0600073597434,0
3.416,2880.913838912204,0
3.4170000000000003,2807.143085283728,0
3.418,2756.584291242916,0
3.419,2730.501262689945,0
3.42,2729.5537459710463,0
3.4210000000000003,2753.7808621462655,1
3.422,2802.6007389959304,0
3.423,2874.824272644247,0
3.424,2968.6844971872056,0
3.4250000000000003,3081.8800604958915,0
3.426,3211.632015885987,0
3.427,3354.75215395803,0
3.428,3507.7214897403887,0
3.4290000000000003,3666.7770029912335,0
3.43,3828.0044338649677,0
3.431,3987.434549768782,0
3.432,4141.140989949494,0
3.4330000000000003,4285.336490787215,0
3.434,4416.467687020949,0
3.435,4531.301378747663,0
3.436,4627.004728226037,0
3.4370000000000003,4701.214582161847,0
3.438,4752.096481055568,0
3.439,4778.389341217213,0
3.44,4779.436834373717,0
3.4410000000000003,4755.203720923004,0
3.442,4706.276795943149,0
3.443,4633.850306370664,0
3.444,4539.697050125866,0
3.4450000000000003,4426.124506152606,0
3.446,4295.918104019364,0
3.447,4152.2728665470895,0
3.448,3998.7147508813055,0
3.4490000000000003,3839.0139085210662,0
3.45,3677.091962633718,0
3.451,3516.925475035644,0
3.452,3362.4479577702405,0
3.4530000000000003,3217.4538322303288,0
3.454,3085.504383719238,0
3.455,2969.8380561501267,0
3.456,2873.295467100123,0
3.457,2798.2461978028346,0
3.458,2746.530941341034,0
3.459,2719.416653284846,0
3.46,2717.565141685379,0
3.461,2741.016640678217,0
3.462,2768.84084413491,1
3.463,2822.6200990824796,0
3.464,2899.4347390394587,0
3.465,2997.5002111495737,0
3.466,3114.501286347187,0
3.467,3247.6481716528733,0
3.468,3393.746688686061,0
3.469,3549.274001662199,0
3.47,3710.4669783388504,0
3.471,3873.414216274378,0
3.472,4034.152445301024,0
3.473,4188.764010541051,0
3.474,4333.473032650442,0
3.475,4464.7390305911085,0
3.476,4579.346873099786,0
3.477,4674.480262581783,0
3.478,4747.79573808801,0
3.479,4797.479851059574,0
3.48,4822.294005854183,0
3.481,4821.605713401931,0
3.482,4795.403989242367,0
3.483,4744.300799709355,0
3.484,4669.5158671591835,0
3.485,4572.8475713735825,0
3.486,4456.629139388123,0
3.487,4323.671484703133,0
3.488,4177.194783062244,0
3.489,4020.749657659391,0
3.49,3858.1301812326815,0
3.491,3693.281055466273,0
3.492,3530.200992187268,0
3.493,3372.8445412631063,0
3.494,3225.0258972135953,0
3.495,3090.3239368637205,0
3.496,2971.996900256526,0
3.497,2872.8989753613323,0
3.498,2795.4145286338767,0
3.499,2741.3970648852974,0
3.5,2712.1247231359216,0
3.501,2708.2685821238915,0
3.5020000000000002,2729.877088211745,1
3.503,2776.3748324085627,0
3.504,2846.576653461052,0
3.505,2938.717061201007,0
3.5060000000000002,3050.4941387032486,0
3.507,3179.1258577188673,0
3.508,3321.418977787963,0
3.509,3473.847588125372,0
3.5100000000000002,3632.639866517606,0
3.511,3793.8710511131335,0
3.512,3953.5599146789455,0
3.513,4107.766765436572,0
3.5140000000000002,4252.6899243116,0
3.515,4384.76050309356,0
3.516,4500.728583727455,0
3.517,4597.744627883641,0
3.5180000000000002,4673.427508958533,0
3.519,4725.924390854718,0
3.52,4753.956057119478,0
3.521,4756.847698622514,0
3.5220000000000002,4734.545758926805,0
3.523,4687.618648051888,0
3.524,4617.242967496834,0
3.525,4525.17380825398,0
3.5260000000000002,4413.701606782736,0
3.527,4285.595567804482,0
3.528,4144.035142760174,0
3.529,3992.5315027072047,0
3.5300000000000002,3834.8408792738555,0
3.531,3674.871992267169,0
3.532,3516.589336041472,0
3.533,3363.9157458766076,0
3.5340000000000003,3220.635291735827,0
3.535,3090.3009268141627,0
3.536,2976.1439403428867,0
3.537,2880.998099388781,0
3.5380000000000003,2807.22768198814,0
3.539,2756.669222876868,0
3.54,2730.586450023081,0
3.541,2729.6391065340613,0
3.5420000000000003,2753.866515606771,1
3.543,2802.6866713325026,0
3.544,2874.91053494516,0
3.545,2968.771033718327,0
3.5460000000000003,3081.9668413765694,0
3.547,3211.7190632436673,0
3.548,3354.8394213220095,0
3.549,3507.8089851187688,0
3.5500000000000003,3666.864775157423,0
3.551,3828.092430805252,0
3.552,3987.5227114994536,0
3.553,4141.229260911127,0
3.5540000000000003,4285.425166725611,0
3.555,4416.557021704228,0
3.556,4531.390907314831,0
3.557,4627.09471308964,0
3.5580000000000003,4701.304965130059,0
3.559,4752.187066575923,0
3.56,4778.480058283939,0
3.561,4779.527708290612,0
3.5620000000000003,4755.29467674022,0
3.563,4706.367781691743,0
3.564,4633.941429885423,0
3.565,4539.788231274882,0
3.5660000000000003,4426.2156657437245,0
3.567,4296.009262143351,0
3.568,4152.364247353451,0
3.569,3998.8061101950548,0
3.5700000000000003,3839.105225668084,0
3.571,3677.1832272929723,0
3.572,3517.016605057381,0
3.573,3362.5390464345355,0
3.5740000000000003,3217.5449956207476,0
3.575,3085.595466326172,0
3.576,2969.9288829906163,0
3.577,2873.3862581410776,0
3.5780000000000003,2798.336872886781,0
3.579,2746.621542361835,0
3.58,2719.5071363830048,0
3.581,2717.655467061055,0
3.5820000000000003,2741.106943569046,1
3.583,2789.2793942891612,0
3.584,2860.982881774815,0
3.585,2954.448581199823,0
3.586,3067.372487130986,0
3.587,3196.9721484928978,0
3.588,3340.05513064438,0
3.589,3493.0976143406597,0
3.59,3652.33109224433,0
3.591,3813.8352093455987,0
3.592,3973.6342704930844,0
3.593,4127.795028616312,0
3.594,4272.523279280331,0
3.595,4404.256713089999,0
3.596,4519.757317071653,0
3.597,4616.182726305152,0
3.598,4691.1622671844925,0
3.599,4742.853400016655,0
3.6,4769.987212415356,0
3.601,4771.899956819379,0
3.602,4748.548715153069,0
3.603,4700.513143441271,0
3.604,4628.9804115615325,0
3.605,4535.716551781697,0
3.606,4423.02255129438,0
3.607,4293.67788711961,0
3.608,4150.871921496736,0
3.609,3998.125371541031,0
3.61,3839.2036192486676,0
3.611,3678.023950980422,0
3.612,3518.558993604097,0
3.613,3364.7390643149993,0
3.614,3220.355668761606,0
3.615,3088.966284376307,0
3.616,2973.8096100756416,0
3.617,2877.723986125529,0
3.618,2803.0777510199505,0
3.619,2751.711191892151,0
3.62,2724.8910297291704,0
3.621,2723.279160499585,0
3.622,2746.9166887271977,0
3.623,2774.8742653530535,1
3.624,2828.735617012834,0
3.625,2905.5826755192593,0
3.626,3003.6329809047234,0
3.6270000000000002,3120.5734951359264,0
3.628,3253.617363926557,0
3.629,3399.5722337186858,0
3.63,3554.9185528675066,0
3.6310000000000002,3715.8961984111797,0
3.632,3878.5969484395196,0
3.633,4039.0607215912796,0
3.634,4193.372853965313,0
3.6350000000000002,4337.761888057479,0
3.636,4468.689946342513,0
3.637,4582.944488458256,0
3.638,4677.713136309114,0
3.6390000000000002,4750.65579559828,0
3.64,4799.962127873181,0
3.641,4824.396582058859,0
3.642,4823.329354891774,0
3.6430000000000002,4796.752426890814,0
3.644,4745.280229569366,0
3.645,4670.13502407472,0
3.646,4573.117680553336,0
3.6470000000000002,4456.563192523093,0
3.648,4323.284533854795,0
3.649,4176.503646054834,0
3.65,4019.7725947890285,0
3.6510000000000002,3856.8867748620582,0
3.652,3691.7920120024955,0
3.653,3528.487823025544,0
3.654,3370.9296118064503,0
3.6550000000000002,3222.931775686502,0
3.656,3088.074432577256,0
3.657,2969.6144655255903,0
3.658,2870.407311311035,0
3.6590000000000003,2792.8362584118886,0
3.66,2738.754778834156,0
3.661,2709.4402902492156,0
3.662,2705.563459835976,0
3.6630000000000003,2727.1720745680136,1
3.664,2773.689407038326,0
3.665,2843.9293455665334,0
3.666,2936.1254380825876,0
3.6670000000000003,3047.97445812898,0
3.668,3176.6932444510626,0
3.669,3319.087129073705,0
3.67,3471.628872982778,0
3.6710000000000003,3630.545295087539,0
3.672,3791.910139645728,0
3.673,3951.7408763765607,0
3.674,4106.09633231441,0
3.6750000000000003,4251.173496286437,0
3.676,4383.401738705817,0
3.677,4499.530278359952,0
3.678,4596.708082423998,0
3.6790000000000003,4672.552545053175,0
3.68,4725.2100915105075,0
3.681,4753.400053211335,0
3.682,4756.446695499211,0
3.6830000000000003,4734.295358735239,0
3.684,4687.51357274159,0
3.685,4617.277006825212,0
3.686,4525.340101416897,0
3.6870000000000003,4413.992645921888,0
3.688,4286.003189462048,0
3.689,4144.5507305160945,0
3.69,3993.1459857586055,0
3.6910000000000003,3835.544893043342,0
3.692,3675.655879546158,0
3.693,3517.4433175825025,0
3.694,3364.8299700375323,0
3.6950000000000003,3221.600494249666,0
3.696,3091.3065712083253,0
3.697,2977.1805693373562,0
3.698,2882.0562414968053,0
3.6990000000000003,2808.298116406333,0
3.7,2757.7431249793635,0
3.701,2731.655407644438,0
3.702,2730.6949481639135,0
3.7030000000000003,2754.901659534544,1
3.704,2803.6939945490153,0
3.705,2875.88334065282,0
3.706,2969.7033946191327,0
3.7070000000000003,3082.853308473484,0
3.708,3212.5547797404424,0
3.709,3355.6201184814895,0
3.71,3508.5309988332037,0
3.7110000000000003,3667.525010261011,0
3.712,3828.6884416397147,0
3.713,3988.052617360864,0
3.714,4141.691821490224,0
3.715,4285.819254872628,0
3.716,4416.881150848843,0
3.717,4531.647115921629,0
3.718,4627.283752542083,0
3.719,4701.42779689264,0
3.72,4752.245878820384,0
3.721,4778.476907474733,0
3.722,4779.46509890792,0
3.723,4755.175509323989,0
3.724,4706.195158261029,0
3.725,4633.718708260421,0
3.726,4539.519060774189,0
3.727,4425.9038769146655,0
3.728,4295.658806244208,0
3.729,4151.978933807801,0
3.73,3998.3903040765344,0
3.731,3838.663124960463,0
3.732,3676.7189947024026,0
3.733,3516.534507022039,0
3.734,3362.0430923467193,0
3.735,3217.039124483641,0
3.736,3085.084348966798,0
3.737,2969.416079360507,0
3.738,2872.874984699247,0
3.739,2797.8306789211892,0
3.74,2746.1237844581565,0
3.741,2719.0209478465795,0
3.742,2717.1836675756995,0
3.743,2740.6520278322814,0
3.744,2768.495482317301,1
3.745,2822.2961265187537,0
3.746,2899.134053374575,0
3.747,2997.224454771824,0
3.748,3114.2517905568543,0
3.749,3247.426513988413,0
3.75,3393.55330165574,0
3.751,3549.109517109249,0
3.7520000000000002,3710.3317704873016,0
3.753,3873.3084241455,0
3.754,4034.076073680251,0
3.755,4188.716682030989,0
3.7560000000000002,4333.454040172244,0
3.757,4464.748612097104,0
3.758,4579.383470220292,0
3.759,4674.5429049293525,0
3.7600000000000002,4747.8832790691495,0
3.761,4797.591006291157,0
3.762,4822.427351438966,0
3.763,4821.759810056923,0
3.7640000000000002,4795.577126642802,0
3.765,4744.491353462357,0
3.766,4669.722142804367,0
3.767,4573.067904691905,0
3.7680000000000002,4456.8616394282435,0
3.769,4323.914411400887,0
3.77,4177.446381387032,0
3.771,4021.0081434790977,0
3.7720000000000002,3858.393859622374,0
3.773,3693.5482095376033,0
3.774,3530.4699516492346,0
3.775,3373.113802907691,0
3.7760000000000002,3225.293930001423,0
3.777,3090.5904244245316,0
3.778,2972.2587180265496,0
3.779,2873.155526368923,0
3.7800000000000002,2795.6646782101725,0
3.781,2741.6397156095863,0
3.782,2712.3587319245266,0
3.783,2708.4932899620294,0
3.7840000000000003,2730.0917859472006,1
3.785,2776.57884901232,0
3.786,2846.769483877158,0
3.787,2938.898328170057,0
3.7880000000000003,3050.663417914232,0
3.789,3179.2829958035054,0
3.79,3321.563902617523,0
3.791,3473.9802758657906,0
3.7920000000000003,3632.7604352095364,0
3.793,3793.979671424401,0
3.794,3953.6568821618703,0
3.795,4107.8524188779,0
3.7960000000000003,4252.765039877526,0
3.797,4384.825473929355,0
3.798,4500.783555682534,0
3.799,4597.790157262245,0
3.8000000000000003,4673.464218517018,0
3.801,4725.953000608909,0
3.802,4753.977143647316,0
3.803,4756.861906788819,0
3.8040000000000003,4734.553825646574,0
3.805,4687.621428610602,0
3.806,4617.2411214932545,0
3.807,4525.168074218357,0
3.8080000000000003,4413.692774039343,0
3.809,4285.5843908068955,0
3.81,4144.022314592896,0
3.811,3992.517699346258,0
3.8120000000000003,3834.826772081156,0
3.813,3674.8581705142597,0
3.814,3516.5764460404316,0
3.815,3363.9043476340885,0
3.8160000000000003,3220.626528022754,0
3.817,3090.295576226467,0
3.818,2976.141810895758,0
3.819,2880.9997714436367,0
3.8200000000000003,2807.2331357147036,0
3.821,2756.67881997747,0
3.822,2730.600500400744,0
3.823,2729.657798448162,0
3.8240000000000003,2753.890052880085,1
3.825,2802.576775070514,0
3.826,2874.548523245229,0
3.827,2968.053265882643,0
3.8280000000000003,3080.810734564679,0
3.829,3210.0680692724054,0
3.83,3352.667423857237,0
3.831,3505.122993583643,0
3.8320000000000003,3663.706525043609,0
3.833,3824.5384074618523,0
3.834,3983.6827786894755,0
3.835,4137.243676665324,0
3.8360000000000003,4281.460513154954,0
3.837,4412.799013021258,0
3.838,4528.042144302206,0
3.839,4624.362316826433,0
3.84,4699.394798686577,0
3.841,4751.295250508479,0
3.842,4778.7839439924155,0
3.843,4781.177875544541,0
3.844,4758.407305837747,0
3.845,4711.017586135772,0
3.846,4640.156022726264,0
3.847,4547.543728702545,0
3.848,4435.433830242961,0
3.849,4306.556261133166,0
3.85,4164.051304029862,0
3.851,4011.3926158539803,0
3.852,3852.3025631533196,0
3.853,3690.661125066378,0
3.854,3530.411097957068,0
3.855,3375.461815420231,0
3.856,3229.5938711172485,0
3.857,3096.3667695010245,0
3.858,2979.028136538237,0
3.859,2880.4412245773337,0
3.86,2803.0108910159042,0
3.861,2748.624527083676,0
3.862,2718.6070416520283,0
3.863,2713.6879743984546,0
3.864,2733.983828955056,0
3.865,2762.640130779385,1
3.866,2815.6119001438065,0
3.867,2891.371395562359,0
3.868,2988.1734435692642,0
3.869,3103.757851354031,0
3.87,3235.4037493555907,0
3.871,3379.9950756469993,0
3.872,3534.095708973561,0
3.873,3694.0324892899102,0
3.874,3855.983838148411,0
3.875,4016.0723495105144,0
3.876,4170.458322857434,0
3.8770000000000002,4315.432386163721,0
3.878,4447.506971065244,0
3.879,4563.498031651265,0
3.88,4660.605069791736,0
3.8810000000000002,4736.476932317605,0
3.882,4789.270079512641,0
3.883,4817.693406166491,0
3.884,4821.039740638538,0
3.8850000000000002,4799.2030154601725,0
3.886,4752.68157748727,0
3.887,4682.566506791991,0
3.888,4590.515498643043,0
3.8890000000000002,4478.713463995687,0
3.89,4349.820006147847,0
3.891,4206.905589643852,0
3.892,4053.3778206216984,0
3.8930000000000002,3892.8993759588934,0
3.894,3729.300037653267,0
3.895,3566.484314947413,0
3.896,3408.337682255649,0
3.8970000000000002,3258.6331021879005,0
3.898,3120.9402569912195,0
3.899,2998.538161155851,0
3.9,2894.3373737017755,0
3.9010000000000002,2810.811443814647,0
3.902,2749.9352099408525,0
3.903,2713.1380468563825,0
3.904,2701.2691146560137,0
3.9050000000000002,2714.577722062427,0
3.906,2742.2264728033956,1
3.907,2792.78779253055,0
3.908,2866.2060569053688,0
3.9090000000000003,2960.762793316827,0
3.91,3074.2323698555006,0
3.911,3203.934985009655,0
3.912,3346.8005398785954,0
3.9130000000000003,3499.441944584384,0
3.914,3658.2359675580506,0
3.915,3819.40967731632,0
3.916,3979.1306602379445,0
3.9170000000000003,4133.59847524748,0
3.918,4279.1356140113685,0
3.919,4412.274110448625,0
3.92,4529.842869042875,0
3.9210000000000003,4629.037372207934,0
3.922,4707.490349887388,0
3.923,4763.327954701697,0
3.924,4795.214342439448,0
3.9250000000000003,4802.383935315553,0
3.926,4784.659603057835,0
3.927,4742.457180450995,0
3.928,4676.7758392918595,0
3.9290000000000003,4589.17386801646,0
3.93,4481.732151389831,0
3.931,4357.004120053234,0
3.932,4217.9552666377695,0
3.9330000000000003,4067.892227138412,0
3.934,3910.384009013538,0
3.935,3749.1768695400224,0
3.936,3588.10491503668,0
3.9370000000000003,3430.9986407515075,0
3.938,3281.5937786577315,0
3.939,3143.442558379513,0
3.94,3019.8265807593307,0
3.9410000000000003,2913.680481950825,0
3.942,2827.5233967151116,0
3.943,2763.3966342789795,0
3.944,2722.8155013980145,0
3.9450000000000003,2706.73328521651,0
3.946,2715.518453784034,0
3.947,2743.2899175836533,1
3.948,2793.337362752887,0
3.9490000000000003,2866.0525945176146,0
3.95,2959.7430351984676,0
3.951,3072.218446579831,0
3.952,3200.8426700230784,0
3.9530000000000003,3342.5960127383114,0
3.954,3494.1461603851676,0
3.955,3651.9274821177623,0
3.956,3812.2245325394583,0
3.9570000000000003,3971.2602948985987,0
3.958,4125.28525918603,0
3.959,4270.6657884768765,0
3.96,4403.970917936047,0
3.9610000000000003,4522.052189357454,0
3.962,4622.119867128924,0
3.963,4701.806478048729,0
3.964,4759.224677663339,0
3.9650000000000003,4793.011476017262,0
3.966,4802.360571875408,0
3.967,4787.041361190416,0
3.968,4747.404616638025,0
3.969,4684.3745718834425,0
3.97,4599.4268238992345,0
3.971,4494.553718097751,0
3.972,4372.217683195913,0
3.973,4235.293106507756,0
3.974,4086.998373515026,0
3.975,3930.8201957735596,0
3.976,3770.4313467910015,0
3.977,3609.6040139360816,0
3.978,3452.120772770474,0
3.979,3301.6854103805103,0
3.98,3161.836465660419,0
3.981,3035.861601966498,0
3.982,2926.7201905007473,0
3.983,2836.9768101449126,0
3.984,2768.738110793808,0
3.985,2723.6031990650235,0
3.986,2702.626090797992,0
3.987,2706.291350342333,0
3.988,2732.613297232892,1
3.989,2781.709106472501,0
3.99,2853.3934729413577,0
3.991,2945.996820059683,0
3.992,3057.3607521810677,0
3.993,3184.888505045897,0
3.994,3325.605636351783,0
3.995,3476.229388095305,0
3.996,3633.245352487105,0
3.997,3792.9894695544244,0
3.998,3951.7336377777474,0
3.999,4105.772778856242,0
4.0,4251.510761099032,0
4.001,4385.544398772035,0
4.002,4504.7471603103,0
4.003,4606.334216471977,0
4.0040000000000004,4687.932834745839,0
4.005,4747.636814397257,0
4.006,4784.050787124977,0
4.007,4796.322766103888,0
4.008,4784.164201032283,0
4.009,4747.856624396107,0
4.01,4688.245201736492,0
4.011,4606.71883168478,0
4.0120000000000005,4505.178044484077,0
4.013,4385.990345462533,0
4.014,4251.935196230062,0
4.015,4106.139116670153,0
4.016,3952.0026120408943,0
4.017,3793.120919451605,0
4.018,3633.2000216530087,0
4.019,3475.9703333511216,0
4.0200000000000005,3325.099356853756,0
4.021,3184.1065351342068,0
4.022,3056.2812298402205,0
4.023,2944.6030295071905,0
4.024,2851.6774050267545,0
4.025,2779.6714489749666,0
4.026,2730.2639534768928,0
4.027,2704.606322796347,0
4.0280000000000005,2703.295563715431,0
4.029,2726.360746508628,0
4.03,2756.2539291680814,1
4.031,2810.0354046940256,0
4.032,2885.775739898675,0
4.033,2981.8151137592413,0
4.034,3096.018620420093,0
4.035,3225.825250368606,0
4.0360000000000005,3368.306848314341,0
4.037,3520.2352471785503,0
4.038,3678.1568733129384,0
4.039,3838.472180234756,0
4.04,3997.5188516075386,0
4.041,4151.6561817759975,0
4.042,4297.3489135572445,0
4.043,4431.250059073431,0
4.0440000000000005,4550.276983852487,0
4.045,4651.683967935871,0
4.046,4733.1244674943,0
4.047,4792.706588975757,0
4.048,4829.036939034248,0
4.049,4841.253003053532,0
4.05,4829.043652528331,0
4.051,4792.656313155452,0
4.0520000000000005,4732.892282637749,0
4.053,4651.088378193474,0
4.054,4549.08660827,0
4.055,4429.19218867607,0
4.056,4294.120926099427,0
4.057,4146.936853284266,0
4.058,3990.982225621977,0
4.059,3829.800754698723,0
4.0600000000000005,3667.056271070128,0
4.061,3506.4487930343976,0
4.062,3351.6294845289704,0
4.063,3206.116867559253,0
4.064,3073.2166655503215,0
4.065,2955.943089157824,0
4.066,2856.952980431634,0
4.067,2778.4842953517787,0
4.0680000000000005,2722.303544342527,0
4.069,2689.665465265198,0
4.07,2681.2846231158073,0
4.071,2697.3191826647158,0
4.072,2726.581177840917,1
4.073,2778.152389465761,0
4.074,2851.8087667871564,0
4.075,2945.911848570659,0
4.0760000000000005,3058.355259504042,0
4.077,3186.612727178731,0
4.078,3327.79546364997,0
4.079,3478.7177597713294,0
4.08,3635.9694474016005,0
4.081,3795.993493889679,0
4.082,3955.167073697541,0
4.083,4109.883964188436,0
4.0840000000000005,4256.636424479817,0
4.085,4392.09588582964,0
4.086,4513.188311938924,0
4.087,4617.163429925788,0
4.088,4701.659420303889,0
4.089,4764.755031890631,0
4.09,4805.01411592395,0
4.091,4821.518459071654,0
4.0920000000000005,4813.88869912877,0
4.093,4782.293213117642,0
4.094,4727.444396722409,0
4.095,4650.58260419725,0
4.096,4553.447927185133,0
4.097,4438.240761661047,0
4.098,4307.571852966457,0
4.099,4164.403079731558,0
4.1,4011.979890063715,0
4.101,3853.757718484584,0
4.102,3693.323395451106,0
4.103,3534.313590031044,0
4.104,3380.331961111241,0
4.105,3234.8677634957667,0
4.106,3101.215256592941,0
4.107,2982.4010954754126,0
4.108,2881.1118611957345,0
4.109,2799.636948978368,0
4.11,2739.8138860875956,0
4.111,2702.9879249531205,0
4.112,2689.9812150024836,0
4.113,2701.072874765256,0
4.114,2730.2762507921498,1
4.115,2781.011563581598,0
4.116,2853.63890465366,0
4.117,2946.54719173219,0
4.118,3057.66673953378,0
4.119,3184.515855367242,0
4.12,3324.25651596697,0
4.121,3473.758411740545,0
4.122,3629.6692516865264,0
4.123,3788.4902795767275,0
4.124,3946.6549331309666,0
4.125,4100.609472318006,0
4.126,4246.89197419912,0
4.127,4382.212962521273,0
4.128,4503.523402960602,0
4.1290000000000004,4608.095880735121,0
4.13,4693.570241487374,0
4.131,4758.0172079260265,0
4.132,4799.97905789563,0
4.133,4818.502751861654,0
4.134,4813.161410931531,0
4.135,4784.064171743766,0
4.136,4731.85370297886,0
4.1370000000000005,4657.692163841533,0
4.138,4563.2347844723145,0
4.139,4450.592998432565,0
4.14,4322.2871475574175,0
4.141,4181.189586285061,0
4.142,4030.4604291457126,0
4.143,3873.4764165685874,0
4.144,3713.755119841316,0
4.1450000000000005,3554.8757049217056,0
4.146,3400.3987127483683,0
4.147,3253.786512961581,0
4.148,3118.324714506286,0
4.149,2997.045728496454,0
4.15,2892.6668591973494,0
4.151,2807.524832152247,0
4.152,2743.5235403663246,0
4.1530000000000005,2702.092218430016,0
4.154,2684.1528851951343,0
4.155,2690.099663659453,0
4.156,2717.9756938461396,1
4.157,2767.8576290154815,0
4.158,2839.5579939134172,0
4.159,2931.4867421221998,0
4.16,3041.6036559264244,0
4.1610000000000005,3167.463854015333,0
4.162,3306.2720038998496,0
4.163,3454.9445595675375,0
4.164,3610.178337133797,0
4.165,3768.523795329911,0
4.166,3926.4619212152993,0
4.167,4080.48233011102,0
4.168,4227.161381619957,0
4.1690000000000005,4363.236558143183,0
4.17,4485.684960548696,0
4.171,4591.783943982667,0
4.172,4679.172675641789,0
4.173,4745.907780818178,0
4.174,4790.503953023466,0
4.175,4811.9680335575595,0
4.176,4809.820929462981,0
4.1770000000000005,4784.108435844683,0
4.178,4735.399808710634,0
4.179,4664.7755289534225,0
4.18,4573.803053797798,0
4.181,4464.502299492926,0
4.182,4339.300426940241,0
4.183,4200.978070202162,0
4.184,4052.6075141933343,0
4.1850000000000005,3897.484418317188,0
4.186,3739.054567374642,0
4.187,3580.837256709044,0
4.188,3426.3471520842377,0
4.189,3279.0162115870817,0
4.19,3142.1188578988317,0
4.191,3018.69282107854,0
4.192,2911.480183764507,0
4.1930000000000005,2822.862828614263,0
4.194,2754.8086866118674,0
4.195,2708.828546967598,0
4.196,2685.9426257100977,0
4.197,2686.657809266653,0
4.198,2710.9566518439015,0
4.199,2742.5280572817137,1
4.2,2796.9956501004776,0
4.2010000000000005,2872.6491264753054,0
4.202,2967.908188169003,0
4.203,3080.7556300481897,0
4.204,3208.7815654666983,0
4.205,3349.235969730123,0
4.206,3499.0889609312435,0
4.207,3655.09726654758,0
4.208,3813.8752619710026,0
4.2090000000000005,3971.969523010819,0
4.21,4125.934603110667,0
4.211,4272.408347180877,0
4.212,4408.186299194087,0
4.213,4530.294095598856,0
4.214,4636.049640356368,0
4.215,4723.12322072721,0
4.216,4789.590795104583,0
4.2170000000000005,4833.974701052142,0
4.218,4855.277261789739,0
4.219,4853.002979264989,0
4.22,4827.169802188073,0
4.221,4778.309135362351,0
4.222,4707.454542614652,0
4.223,4616.119504829095,0
4.224,4506.264853573975,0
4.225,4380.255854254184,0
4.226,4240.810838723243,0
4.227,4090.9420458750415,0
4.228,3933.8897740432885,0
4.229,3773.0516831545624,0
4.23,3611.908669690963,0
4.231,3453.9487053897287,0
4.232,3302.5907417818003,0
4.233,3161.11021499437,0
4.234,3032.566854702904,0
4.235,2919.7374169786212,0
4.236,2825.0562932001085,0
4.237,2750.5617276458033,0
4.238,2697.851392536326,0
4.239,2668.04695121041,0
4.24,2661.7700564236197,0
4.241,2679.128689815464,0
4.242,2710.188860317106,1
4.243,2762.6574988281604,0
4.244,2836.446056225275,0
4.245,2929.99256590834,0
4.246,3041.305218664012,0
4.247,3168.005250091503,0
4.248,3307.3784870839686,0
4.249,3456.4340087950723,0
4.25,3611.968741983647,0
4.251,3770.6368738268197,0
4.252,3929.02224864429,0
4.253,4083.712286385006,0
4.2540000000000004,4231.371613243569,0
4.255,4368.815747064898,0
4.256,4493.077860647969,0
4.257,4601.475018949311,0
4.258,4691.66532130387,0
4.259,4761.69905049949,0
4.26,4810.060909233205,0
4.261,4835.703204294703,0
4.2620000000000005,4838.068379603,0
4.263,4817.101211784977,0
4.264,4773.2503184292555,0
4.265,4707.458212542957,0
4.266,4621.141673514011,0
4.267,4516.160320107747,0
4.268,4394.777153155679,0
4.269,4259.609368229727,0
4.2700000000000005,4113.571790120904,0
4.271,3959.813901796982,0
4.272,3801.6517471831903,0
4.273,3642.4962570999687,0
4.274,3485.7792666563337,0
4.275,3334.8796152777923,0
4.276,3193.0502116832467,0
4.277,3063.34663033057,0
4.2780000000000005,2948.5616173141707,0
4.279,2851.165467430152,0
4.28,2773.2519762501724,0
4.281,2716.493030795884,0
4.282,2682.10221831285,0
4.283,2670.8094382002073,0
4.284,2682.844609063293,0
4.285,2713.3793775663007,1
4.2860000000000005,2764.7538054036936,0
4.287,2837.2715452484254,0
4.288,2929.397875168893,0
4.289,3039.1771497405325,0
4.29,3164.274337585006,0
4.291,3302.0249213585835,0
4.292,3449.491931632795,0
4.293,3603.528792491212,0
4.2940000000000005,3760.846618806659,0
4.295,3918.084694093828,0
4.296,4071.882378610305,0
4.297,4218.950672687639,0
4.298,4356.143330961173,0
4.299,4480.524100812534,0
4.3,4589.429819544129,0
4.301,4680.526281697321,0
4.3020000000000005,4751.8591144614875,0
4.303,4801.895548201158,0
4.304,4829.558497295996,0
4.305,4834.247385232483,0
4.306,4815.85311161452,0
4.307,4774.759324728713,0
4.308,4711.834823028138,0
4.309,4628.414935287122,0
4.3100000000000005,4526.273139739153,0
4.311,4407.583073492417,0
4.312,4274.872375288214,0
4.313,4130.96836897975,0
4.314,3978.937907368639,0
4.315,3822.0217506203785,0
4.316,3663.5653547537354,0
4.317,3506.947373076996,0
4.3180000000000005,3355.5072111168793,0
4.319,3212.4745949700873,0
4.32,3080.8989037951596,0
4.321,2963.5846834335316,0
4.322,2863.033216966622,0
4.323,2781.3858613915877,0
4.324,2720.3817680795623,0
4.325,2681.3184361957533,0
4.3260000000000005,2665.0245690865504,0
4.327,2671.84249024365,0
4.328,2700.761232280425,1
4.329,2751.299589875184,0
4.33,2822.908300690828,0
4.331,2914.072639358089,0
4.332,3022.8650949078806,0
4.333,3146.9855716198053,0
4.3340000000000005,3283.8102565507565,0
4.335,3430.447117007738,0
4.336,3583.796820979265,0
4.337,3740.6183316705665,0
4.338,3897.5973471652333,0
4.339,4051.416324805642,0
4.34,4198.824347595392,0
4.341,4336.705723339007,0
4.3420000000000005,4462.1477870653725,0
4.343,4572.498743419373,0
4.344,4665.426014540596,0
4.345,4738.965979502409,0
4.346,4791.563866887427,0
4.347,4822.107604125352,0
4.348,4829.95109063579,0
4.349,4814.927665262071,0
4.3500000000000005,4777.353924873113,0
4.351,4718.022689579471,0
4.352,4638.186596146383,0
4.353,4539.531454337446,0
4.354,4424.140637750874,0
4.355,4294.451112879092,0
4.356,4153.201996988001,0
4.357,4003.376637240457,0
4.358,3848.139620531473,0
4.359,3690.7699258854454,0
4.36,3534.5916177222434,0
4.361,3382.903725566856,0
4.362,3238.9108383813955,0
4.363,3105.6556157046093,0
4.364,2985.950818045908,0
4.365,2882.326057275449,0
4.366,2796.970752557593,0
4.367,2731.68866739156,0
4.368,2687.859221371473,0
4.369,2666.4087660190407,0
4.37,2667.7909936620335,0
4.371,2691.9776360728965,0
4.372,2725.659444971286,1
4.373,2780.746006286166,0
4.374,2856.2694171531166,0
4.375,2950.724156739253,0
4.376,3062.204505291039,0
4.377,3188.4439994590057,0
4.378,3326.862675244897,0
4.3790000000000004,3474.620521140233,0
4.38,3628.6767624748754,0
4.381,3785.853139863053,0
4.382,3942.900091929026,0
4.383,4096.564929895161,0
4.384,4243.658983043027,0
4.385,4381.125342033906,0
4.386,4506.101513834757,0
4.3870000000000005,4615.981102245134,0
4.388,4708.466474074963,0
4.389,4781.61726646207,0
4.39,4833.891876830359,0
4.391,4864.179708526299,0
4.392,4871.824550157244,0
4.393,4856.6385436477585,0
4.394,4818.906551561077,0
4.3950000000000005,4759.38050082561,0
4.396,4679.264295617151,0
4.397,4580.188864836909,0
4.398,4464.178769929161,0
4.399,4333.610151392967,0
4.4,4191.161694497011,0
4.401,4039.759291512079,0
4.402,3882.51507133119,0
4.4030000000000005,3722.6631111849088,0
4.404,3563.492350523721,0
4.405,3408.2781928760205,0
4.406,3260.2147362210953,0
4.407,3122.348671484501,0
4.408,2997.5153451764813,0
4.409,2888.278591615869,0
4.41,2796.8814436939165,0
4.4110000000000005,2725.1965719359555,0
4.412,2674.687831670838,0
4.413,2646.380191710501,0
4.414,2640.838365051626,0
4.415,2658.1550491662692,0
4.416,2691.0297565158244,1
4.417,2744.2883276952625,0
4.418,2818.12576911045,0
4.4190000000000005,2911.052213562144,0
4.42,3021.184229267636,0
4.421,3146.2833604050793,0
4.422,3283.80206259381,0
4.423,3430.9358768619986,0
4.424,3584.6810963206053,0
4.425,3741.8963610023948,0
4.426,3899.3672608782795,0
4.4270000000000005,4053.8723088238835,0
4.428,4202.2489776596885,0
4.429,4341.45896895213,0
4.43,4468.650515390776,0
4.431,4581.218168854611,0
4.432,4676.8542186223785,0
4.433,4753.597377506951,0
4.434,4809.872998680414,0
4.4350000000000005,4844.525811897313,0
4.436,4856.843604218444,0
4.437,4846.5716420579865,0
4.438,4813.918375649983,0
4.439,4759.550854607715,0
4.44,4684.581361832806,0
4.441,4590.544649256081,0
4.442,4479.366426804912,0
4.4430000000000005,4353.3237974233425,0
4.444,4214.998698856858,0
4.445,4067.2248286197228,0
4.446,3913.029470146264,0
4.447,3755.571394513949,0
4.448,3598.0759952436015,0
4.449,3443.76910736372,0
4.45,3295.8107711446487,0
4.4510000000000005,3157.23071368162,0
4.452,3030.8657385896777,0
4.453,2919.2994759960616,0
4.454,2824.8141144139986,0
4.455,2749.339899953864,0
4.456,2694.416536713226,0
4.457,2661.1612707691556,0
4.458,2650.2465852007326,0
4.4590000000000005,2661.8858740168344,0
4.46,2693.3928878284105,1
4.461,2745.3100811028175,0
4.462,2817.648403194038,0
4.463,2908.9454886673693,0
4.464,3017.353354582282,0
4.465,3140.6759660567322,0
4.466,3276.4138506878508,0
4.4670000000000005,3421.8148421933965,0
4.468,3573.9299008365965,0
4.469,3729.673008081153,0
4.47,3885.8837457675436,0
4.471,4039.39163964504,0
4.472,4187.080122762595,0
4.473,4325.949686073543,0
4.474,4453.180486663522,0
4.4750000000000005,4566.187503513245,0
4.476,4662.673919723409,0
4.477,4740.677294207727,0
4.478,4798.609913051793,0
4.479,4835.291158153355,0
4.48,4849.971187561081,0
4.481,4842.346173613188,0
4.482,4812.564955896918,0
4.483,4761.2255735166555,0
4.484,4689.363315548673,0
4.485,4598.430138269959,0
4.486,4490.2645136112105,0
4.487,4367.054849741375,0
4.488,4231.294876751836,0
4.489,4085.7331197630756,0
4.49,3933.3170456097123,0
4.491,3777.1334833191727,0
4.492,3620.3459375046027,0
4.493,3466.1304158777425,0
4.494,3317.6110938515917,0
4.495,3177.7970018586657,0
4.496,3049.5204511291868,0
4.497,2935.380925629423,0
4.498,2837.690117669937,0
4.499,2758.427539986682,0
4.5,2699.198776681179,0
4.501,2661.203721594907,0
4.502,2645.2108282699483,0
4.503,2651.5435567912314,0
4.5040000000000004,2680.07241264608,0
4.505,2715.2359200688447,1
4.506,2771.998097355675,0
4.507,2848.555564081398,0
4.508,2943.451563397751,0
4.509,3054.856547648379,0
4.51,3180.6045760723177,0
4.511,3318.236370133462,0
4.5120000000000005,3465.048375164216,0
4.513,3618.146810949703,0
4.514,3774.5056099131675,0
4.515,3931.026847884628,0
4.516,4084.6028102003415,0
4.517,4232.17834563674,0
4.518,4370.811645556176,0
4.519,4497.733283290791,0
4.5200000000000005,4610.406734293691,0
4.521,4706.5696126464745,0
4.522,4784.286560598922,0
4.523,4841.986370089035,0
4.524,4878.493794206908,0
4.525,4893.05326478622,0
4.526,4885.344531070468,0
4.527,4855.489403772443,0
4.5280000000000005,4804.049702737795,0
4.529,4732.0164541419745,0
4.53,4640.790403883138,0
4.531,4532.154462250894,0
4.532,4408.238394236455,0
4.533,4271.476583029875,0
4.534,4124.5597613470645,0
4.535,3970.381501403535,0
4.5360000000000005,3811.9806396208032,0
4.537,3652.4809472228967,0
4.538,3495.0286795758425,0
4.539,3342.7302992830314,0
4.54,3198.5907153198937,0
4.541,3065.4536291557133,0
4.542,2945.941282101159,0
4.543,2842.4079259288847,0
4.5440000000000005,2756.890447106929,0
4.545,2691.0669600621077,0
4.546,2646.224103934802,0
4.547,2623.23127797914,0
4.548,2622.5232895159606,0
4.549,2644.091984606468,0
4.55,2679.061593192899,1
4.551,2734.058347844814,0
4.5520000000000005,2809.0008486527695,0
4.553,2902.4464441672235,0
4.554,3012.586016110382,0
4.555,3137.2793656299514,0
4.556,3274.097504721525,0
4.557,3420.3702483429843,0
4.558,3573.238834023022,0
4.559,3729.712187816231,0
4.5600000000000005,3886.7258415434076,0
4.561,4041.2023999224284,0
4.562,4190.112087579969,0
4.563,4330.532033117584,0
4.564,4459.70519342805,0
4.565,4575.094534993243,0
4.566,4674.431675935186,0
4.567,4755.762777765571,0
4.5680000000000005,4817.486816096129,0
4.569,4858.387556280868,0
4.57,4877.657581296207,0
4.571,4874.914077509107,0
4.572,4850.2067801211415,0
4.573,4804.016889412967,0
4.574,4737.247856250262,0
4.575,4651.207369776692,0
4.5760000000000005,4547.582288177107,0
4.577,4428.405021717084,0
4.578,4296.013600985494,0
4.579,4153.0059365843235,0
4.58,4002.1885417793005,0
4.581,3846.5213375976905,0
4.582,3689.059414188399,0
4.583,3532.8928720125728,0
4.5840000000000005,3381.086056517088,0
4.585,3236.6170934580186,0
4.586,3102.320558121612,0
4.587,2980.8276849952435,0
4.588,2874.5196907520485,0
4.589,2785.4775056288177,0
4.59,2715.442716718899,0
4.591,2665.782106123298,0
4.5920000000000005,2637.4611119214487,0
4.593,2631.0248352053,0
4.594,2646.5874944596408,0
4.595,2680.438887800997,1
4.596,2733.9271238036276,0
4.597,2807.219610915816,0
4.598,2898.9006597482207,0
4.599,3007.1958664597696,0
4.6000000000000005,3130.0065386121732,0
4.601,3264.9504971117763,0
4.602,3409.4083373017515,0
4.603,3560.5745691290426,0
4.604,3715.512041136378,0
4.605,3871.20920570718,0
4.606,4024.6386688171146,0
4.607,4172.816098391861,0
4.6080000000000005,4312.858223268563,0
4.609,4442.038735279228,0
4.61,4557.843297060815,0
4.611,4658.016759912806,0
4.612,4740.605517465247,0
4.613,4803.998402217208,0
4.614,4846.956941832685,0
4.615,4868.639631608437,0
4.616,4868.618530959246,0
4.617,4846.8872105627825,0
4.618,4803.8614273663525,0
4.619,4740.370638925322,0
4.62,4657.642462425395,0
4.621,4557.2784616363915,0
4.622,4441.223197681161,0
4.623,4311.7264180798375,0
4.624,4171.299400700019,0
4.625,4022.6661745902798,0
4.626,3868.710474538888,0
4.627,3712.4197847362966,0
4.628,3556.827249377202,0
4.6290000000000004,3404.952730880297,0
4.63,3259.744005088245,0
4.631,3124.0200747009058,0
4.632,3000.4143913335574,0
4.633,2891.3267586539823,0
4.634,2798.8736434750954,0
4.635,2724.8492186370295,0
4.636,2670.6893820530377,0
4.6370000000000005,2637.443881066551,0
4.638,2625.7563337082365,0
4.639,2635.8513538232196,0
4.64,2667.530328049512,0
4.641,2704.3864320200473,1
4.642,2762.6703280097654,0
4.643,2840.1192099483883,0
4.644,2935.3236317170654,0
4.6450000000000005,3046.5277404131834,0
4.646,3171.6627154152543,0
4.647,3308.386433405426,0
4.648,3454.1278959096476,0
4.649,3606.1368857441307,0
4.65,3761.536218016589,0
4.651,3917.3771448380717,0
4.652,4070.695959111177,0
4.6530000000000005,4218.570860688367,0
4.654,4358.177598777831,0
4.655,4486.84561064409,0
4.656,4602.107467343692,0
4.657,4701.7478199682955,0
4.658,4783.8445457199505,0
4.659,4846.807349063531,0
4.66,4889.4082918889635,0
4.6610000000000005,4910.805451321316,0
4.662,4910.559697859868,0
4.663,4888.643109894758,0
4.664,4845.4403975160885,0
4.665,4781.741573821835,0
4.666,4698.727319387844,0
4.667,4597.946889307137,0
4.668,4481.288558568924,0
4.6690000000000005,4350.943954469503,0
4.67,4209.366381708012,0
4.671,4059.224186046122,0
4.672,3903.3500029493325,0
4.673,3744.6865482006688,0
4.674,3586.2308542788314,0
4.675,3430.9768151806948,0
4.676,3281.858417196102,0
4.6770000000000005,3141.693306096543,0
4.678,3013.1310726560896,0
4.679,2898.596132389962,0
4.68,2800.2501276860703,0
4.681,2719.9456643456124,0
4.682,2659.19198910292,0
4.683,2619.126041274717,0
4.684,2600.490616122517,0
4.6850000000000005,2603.620497045809,0
4.686,2628.435903488569,0
4.687,2665.6200243114636,1
4.688,2722.373071262695,0
4.689,2798.44816250835,0
4.69,2892.447077944755,0
4.691,3002.6312725425178,0
4.692,3126.95471183286,0
4.6930000000000005,3263.102245499395,0
4.694,3408.5331923585713,0
4.695,3560.529230244,0
4.696,3716.245611525796,0
4.697,3872.7648546530418,0
4.698,4027.1517258271715,0
4.699,4176.508769056527,0
4.7,4318.030434170958,0
4.7010000000000005,4449.057234900244,0
4.702,4567.125833431262,0
4.703,4670.0140398518815,0
4.704,4755.784321293487,0
4.705,4822.820087167224,0
4.706,4869.856436766203,0
4.707,4896.003891360324,0
4.708,4900.765602503641,0
4.7090000000000005,4884.046663873625,0
4.71,4846.156063980072,0
4.711,4787.801090198549,0
4.712,4710.0738468363725,0
4.713,4614.431075897197,0
4.714,4502.666600773269,0
4.715,4376.877731450576,0
4.716,4239.425629875215,0
4.7170000000000005,4092.8910302380923,0
4.718,3940.0255020374584,0
4.719,3783.699664133094,0
4.72,3626.8491247259735,0
4.721,3472.4191065082564,0
4.722,3323.309121226315,0
4.723,3182.3184555522594,0
4.724,3052.0926360361464,0
4.7250000000000005,2935.0740524851885,0
4.726,2833.4557002445827,0
4.727,2749.141147433209,0
4.728,2683.7070673314147,0
4.729,2638.374210127491,0
4.73,2613.9842211309633,0
4.731,2610.9840235014335,0
4.732,2629.417214860081,0
4.7330000000000005,2665.401614721182,1
4.734,2720.427106784031,0
4.735,2794.6556085207276,0
4.736,2886.71566226377,0
4.737,2994.9027852120794,0
4.738,3117.211175435982,0
4.739,3251.3710602937235,0
4.74,3394.8909211881846,0
4.741,3545.103973368415,0
4.742,3699.2177266190643,0
4.743,3854.365978243098,0
4.744,4007.6623777746827,0
4.745,4156.253942550877,0
4.746,4297.373568123956,0
4.747,4428.394599880716,0
4.748,4546.874816947979,0
4.749,4650.606768383748,0
4.75,4737.655786657702,0
4.751,4806.397159447027,0
4.752,4855.54630199842,0
4.753,4884.183110937279,0
4.7540000000000004,4891.7686417652285,0
4.755,4878.155626849617,0
4.756,4843.590797501323,0
4.757,4788.710864755544,0
4.758,4714.530403702196,0
4.759,4622.423100966657,0
4.76,4514.096329796207,0
4.761,4391.559360164454,0
4.7620000000000005,4257.085962629523,0
4.763,4113.172197927348,0
4.764,3962.4899967464476,0
4.765,3807.8374093211064,0
4.766,3652.0866360865853,0
4.767,3498.1304766141484,0
4.768,3348.828654721295,0
4.769,3206.9554947409933,0
4.7700000000000005,3075.145565094398,0
4.771,2955.8465860584856,0
4.772,2851.2748966503186,0
4.773,2763.372857026415,0
4.774,2693.772574274062,0
4.775,2643.766066529381,0
4.776,2614.280872832882,0
4.777,2605.8627426932258,0
4.7780000000000005,2618.66610854548,0
4.779,2652.450455477789,0
4.78,2691.4819267131725,1
4.781,2751.25297465719,0
4.782,2829.5737943662725,0
4.783,2925.0792520744917,0
4.784,3036.083553107184,0
4.785,3160.610818511739,0
4.7860000000000005,3296.4311556784187,0
4.787,3441.1013413656988,0
4.788,3592.0096057908972,0
4.789,3746.4234926431127,0
4.79,3901.5400613797224,0
4.791,4054.537204125324,0
4.792,4202.625582834965,0
4.793,4343.099547890882,0
4.7940000000000005,4473.387469378849,0
4.795,4591.100601575873,0
4.796,4694.073893230432,0
4.797,4780.407165018136,0
4.798,4848.501820719176,0
4.799,4897.0886408722545,0
4.8,4925.252437858239,0
4.801,4932.4487133998755,0
4.8020000000000005,4918.514279137897,0
4.803,4883.670493710066,0
4.804,4828.519656845644,0
4.805,4754.034185947028,0
4.806,4661.539449520224,0
4.807,4552.689573818961,0
4.808,4429.437656280183,0
4.809,4294.000197733077,0
4.8100000000000005,4148.816866269854,0
4.811,3996.506098357858,0
4.812,3839.8174037647573,0
4.813,3681.581227182619,0
4.814,3524.657408984618,0
4.815,3371.882806784796,0
4.816,3226.0198742938474,0
4.817,3089.7063375398666,0
4.8180000000000005,2965.4065680681983,0
4.819,2855.364854198803,0
4.82,2761.56835082506,0
4.821,2685.708596856623,0
4.822,2629.150213649344,0
4.823,2592.9064575404063,0
4.824,2577.620770904454,0
4.825,2583.554817013307,0
4.8260000000000005,2610.5838784246025,0
4.827,2650.1503252811644,1
4.828,2708.619981943125,0
4.829,2785.8023834364603,0
4.83,2880.34099002,0
4.831,2990.564374776152,0
4.832,3114.5161779514174,0
4.833,3249.9903853396177,0
4.8340000000000005,3394.5707961506687,0
4.835,3545.674738447504,0
4.836,3700.5994555493385,0
4.837,3856.5708152516736,0
4.838,4010.7936292060276,0
4.839,4160.5014348230725,0
4.84,4303.006146272599,0
4.841,4435.749651310622,0
4.8420000000000005,4556.344896263583,0
4.843,4662.624605026817,0
4.844,4752.675072173053,0
4.845,4824.87404425342,0
4.846,4877.9197512490855,0
4.847,4910.853806108766,0
4.848,4923.07886810659,0
4.849,4914.369976277594,0
4.8500000000000005,4884.878054228902,0
4.851,4835.127670453264,0
4.852,4766.007600084535,0
4.853,4678.75500572487,0
4.854,4574.933205929601,0
4.855,4456.4035819632545,0
4.856,4325.292135177075,0
4.857,4183.951153638938,0
4.8580000000000005,4034.91701483754,0
4.859,3880.8644369267045,0
4.86,3724.5583813204894,0
4.861,3568.8042101460164,0
4.862,3416.397232851933,0
4.863,3270.0722501555256,0
4.864,3132.455029866356,0
4.865,3006.0131332108,0
4.866,2893.0134831577766,0
4.867,2795.4797661404955,0
4.868,2715.158279357117,0
4.869,2653.484632155384,0
4.87,2611.5582975117086,0
4.871,2590.1230614122496,0
4.872,2589.553457836468,0
4.873,2609.8481898225446,0
4.874,2647.8231211647467,1
4.875,2704.35882209819,0
4.876,2779.513521483803,0
4.877,2871.9569806899954,0
4.878,2980.05073949424,0
4.8790000000000004,3101.8773117561136,0
4.88,3235.274254500546,0
4.881,3377.872677603707,0
4.882,3527.139295224505,0
4.883,3680.4215660731065,0
4.884,3834.9947983735715,0
4.885,3988.1107211102944,0
4.886,4137.046392499479,0
4.8870000000000005,4279.152551004132,0
4.888,4411.900400493007,0
4.889,4532.926583860413,0
4.89,4640.078856047029,0
4.891,4731.44779583532,0
4.892,4805.405067275648,0
4.893,4860.631760502829,0
4.894,4896.141737634574,0
4.8950000000000005,4911.299255758704,0
4.896,4905.830181933969,0
4.897,4879.826920619954,0
4.898,4833.747091863678,0
4.899,4768.404770839348,0
4.9,4684.956917494688,0
4.901,4584.882236731108,0
4.902,4469.955197049902,0
4.9030000000000005,4342.2143264836495,0
4.904,4203.926373704655,0
4.905,4057.545105427164,0
4.906,3905.668989161562,0
4.907,3750.994131534203,0
4.908,3596.266625343895,0
4.909,3444.233656061384,0
4.91,3297.594854148643,0
4.9110000000000005,3158.954073993791,0
4.912,3030.7753032812398,0
4.913,2915.3313161083342,0
4.914,2814.67274147985,0
4.915,2730.587944686348,0
4.916,2664.5693944673903,0
4.917,2617.7892889589007,0
4.918,2591.0777987133833,0
4.9190000000000005,2584.9084756418024,0
4.92,2599.3899686019995,0
4.921,2634.2637741117087,0
4.922,2675.9160900277334,1
4.923,2737.133365269101,0
4.924,2816.303737619848,0
4.925,2912.1037731244487,0
4.926,3022.913910216277,0
4.9270000000000005,3146.8463962591027,0
4.928,3281.7784534411103,0
4.929,3425.3891687227338,0
4.93,3575.200105423305,0
4.931,3728.6186446943075,0
4.932,3882.983460026009,0
4.933,4035.611106604703,0
4.934,4183.843136519289,0
4.9350000000000005,4325.092379524049,0
4.936,4456.889961833924,0
4.937,4576.925545125883,0
4.938,4683.092788514926,0
4.939,4773.521330772798,0
4.94,4846.613049722618,0
4.941,4901.069290823836,0
4.942,4935.914211531876,0
4.9430000000000005,4950.511993369874,0
4.944,4944.578301799475,0
4.945,4918.185769095405,0
4.946,4871.7629093832375,0
4.947,4806.0870632174,0
4.948,4722.270921952689,0
4.949,4621.743697767567,0
4.95,4506.226266118587,0
4.9510000000000005,4377.701405689582,0
4.952,4238.379340205485,0
4.953,4090.6594600423578,0
4.954,3937.088524865681,0
4.955,3780.316465405706,0
4.956,3623.04991356129,0
4.957,3468.005595092605,0
4.958,3317.862653762421,0
4.9590000000000005,3175.2161132982146,0
4.96,3042.5310914794345,0
4.961,2922.1008450678837,0
4.962,2816.0055993353494,0
4.963,2726.0771913304097,0
4.964,2653.86669185449,0
4.965,2600.6172618850737,0
4.966,2567.2426546921242,0
4.9670000000000005,2554.311002798731,0
4.968,2562.035009212501,0
4.969,2590.2681468798337,0
4.97,2632.289725416689,1
4.971,2692.4214059355636,0
4.972,2770.674276206623,0
4.973,2865.7305782042786,0
4.974,2975.9824832899662,0
4.9750000000000005,3099.558792128545,0
4.976,3234.357449221233,0
4.977,3378.081535105576,0
4.978,3528.2787679149446,0
4.979,3682.3835782903334,0
4.98,3837.7612458609324,0
4.981,3991.7531911467113,0
4.982,4141.722821896534,0
4.9830000000000005,4285.10073005563,0
4.984,4419.428847257084,0
4.985,4542.40155198151,0
4.986,4651.912222520323,0
4.987,4746.078488071873,0
4.988,4823.283199194112,0
4.989,4882.198035195101,0
4.99,4921.808541833838,0
4.9910000000000005,4941.431159672425,0
4.992,4940.724823851063,0
4.993,4919.697312617816,0
4.994,4878.704818339105,0
4.995,4818.446284836098,0
4.996,4739.951104650453,0
4.997,4644.5618606562475,0
4.998,4533.911116299994,0
4.999,4409.893493323835,0
5.0,4274.633059028788,0
5.001,4130.447012521681,0
5.002,3979.8057316104832,0
5.003,3825.2904210662095,0
5.0040000000000004,3669.54880464347,0
5.005,3515.249523818186,0
5.006,3365.0364740798445,0
5.007,3221.4829676153067,0
5.008,3087.048743600524,0
5.009,2964.0344213577237,0
5.01,2854.546666884653,0
5.011,2760.4583610392924,0
5.0120000000000005,2683.378053149638,0
5.013,2624.6217366023993,0
5.014,2585.19043009671,0
5.015,2565.752963014241,0
5.016,2566.6344509826986,0
5.017,2587.8108328467815,0
5.018,2627.4916111852817,1
5.019,2685.498726600602,0
5.0200000000000005,2761.560977682657,0
5.021,2854.3864006659323,0
5.022,2962.3985571309895,0
5.023,3083.7635005147927,0
5.024,3216.4207869729416,0
5.025,3358.1183825391145,0
5.026,3506.451173650543,0
5.027,3658.9012939816644,0
5.0280000000000005,3812.8811844199085,0
5.029,3965.7773482520606,0
5.03,4114.994619840018,0
5.031,4258.000381986587,0
5.032,4392.367150776648,0
5.033,4515.812781752266,0
5.034,4626.244508750668,0
5.035,4721.786223705892,0
5.0360000000000005,4800.8157507109,0
5.037,4861.990859084655,0
5.038,4904.271816582782,0
5.039,4926.939721496461,0
5.04,4929.608406630831,0
5.041,4912.230429398849,0
5.042,4875.09877679835,0
5.043,4818.841264316019,0
5.0440000000000005,4744.410141375656,0
5.045,4653.0658811099465,0
5.046,4546.355974387809,0
5.047,4426.088458222298,0
5.048,4294.301351142824,0
5.049,4153.228193049852,0
5.05,4005.2600535836036,0
5.051,3852.9050777692614,0
5.0520000000000005,3698.7459049441554,0
5.053,3545.39599290056,0
5.054,3395.4550594499106,0
5.055,3251.4653482127296,0
5.056,3115.868222513971,0
5.057,2990.963554688484,0
5.058,2878.8684359399426,0
5.059,2781.4843483045215,0
5.0600000000000005,2700.4631308363505,0
5.061,2637.179393184759,0
5.062,2592.7069222342307,0
5.063,2567.8009065531787,0
5.064,2562.884672938236,0
5.065,2578.042932517661,0
5.066,2613.0200273702076,0
5.067,2657.4986349249366,1
5.0680000000000005,2720.1091883730624,0
5.069,2800.0988226023137,0
5.07,2896.182673253571,0
5.071,3006.8031741212308,0
5.072,3130.1560401118572,0
5.073,3264.2201186268358,0
5.074,3406.7910242786475,0
5.075,3555.517932475762,0
5.0760000000000005,3707.9427192688963,0
5.077,3861.5410286284387,0
5.078,4013.764417659791,0
5.079,4162.08306105985,0
5.08,4304.027755156563,0
5.081,4437.231345346219,0
5.082,4559.469130101018,0
5.083,4668.695188713993,0
5.0840000000000005,4763.076881710477,0
5.085,4841.025586385946,0
5.086,4901.224373540326,0
5.087,4942.648908940806,0
5.088,4964.585630665753,0
5.089,4966.643603937911,0
5.09,4948.7615373156195,0
5.091,4911.208794860742,0
5.0920000000000005,4854.581532229385,0
5.093,4779.792752575398,0
5.094,4688.057594357516,0
5.095,4580.873132666013,0
5.096,4459.993799692054,0
5.097,4327.402409709359,0
5.098,4185.277207166171,0
5.099,4035.9559015628765,0
5.1000000000000005,3881.8968847658675,0
5.101,3725.638401457355,0
5.102,3569.756488442241,0
5.103,3416.822155275726,0
5.104,3269.3585164835763,0
5.105,3129.7996562555586,0
5.106,3000.449224597163,0
5.107,2883.4403740244024,0
5.1080000000000005,2780.7055546663023,0
5.109,2693.939232917606,0
5.11,2624.5723205704317,0
5.111,2573.7474548908904,0
5.112,2542.299916206395,0
5.113,2530.7440599903666,0
5.114,2539.2647561106055,0
5.115,2567.713643357424,0
5.1160000000000005,2611.959112833919,1
5.117,2673.6761227578045,0
5.118,2752.9445769686727,0
5.119,2848.4831055837703,0
5.12,2958.743076854784,0
5.121,3081.9338704343927,0
5.122,3216.0521863787203,0
5.123,3358.9147425731344,0
5.124,3508.1940148528693,0
5.125,3661.456257502621,0
5.126,3816.201521324249,0
5.127,3969.904384759561,0
5.128,4120.055448780379,0
5.1290000000000004,4264.202366028119,0
5.13,4399.990217067301,0
5.131,4525.198076712175,0
5.132,4637.78225507493,0
5.133,4735.900401004395,0
5.134,4817.9472219635345,0
5.135,4882.580057339196,0
5.136,4928.740783063493,0
5.1370000000000005,4955.6729469665825,0
5.138,4962.934248334722,0
5.139,4950.40402069675,0
5.14,4918.285183676742,0
5.141,4867.10081207425,0
5.142,4797.686231198639,0
5.143,4711.174321932972,0
5.144,4608.978051339427,0
5.1450000000000005,4492.766765037788,0
5.146,4364.439160418502,0
5.147,4226.092075652504,0
5.148,4079.986283084423,0
5.149,3928.5094438908864,0
5.15,3774.137059552908,0
5.151,3619.39197251868,0
5.152,3466.8028357496682,0
5.1530000000000005,3318.863321855494,0
5.154,3177.9906464643436,0
5.155,3046.486599125053,0
5.156,2926.4986049564577,0
5.157,2819.9863541281043,0
5.158,2728.6886057723846,0
5.159,2654.0949708792714,0
5.16,2597.4216088460107,0
5.1610000000000005,2559.5910410893016,0
5.162,2541.2173808172074,0
5.163,2542.59630683838,0
5.164,2563.6996944543243,0
5.165,2604.176961533056,0
5.166,2650.5369335259356,1
5.167,2715.6178821471385,0
5.168,2797.5755104118466,0
5.1690000000000005,2895.1444064949087,0
5.17,3006.802803581082,0
5.171,3130.79694425376,0
5.172,3265.1698399256898,0
5.173,3407.7916752603956,0
5.174,3556.3947927657305,0
5.175,3708.610092485658,0
5.176,3862.005155746419,0
5.1770000000000005,4014.123757805081,0
5.178,4162.525212375562,0
5.179,4304.824005850737,0
5.18,4438.72791976471,0
5.181,4562.076695962277,0
5.182,4672.875912515723,0
5.183,4769.328631666506,0
5.184,4849.866237393932,0
5.1850000000000005,4913.172873056035,0
5.186,4958.2069155520385,0
5.187,4984.21887860103,0
5.188,4990.763104530064,0
5.189,4977.705320928363,0
5.19,4945.225970265588,0
5.191,4893.816107486994,0
5.192,4824.270873032121,0
5.1930000000000005,4737.676629945881,0
5.194,4635.394045598763,0
5.195,4519.035995317208,0
5.196,4390.442165684282,0
5.197,4251.649591937882,0
5.198,4104.860091485814,0
5.199,3952.4050103249915,0
5.2,3796.7078725073975,0
5.2010000000000005,3640.2455313707874,0
5.202,3485.5084763707064,0
5.203,3334.9608669626623,0
5.204,3191.000906091562,0
5.205,3055.9231323535146,0
5.206,2931.8787018584903,0
5.207,2820.844793817644,0
5.208,2724.59079762315,0
5.2090000000000005,2644.6492303086097,0
5.21,2582.292533906537,0
5.211,2538.5116636233324,0
5.212,2514.000421237899,0
5.213,2509.1442883065956,0
5.214,2524.01386164423,0
5.215,2558.3641768765565,0
5.216,2605.9780279071238,1
5.2170000000000005,2670.6590581240207,0
5.218,2752.3567070655245,0
5.219,2849.8064581572135,0
5.22,2961.4927258390344,0
5.221,3085.674454255167,0
5.222,3220.409893390238,0
5.223,3363.5889841859785,0
5.224,3512.9662172719295,0
5.2250000000000005,3666.1961119970833,0
5.226,3820.8703068737136,0
5.227,3974.555677661102,0
5.228,4124.832690188328,0
5.229,4269.333912245076,0
5.23,4405.781014027387,0
5.231,4532.020105485863,0
5.232,4646.062334801507,0
5.2330000000000005,4746.10435785726,0
5.234,4830.564600424995,0
5.235,4898.106383938762,0
5.236,4947.659334458295,0
5.237,4978.4363642929875,0
5.238,4989.946138402356,0
5.239,4982.001034304834,0
5.24,4954.720138517099,0
5.2410000000000005,4908.527577868831,0
5.242,4844.145842264095,0
5.243,4762.584652837083,0
5.244,4665.1246001944155,0
5.245,4553.297583506057,0
5.246,4428.8622207305,0
5.247,4293.7763562660075,0
5.248,4150.166064996253,0
5.249,4000.2921542844365,0
5.25,3846.5144519263104,0
5.251,3691.2545316332908,0
5.252,3536.9575419833354,0
5.253,3386.053378008259,0
5.2540000000000004,3240.918552259178,0
5.255,3103.8387529580345,0
5.256,2976.9721598635597,0
5.257,2862.315226274418,0
5.258,2761.6722054283546,0
5.259,2676.626099128219,0
5.26,2608.5134119107765,0
5.261,2558.4030613303503,0
5.2620000000000005,2527.0798056730955,0
5.263,2515.0313073740413,0
5.264,2522.441157016478,0
5.265,2549.1853593546875,0
5.266,2594.0116726874558,1
5.267,2656.3554617222017,0
5.268,2735.714871765961,0
5.269,2830.8479537237395,0
5.2700000000000005,2940.2673476534974,0
5.271,3062.2635967626866,0
5.272,3194.9317664696487,0
5.273,3336.2010918414303,0
5.274,3483.8672630580613,0
5.275,3635.626760149479,0
5.276,3789.11269755923,0
5.277,3941.93176553623,0
5.2780000000000005,4091.7013524855047,0
5.279,4236.086623725065,0
5.28,4372.8370644248935,0
5.281,4499.820521489144,0
5.282,4615.060101297986,0
5.283,4716.7594098547615,0
5.284,4803.333743349333,0
5.285,4873.434400690148,0
5.2860000000000005,4925.969489787196,0
5.287,4960.120929646773,0
5.288,4975.356964129902,0
5.289,4971.440797595648,0
5.29,4948.433847613772,0
5.291,4906.695016395908,0
5.292,4846.875152603139,0
5.293,4769.906648958512,0
5.2940000000000005,4676.9890192558605,0
5.295,4569.570363102953,0
5.296,4449.324539618478,0
5.297,4318.125230091688,0
5.298,4178.0168112210795,0
5.299,4031.1823482693294,0
5.3,3879.909723132963,0
5.301,3726.556006055274,0
5.3020000000000005,3573.510582303009,0
5.303,3423.158190506467,0
5.304,3277.8415404364587,0
5.305,3139.825271648942,0
5.306,3011.2610928958666,0
5.307,2894.153148169308,0
5.308,2790.3223938433257,0
5.309,2701.3899926872928,0
5.3100000000000005,2628.7425432803816,0
5.311,2573.5130176515377,0
5.312,2536.563185228365,0
5.313,2518.470188807552,0
5.314,2519.5175658248736,0
5.315,2539.690878094745,0
5.316,2578.6775417075223,0
5.317,2628.59573429387,1
5.3180000000000005,2695.202509125992,0
5.319,2778.1331077677005,0
5.32,2876.1549009781343,0
5.321,2987.8010332504055,0
5.322,3111.3928002801276,0
5.323,3245.0652199594056,0
5.324,3386.795548695667,0
5.325,3534.4341300903725,0
5.3260000000000005,3685.7376008288297,0
5.327,3838.402784385107,0
5.328,3990.102333849467,0
5.329,4138.520228658472,0
5.33,4281.387398362475,0
5.331,4416.516117728331,0
5.332,4541.834129456114,0
5.333,4655.418271964323,0
5.3340000000000005,4755.519905099048,0
5.335,4840.594540045451,0
5.336,4909.325510125229,0
5.337,4960.64405654229,0
5.338,4993.745751582302,0
5.339,5008.103181277952,0
5.34,5003.47417106803,0
5.341,4979.905891070436,0
5.3420000000000005,4937.733739418331,0
5.343,4877.57748035447,0
5.344,4800.330789883988,0
5.345,4707.148864846296,0
5.346,4599.430192021966,0
5.347,4478.795845499032,0
5.348,4347.064559332779,0
5.349,4206.225365236509,0
5.3500000000000005,4058.4071658171133,0
5.351,3905.8464025339417,0
5.352,3750.8530365840807,0
5.353,3595.7752500503416,0
5.354,3442.963771125133,0
5.355,3294.736030535053,0
5.356,3153.341047060874,0
5.357,3020.9242679507993,0
5.3580000000000005,2899.496362254059,0
5.359,2790.899247547027,0
5.36,2696.782907518712,0
5.361,2618.576927711093,0
5.362,2557.4679557352747,0
5.363,2514.3844131587693,0
5.364,2489.9801848473003,0
5.365,2484.625096545512,0
5.3660000000000005,2498.399291975975,0
5.367,2531.091872918539,0
5.368,2580.5034931169757,1
5.369,2646.6313483333533,0
5.37,2729.2531714124552,0
5.371,2827.1356448925176,0
5.372,2938.8161988505526,0
5.373,3062.625081208227,0
5.3740000000000006,3196.7103284744026,0
5.375,3339.0655118380146,0
5.376,3487.5598310721853,0
5.377,3639.970056216796,0
5.378,3794.0138373412256,0
5.3790000000000004,3947.3840365486226,0
5.38,4097.783097044645,0
5.381,4242.957989780359,0
5.382,4380.7328183974,0
5.383,4509.043476604097,0
5.384,4625.966755773576,0
5.385,4729.751313672881,0
5.386,4818.841082107303,0
5.3870000000000005,4891.900309400056,0
5.388,4947.833636015391,0
5.389,4985.802526754625,0
5.39,5005.237486462129,0
5.391,5005.846936795957,0
5.392,4987.621380463211,0
5.393,4950.833884164066,0
5.394,4896.035615270754,0
5.3950000000000005,4824.047736347152,0
5.396,4735.949280221887,0
5.397,4633.060753109418,0
5.398,4516.92446215116,0
5.399,4389.2812478708565,0
5.4,4252.044578867016,0
5.401,4107.271654586806,0
5.402,3957.1328160781527,0
5.4030000000000005,3803.878563975628,0
5.404,3649.80632490939,0
5.405,3497.2256281341856,0
5.406,3348.423682656173,0
5.407,3205.630897416009,0
5.408,3070.9880770553204,0
5.409,2946.51307657697,0
5.41,2834.069814660545,0
5.4110000000000005,2735.3442785177845,0
5.412,2651.8152052341484,0
5.413,2584.73401476749,0
5.414,2535.1047816510672,0
5.415,2503.6701589226113,0
5.416,2490.899760350013,0
5.417,2496.983168393904,0
5.418,2521.827184848765,0
5.4190000000000005,2565.0573230611208,0
5.42,2617.8401559375575,1
5.421,2687.120314338291,0
5.422,2772.240214036321,0
5.423,2871.9816730065436,0
5.424,2984.9075327940704,0
5.425,3109.383044068552,0
5.426,3243.599716434335,0
5.4270000000000005,3385.6019476676684,0
5.428,3533.315842498325,0
5.429,3684.5798073491696,0
5.43,3837.1764129563753,0
5.431,3988.865206642279,0
5.432,4137.415674013284,0
5.433,4280.640432056688,0
5.434,4416.427335218975,0
5.4350000000000005,4542.770902763866,0
5.436,4657.801298326542,0
5.437,4759.814783448153,0
5.438,4847.295192781822,0
5.439,4918.938578740268,0
5.44,4973.672433414047,0
5.441,5010.6717281459,0
5.442,5029.370959354062,0
5.4430000000000005,5029.472906512319,0
5.444,5010.952972234969,0
5.445,4974.060886680925,0
5.446,4919.315208027193,0
5.447,4847.497695955096,0
5.448,4759.641156942793,0
5.449,4657.01461231691,0
5.45,4541.104853047161,0
5.4510000000000005,4413.594610147102,0
5.452,4276.337942090865,0
5.453,4131.333218989282,0
5.454,3980.693660869274,0
5.455,3826.616424021393,0
5.456,3671.350359742906,0
5.457,3517.162929976408,0
5.458,3366.3070292261923,0
5.4590000000000005,3220.9877073349435,0
5.46,3083.3302685866083,0
5.461,2955.349861495146,0
5.462,2838.915567269735,0
5.463,2735.731806893166,0
5.464,2647.3097789110006,0
5.465,2574.9436968711993,0
5.466,2519.6929428008016,0
5.4670000000000005,2482.366146526506,0
5.468,2463.509374212203,0
5.469,2463.398331594164,0
5.47,2482.033582987896,0
5.471,2519.1411204482265,0
5.472,2572.049066784067,1
5.473,2641.0875293377585,0
5.474,2726.106313178709,0
5.4750000000000005,2825.8858402005662,0
5.476,2938.9926462141602,0
5.477,3063.800346357503,0
5.478,3198.5129674944255,0
5.479,3341.190883950006,0
5.48,3489.778806792538,0
5.481,3642.135453627483,0
5.482,3796.0645358066004,0
5.4830000000000005,3949.346433432662,0
5.484,4099.770332557399,0
5.485,4245.165937765092,0
5.486,4383.434821793292,0
5.487,4512.581889804736,0
5.488,4630.7423793262,0
5.489,4736.2094492855,0
5.49,4827.460897727482,0
5.4910000000000005,4903.17765175525,0
5.492,4962.265292462161,0
5.493,5003.869101144144,0
5.494,5027.386884105777,0
5.495,5032.477110432701,0
5.496,5019.064358830998,0
5.497,4987.340151780422,0
5.498,4937.760363671732,0
5.4990000000000006,4871.038656245007,0
5.5,4788.136234249723,0
5.501,4690.247845401515,0
5.502,4578.7846385985995,0
5.503,4455.353917381689,0
5.5040000000000004,4321.735640081716,0
5.505,4179.857070818251,0
5.506,4031.764727434368,0
5.507,3879.594941882526,0
5.508,3725.542959841303,0
5.509,3571.8312537263655,0
5.51,3420.6773896118652,0
5.511,3274.2622643263735,0
5.5120000000000005,3134.698491508594,0
5.513,3003.998993295939,0
5.514,2884.0493859835974,0
5.515,2776.580265394625,0
5.516,2683.1409192673964,0
5.517,2605.0793188192383,0
5.518,2543.52094557288,0
5.519,2499.3528794837302,0
5.5200000000000005,2473.210955598045,0
5.521,2465.4709216811198,0
5.522,2476.242801317583,0
5.523,2505.3690051505537,0
5.524,2552.427201937013,0
5.525,2608.477449270244,1
5.526,2680.6331233595247,0
5.527,2768.123424500578,0
5.5280000000000005,2869.743128448993,0
5.529,2984.083373401519,0
5.53,3109.5515445574315,0
5.531,3244.3940103732207,0
5.532,3386.720493800123,0
5.533,3534.531173885861,0
5.534,3685.745024090911,0
5.535,3838.2293133271487,0
5.5360000000000005,3989.8299639320594,0
5.537,4138.402133831109,0
5.538,4281.840819266287,0
5.539,4418.109786316824,0
5.54,4545.272675795824,0
5.541,4661.521570316772,0
5.542,4765.1971629699765,0
5.543,4854.817168627473,0
5.5440000000000005,4929.096717825192,0
5.545,4986.96629862927,0
5.546,5027.5873672009675,0
5.547,5050.364503429958,0
5.548,5054.9537599282285,0
5.549,5041.268055349251,0
5.55,5009.478305241619,0
5.551,4960.011589662838,0
5.5520000000000005,4893.545023851006,0
5.553,4810.996502755875,0
5.554,4713.511834383356,0
5.555,4602.448623433747,0
5.556,4479.357354005249,0
5.557,4345.959301206869,0
5.558,4204.122630750671,0
5.559,4055.8358155987908,0
5.5600000000000005,3903.1796352927154,0
5.561,3748.297818747235,0
5.562,3593.3668477494257,0
5.563,3440.5648552330035,0
5.564,3292.0413132384924,0
5.565,3149.8867930939227,0
5.566,3016.1013885214056,0
5.567,2892.571321563548,0
5.5680000000000005,2781.0336758891826,0
5.569,2683.060886813437,0
5.57,2600.0342732383488,0
5.571,2533.123782961093,0
5.572,2483.272971130593,0
5.573,2451.1847095251514,0
5.574,2437.3115150215617,0
5.575,2441.848989973545,0
5.5760000000000005,2464.7331873854837,0
5.577,2505.640922074967,0
5.578,2561.973572450287,1
5.579,2633.9716157560965,0
5.58,2721.44544452125,0
5.581,2823.18733054158,0
5.582,2937.790853473729,0
5.583,3063.67040939834,0
5.5840000000000005,3199.0832049817695,0
5.585,3342.1534420315143,0
5.586,3490.898387993134,0
5.587,3643.2559276619922,0
5.588,3797.1132362415865,0
5.589,3950.3360433539447,0
5.59,4100.798272704747,0
5.591,4246.411817681,0
5.5920000000000005,4385.155203643564,0
5.593,4515.099672540012,0
5.594,4634.443931557096,0
5.595,4741.5292510017,0
5.596,4834.868814627516,0
5.597,4913.164183769287,0
5.598,4975.326422240409,0
5.599,5020.49076703762,0
5.6000000000000005,5048.027927629193,0
5.601,5057.553593915719,0
5.602,5048.933293300954,0
5.603,5022.284501793292,0
5.604,4977.974887914104,0
5.605,4916.617479450511,0
5.606,4839.061962744523,0
5.607,4746.383018055922,0
5.6080000000000005,4639.8658122219895,0
5.609,4520.986393406171,0
5.61,4391.393914563193,0
5.611,4252.885882033191,0
5.612,4107.3837188729685,0
5.613,3956.906083510504,0
5.614,3803.5407486330487,0
5.615,3649.415704873648,0
5.6160000000000005,3496.66960209673,0
5.617,3347.4220224891446,0
5.618,3203.7440602411834,0
5.619,3067.629404606927,0
5.62,2940.9668523097516,0
5.621,2825.5148504078397,0
5.622,2722.8740656890213,0
5.623,2634.468479527879,0
5.6240000000000006,2561.5249619483134,0
5.625,2505.055241455502,0
5.626,2465.8421348323186,0
5.627,2444.429181493514,0
5.628,2441.111960618223,0
5.6290000000000004,2455.9355544955606,0
5.63,2488.6925878863767,0
5.631,2538.9269030551823,0
5.632,2598.4514069907327,1
5.633,2673.474725810421,0
5.634,2763.332227470665,0
5.635,2866.830542902744,0
5.636,2982.5875298584388,0
5.6370000000000005,3109.050868895767,0
5.638,3244.519330764082,0
5.639,3387.1657176289727,0
5.64,3535.061930036267,0
5.641,3686.205131790439,0
5.642,3838.5453156894464,0
5.643,3990.013037342987,0
5.644,4138.5478205273475,0
5.6450000000000005,4282.126292364014,0
5.646,4418.78979848797,0
5.647,4546.66935648257,0
5.648,4664.0191518964575,0
5.649,4769.230192301127,0
5.65,4860.856157980649,0
5.651,4937.635596544318,0
5.652,4998.506906968498,0
5.6530000000000005,5042.62392483811,0
5.654,5069.367237686998,0
5.655,5078.353328762044,0
5.656,5069.439430586236,0
5.657,5042.725924311206,0
5.658,4998.555115179618,0
5.659,4937.506700575095,0
5.66,4860.390162779484,0
5.6610000000000005,4768.233927159626,0
5.662,4662.271351115139,0
5.663,4543.924234676695,0
5.664,4414.783653233183,0
5.665,4276.587975667445,0
5.666,4131.1999725298565,0
5.667,3980.581157461859,0
5.668,3826.7651495492073,0
5.6690000000000005,3671.830170915079,0
5.67,3517.870879310189,0
5.671,3366.969810492082,0
5.672,3221.1690615752514,0
5.673,3082.442319421517,0
5.674,2952.6699998123204,0
5.675,2833.608225897513,0
5.676,2726.870399321841,0
5.6770000000000005,2633.9043849200843,0
5.678,2555.971138269393,0
5.679,2494.127889061648,0
5.68,2449.214240832656,0
5.681,2421.840030890873,0
5.682,2412.377869837644,0
5.683,2420.957206940415,0
5.684,2447.46289357463,0
5.6850000000000005,2491.53667348571,0
5.686,2551.1705808253246,1
5.687,2626.1224834261566,0
5.688,2716.0507241486603,0
5.689,2819.758139291296,0
5.69,2935.863299648603,0
5.691,3062.8196862866293,0
5.692,3198.935681997279,0
5.6930000000000005,3342.396648700528,0
5.694,3491.289971910207,0
5.695,3643.6302889610997,0
5.696,3797.385934619329,0
5.697,3950.5063256585327,0
5.698,4100.948892589647,0
5.699,4246.706586152301,0
5.7,4385.834295367502,0
5.7010000000000005,4516.474252954426,0
5.702,4636.885161168504,0
5.703,4745.460880091396,0
5.704,4840.750953708006,0
5.705,4921.48304205055,0
5.706,4986.578877359626,0
5.707,5035.168969540397,0
5.708,5066.603940843718,0
5.7090000000000005,5080.463104465723,0
5.71,5076.560293504978,0
5.711,5054.946383850624,0
5.712,5015.908441031478,0
5.713,4959.9659852997975,0
5.714,4887.864125738073,0
5.715,4800.563651193528,0
5.716,4699.228053653312,0
5.7170000000000005,4585.208163843596,0
5.718,4460.024118605267,0
5.719,4325.345020667703,0
5.72,4182.96673875992,0
5.721,4034.787915570824,0
5.722,3882.784602077776,0
5.723,3728.984052736198,0
5.724,3575.43735438687,0
5.7250000000000005,3424.19240457822,0
5.726,3277.266545043386,0
5.727,3136.6193375232897,0
5.728,3004.126667239509,0
5.729,2881.556836572913,0
5.73,2770.5424813829427,0
5.731,2672.565349843876,0
5.732,2588.9323996791445,0
5.7330000000000005,2520.7587517279417,0
5.734,2468.9537351054687,0
5.735,2434.2081133921865,0
5.736,2416.9850897194774,0
5.737,2417.514082802847,0
5.738,2435.7877136845527,0
5.739,2471.5617729757087,0
5.74,2524.358619466906,0
5.7410000000000005,2587.5068122235225,1
5.742,2665.403591406576,0
5.743,2757.6396906476216,0
5.744,2863.032399759969,0
5.745,2980.224409827091,0
5.746,3107.701580146955,0
5.747,3243.812733734942,0
5.748,3386.791173236115,0
5.7490000000000006,3534.7778785318606,0
5.75,3685.8457778448537,0
5.751,3838.0250669778466,0
5.752,3989.3289910541075,0
5.753,4137.779845520842,0
5.7540000000000004,4281.435036289412,0
5.755,4418.412475997407,0
5.756,4546.914988481586,0
5.757000000000001,4665.25505894407,0
5.758,4771.876975877781,0
5.759,4865.374830783012,0
5.76,4944.513691490861,0
5.761,5008.245087380961,0
5.7620000000000005,5055.720667308453,0
5.763,5086.303734472728,0
5.764,5099.577801692377,0
5.765,5095.351682750759,0
5.766,5073.662720612238,0
5.767,5034.776043943244,0
5.768,4979.181584174703,0
5.769,4907.5873907162595,0
5.7700000000000005,4820.910991262571,0
5.771,4720.267223452777,0
5.772,4606.953914803229,0
5.773,4482.434927345475,0
5.774,4348.321187852242,0
5.775,4206.349813850175,0
5.776,4058.3612770505583,0
5.777,3906.275585757985,0
5.7780000000000005,3752.0673083145675,0
5.779,3597.7396484043165,0
5.78,3445.298477417566,0
5.781,3296.7259665354354,0
5.782,3153.9549253222076,0
5.783,3018.843411320706,0
5.784,2893.1516823199363,0
5.785,2778.515016159828,0
5.7860000000000005,2676.4276313520722,0
5.787,2588.220128514289,0
5.788,2515.04323258791,0
5.789,2457.8520476564454,0
5.79,2417.3936701998055,0
5.791,2394.1973886841424,0
5.792,2388.5680587797706,0
5.793,2400.5816258641125,0
5.7940000000000005,2430.0841221562628,0
5.795,2476.6939275006544,0
5.796,2539.369943642722,1
5.797,2617.252462278824,0
5.798,2709.6192992884935,0
5.799,2815.282958679314,0
5.8,2932.8858907744325,0
5.801,3060.9180108640494,0
5.8020000000000005,3197.735820424283,0
5.803,3341.584148505593,0
5.804,3490.617704438545,0
5.805,3642.9252605594365,0
5.806,3796.5540128599305,0
5.807,3949.5347554292584,0
5.808,4099.906636461405,0
5.809,4245.742716649352,0
5.8100000000000005,4385.174333071467,0
5.811,4516.4153305625205,0
5.812,4637.784562489195,0
5.813,4747.727159126773,0
5.814,4844.836007622667,0
5.815,4927.8673492322705,0
5.816,4995.758375750905,0
5.817,5047.640230946343,0
5.8180000000000005,5082.849251751376,0
5.819,5100.935282916823,0
5.82,5101.667789542037,0
5.821,5085.0383705849345,0
5.822,5051.260900587894,0
5.823,5000.769103392896,0
5.824,4934.210562747079,0
5.825,4852.438922402427,0
5.8260000000000005,4756.502340272738,0
5.827,4647.630403891745,0
5.828,4527.218598559959,0
5.829,4396.809545026887,0
5.83,4258.074464519951,0
5.831,4112.790771253404,0
5.832,3962.820042163519,0
5.833,3810.0833949209073,0
5.8340000000000005,3656.537652723737,0
5.835,3504.149867012132,0
5.836,3354.872231027126,0
5.837,3210.6171014509177,0
5.838,3073.232548590667,0
5.839,2944.4782094269262,0
5.84,2826.0043757948188,0
5.841,2719.3278234890176,0
5.8420000000000005,2625.8154806972598,0
5.843,2546.6656358991777,0
5.844,2482.8925572190847,0
5.845,2435.313660887752,0
5.846,2404.538810824096,0
5.847,2390.962947319356,0
5.848,2394.7606128557454,0
5.849,2415.8838810287607,0
5.8500000000000005,2454.0632263800144,0
5.851,2508.810518321155,0
5.852,2575.518250931408,1
5.853,2656.386643254559,0
5.854,2751.2095580903233,0
5.855,2858.8061439873463,0
5.856,2977.8318478389056,0
5.857,3106.795302894743,0
5.8580000000000005,3244.077230255595,0
5.859,3387.95096056774,0
5.86,3536.604290123477,0
5.861,3688.16242067975,0
5.862,3840.7117833075695,0
5.863,3992.324129141979,0
5.864,4141.0814713483915,0
5.865,4285.099874414078,0
5.8660000000000005,4422.55366319696,0
5.867,4551.69873412555,0
5.868,4670.893599658184,0
5.869,4778.62329413141,0
5.87,4873.516201453858,0
5.871,4954.360678668959,0
5.872,5020.122519676012,0
5.873,5069.957599999119,0
5.8740000000000006,5103.222555456905,0
5.875,5119.483177851653,0
5.876,5118.519769857765,0
5.877,5100.330264098463,0
5.878,5065.130578348261,0
5.8790000000000004,5013.351551078877,0
5.88,4945.634018989183,0
5.881,4862.820277878334,0
5.882000000000001,4765.944124597363,0
5.883,4656.217626712324,0
5.884,4535.015814493463,0
5.885,4403.859411525115,0
5.886,4264.395702178359,0
5.8870000000000005,4118.377673117537,0
5.888,3967.641987521553,0
5.889,3814.08567735291,0
5.89,3659.6423087588933,0
5.891,3506.257425775273,0
5.892,3355.8639372514863,0
5.893,3210.3579455421973,0
5.894,3071.5744099126887,0
5.8950000000000005,2941.2645403836777,0
5.896,2821.0730631599868,0
5.897,2712.515466150394,0
5.898,2616.963662226245,0
5.899,2535.6247119340933,0
5.9,2469.526726178472,0
5.901,2419.505534128695,0
5.902,2386.194402537316,0
5.9030000000000005,2370.0157580913933,0
5.904,2371.1758133775656,0
5.905,2389.662040308298,0
5.906,2425.243201602043,0
5.907,2477.472285919215,0
5.908,2544.480468498101,1
5.909,2625.98356516704,0
5.91,2721.540188187831,0
5.9110000000000005,2829.960682781638,0
5.912,2949.8938622755504,0
5.913,3079.843730264911,0
5.914,3218.1883566514125,0
5.915,3363.200104543565,0
5.916,3513.067252171611,0
5.917,3665.916716471569,0
5.918,3819.8374688531135,0
5.9190000000000005,3972.9045272712597,0
5.92,4123.2030366077415,0
5.921,4268.852257822022,0
5.922,4408.029245873482,0
5.923,4538.991450235621,0
5.924,4660.097928321799,0
5.925,4769.832965588101,0
5.926,4866.821607065373,0
5.9270000000000005,4949.847474447162,0
5.928,5017.86936270283,0
5.929,5070.0335992617365,0
5.93,5105.684837906161,0
5.931,5124.374313920696,0
5.932,5125.865427865247,0
5.933,5110.136862892581,0
5.934,5077.382911729161,0
5.9350000000000005,5028.010709974877,0
5.936,4962.635682757458,0
5.937,4882.073598667615,0
5.938,4787.330382924942,0
5.939,4679.589570074568,0
5.94,4560.19756113883,0
5.941,4430.646685671532,0
5.942,4292.556551107585,0
5.9430000000000005,4147.653840772975,0
5.944,3997.7506420121445,0
5.945,3844.721825280335,0
5.946,3690.4814357651408,0
5.947,3536.9588627099424,0
5.948,3386.07445098647,0
5.949,3239.7161395313965,0
5.95,3099.7148596767256,0
5.9510000000000005,2967.823097149829,0
5.952,2845.6898476681667,0
5.953,2734.8429675392426,0
5.954,2636.6698703996935,0
5.955,2552.398938983796,0
5.956,2483.084233145577,0
5.957,2429.5930477074858,0
5.958,2392.5941008917175,0
5.9590000000000005,2372.5502064903494,0
5.96,2369.711442130868,0
5.961,2384.1127427538377,0
5.962,2415.5733188338027,0
5.963,2463.6985890966525,0
5.964,2527.885339966155,0
5.965,2598.3728844761545,1
5.966,2683.601064022199,0
5.9670000000000005,2782.1913333222333,0
5.968,2892.96331685976,0
5.969,3014.5826032189116,0
5.97,3145.576435059691,0
5.971,3284.351937573049,0
5.972,3429.2160165703335,0
5.973,3578.3964103309945,0
5.974,3730.063349366766,0
5.9750000000000005,3882.3525457465116,0
5.976,4033.3882803618994,0
5.977,4181.306513389666,0
5.978,4324.278323887633,0
5.979,4460.532898484005,0
5.98,4588.377528653941,0
5.981,4706.22582955324,0
5.982,4812.606648884112,0
5.9830000000000005,4906.191813240704,0
5.984,4985.807230899789,0
5.985,5050.4508830765,0
5.986,5099.303687112511,0
5.987,5131.740659287167,0
5.988,5147.338890624744,0
5.989,5145.882478759489,0
5.99,5127.366113538859,0
5.9910000000000005,5091.994870702598,0
5.992,5040.182233299971,0
5.993,4972.544947090228,0
5.994,4889.895763336013,0
5.995,4793.233358420571,0
5.996,4683.730368600195,0
5.997,4562.718977447652,0
5.998,4431.674506119046,0
5.9990000000000006,4292.197336256948,0
6.0,4145.993241354037,0
6.001,3994.8522114940333,0
6.002,3840.6267068514426,0
6.003,3685.2084557150747,0
6.0040000000000004,3530.5052517167624,0
6.005,3378.4174489355014,0
6.006,3230.814400225954,0
6.007000000000001,3089.5112889104475,0
6.008,2956.24679794849,0
6.009,2832.662694480545,0
6.01,2720.2781673260506,0
6.011,2620.4787725357405,0
6.0120000000000005,2534.4950093436173,0
6.013,2463.387709297477,0
6.014,2408.0333941946888,0
6.015000000000001,2369.115991700513,0
6.016,2347.1167515193756,0
6.017,2342.308298560549,0
6.018,2354.7512955523125,0
6.019,2384.294063331029,0
6.0200000000000005,2430.5738696102985,0
6.021,2493.021180922188,0
6.022,2565.6616452150756,1
6.023,2652.1746226244113,0
6.024,2752.1287518991744,0
6.025,2864.3312187156007,0
6.026,2987.437086226162,0
6.027,3119.965757496406,0
6.0280000000000005,3260.318915420313,0
6.029,3406.8000220892395,0
6.03,3557.63512027252,0
6.031,3710.994391049516,0
6.032,3865.014785308428,0
6.033,4017.8226190077166,0
6.034,4167.556609469817,0
6.035,4312.390954306935,0
6.0360000000000005,4450.557419322446,0
6.037,4580.366311478572,0
6.038,4700.230153117923,0
6.039,4808.681202405689,0
6.04,4904.387913585913,0
6.041,4986.1738855687045,0
6.042,5053.031415214692,0
6.043,5104.13530264858,0
6.0440000000000005,5138.850722868656,0
6.045,5156.742996273355,0
6.046,5157.582354529575,0
6.047,5141.347052660398,0
6.048,5108.223804104721,0
6.049,5058.605589954308,0
6.05,4993.0871178749185,0
6.051,4912.457341488152,0
6.0520000000000005,4817.690306662473,0
6.053,4709.9330122447045,0
6.054,4590.491739897797,0
6.055,4460.815973197919,0
6.056,4322.480887812983,0
6.057,4177.167829963612,0
6.058,4026.644215475168,0
6.059,3872.741693194778,0
6.0600000000000005,3717.333809022633,0
6.061,3562.3131398163873,0
6.062,3409.5680835560916,0
6.063,3260.959692338171,0
6.064,3118.2992651571462,0
6.065,2983.325993569939,0
6.066,2857.6862938434515,0
6.067,2742.909220919027,0
6.0680000000000005,2640.3953763994336,0
6.069,2551.3948421640885,0
6.07,2476.992555501348,0
6.071,2418.095324358355,0
6.072,2375.4205088294475,0
6.073,2349.487317342453,0
6.074,2340.6106251042584,0
6.075,2348.8966644588595,0
6.0760000000000005,2374.242194236199,0
6.077,2416.3352391057856,0
6.078,2474.6591651024864,0
6.079,2546.224600922851,1
6.08,2631.6048298463224,0
6.081,2730.5324531127753,0
6.082,2841.8178727394366,0
6.083,2964.1221131858592,0
6.0840000000000005,3095.9705779782894,0
6.085,3235.77240937386,0
6.086,3381.839323430531,0
6.087,3532.4062774274125,0
6.088,3685.652614473633,0
6.089,3839.7242441376816,0
6.09,3992.7563163854825,0
6.091,4142.895744112346,0
6.0920000000000005,4288.323655358735,0
6.093,4427.2773098020325,0
6.094,4558.072087818726,0
6.095,4679.119785759047,0
6.096,4788.954387740635,0
6.097,4886.241789914,0
6.098,4969.7995671043145,0
6.099,5038.612061731625,0
6.1000000000000005,5091.841993182454,0
6.101,5128.840678662546,0
6.102,5149.156033628763,0
6.103,5152.538202473775,0
6.104,5138.942401269361,0
6.105,5108.529677652631,0
6.106,5061.665022536232,0
6.107,4998.912918262764,0
6.1080000000000005,4921.030722554562,0
6.109,4828.958799700423,0
6.11,4723.810407289002,0
6.111,4606.857297364627,0
6.112,4479.514411788506,0
6.113,4343.322850101499,0
6.114,4199.931384588582,0
6.115,4051.0760917340704,0
6.1160000000000005,3898.559731567722,0
6.117,3744.2294150110797,0
6.118,3589.954615855529,0
6.119,3437.6042676194056,0
6.12,3289.0241825731355,0
6.121,3146.0144934158375,0
6.122,3010.308065198599,0
6.123,2883.5492105637622,0
6.1240000000000006,2767.273884324392,0
6.125,2662.89104347411,0
6.126,2571.665500672885,0
6.127,2494.702317012518,0
6.128,2432.9338286385328,0
6.1290000000000004,2387.108102585488,0
6.13,2357.7798471202514,0
6.131,2345.303649924663,0
6.132000000000001,2349.8296997007046,0
6.133,2371.3020724399144,0
6.134,2409.459191081016,0
6.135,2463.836831531055,0
6.136,2533.6096593063658,1
6.1370000000000005,2617.885561916495,0
6.138,2715.7615772323247,0
6.139,2826.054992252164,0
6.140000000000001,2947.433972328791,0
6.141,3078.4336925161588,0
6.142,3217.4738326306147,0
6.143,3362.877672740174,0
6.144,3512.8923119957662,0
6.1450000000000005,3665.709729718357,0
6.146,3819.4885395084057,0
6.147,3972.3762001446744,0
6.148,4122.5311542899735,0
6.149,4268.145192999742,0
6.15,4407.465043590884,0
6.151,4538.813459608822,0
6.152,4660.608495523475,0
6.1530000000000005,4771.386362691181,0
6.154,4869.813430155427,0
6.155,4954.70549285861,0
6.156,5025.041587984918,0
6.157,5079.976174588297,0
6.158,5118.8491532933895,0
6.159,5141.194081251512,0
6.16,5146.743213323359,0
6.1610000000000005,5135.431179533848,0
6.162,5107.395659960769,0
6.163,5062.97539688694,0
6.164,5002.706818249605,0
6.165,4927.316405073257,0
6.166,4837.713265395526,0
6.167,4734.977182233804,0
6.168,4620.345996430546,0
6.1690000000000005,4495.200725253987,0
6.17,4361.048806055189,0
6.171,4219.506030426551,0
6.172,4072.2770736258503,0
6.173,3921.134956119611,0
6.174,3767.8997398175593,0
6.175,3614.41660601166,0
6.176,3462.5336090877995,0
6.1770000000000005,3314.0795255255625,0
6.178,3170.841697183051,0
6.179,3034.544770599986,0
6.18,2906.830784337311,0
6.181,2789.2359517125146,0
6.182,2683.175647386813,0
6.183,2589.9276509733327,0
6.184,2510.614661482715,0
6.1850000000000005,2446.191754209255,0
6.186,2397.434634533964,0
6.187,2364.9306123588267,0
6.188,2349.0711942600665,0
6.189,2350.0477450578055,0
6.19,2367.8490643458176,0
6.191,2402.2612684660326,0
6.192,2452.8707117719186,0
6.1930000000000005,2519.0688710626255,0
6.194,2593.670118612241,1
6.195,2681.8473926740994,0
6.196,2782.8776623502363,0
6.197,2895.589098813779,0
6.198,3018.6681217487667,0
6.199,3150.6747092915443,0
6.2,3290.0598423519887,0
6.2010000000000005,3435.1836653503296,0
6.202,3584.335055575372,0
6.203,3735.7520304445343,0
6.204,3887.6426590322353,0
6.205,4038.2065754655114,0
6.206,4185.656390194221,0
6.207,4328.239035608724,0
6.208,4464.256653766951,0
6.2090000000000005,4592.086902179516,0
6.21,4710.203722730512,0
6.211,4817.1929642970135,0
6.212,4911.771085992268,0
6.213,4992.801270751882,0
6.214,5059.305367652847,0
6.215,5110.476771293588,0
6.216,5145.68997761854,0
6.2170000000000005,5164.508444983712,0
6.218,5166.689379202401,0
6.219,5152.18738131697,0
6.22,5121.154828744502,0
6.221,5073.940670449998,0
6.222,5011.085663537908,0
6.223,4933.317150294077,0
6.224,4841.539230948175,0
6.2250000000000005,4736.823470660922,0
6.226,4620.395780519637,0
6.227,4493.621684226467,0
6.228,4357.990448793271,0
6.229,4215.097505244976,0
6.23,4066.625523377112,0
6.231,3914.3244898352195,0
6.232,3759.99096518102,0
6.2330000000000005,3605.4467589211713,0
6.234,3452.5171915105507,0
6.235,3303.009947398906,0
6.236,3158.6928166955513,0
6.237,3021.2732738475224,0
6.238,2892.3806376867146,0
6.239,2773.536434208957,0
6.24,2666.150579454348,0
6.2410000000000005,2571.496628234308,0
6.242,2490.6975634409437,0
6.243,2424.7122970545515,0
6.244,2374.325102220856,0
6.245,2340.1355319675627,0
6.246,2322.5516458221455,0
6.247,2321.784674266378,0
6.248,2337.8469765383215,0
6.2490000000000006,2370.5514399819726,0
6.25,2419.513776666805,0
6.251,2484.1570145784867,0
6.252,2560.6248531427755,1
6.253,2650.284661981378,0
6.2540000000000004,2752.8672599373435,0
6.255,2867.187765624637,0
6.256,2991.920786110957,0
6.257000000000001,3125.61740941698,0
6.258,3266.721896144604,0
6.259,3413.5899183677006,0
6.26,3564.5078343096143,0
6.261,3717.7127375305436,0
6.2620000000000005,3871.4133328608027,0
6.263,4023.810913764666,0
6.264,4173.120381336331,0
6.265000000000001,4317.591389446007,0
6.266,4455.529359684255,0
6.267,4585.314285887927,0
6.268,4705.420965117132,0
6.269,4814.438512844918,0
6.2700000000000005,4911.082517737897,0
6.271,4994.2136314337895,0
6.272,5062.851066241012,0
6.273,5116.182668782036,0
6.274,5153.575696179643,0
6.275,5174.583918805524,0
6.276,5178.953050556224,0
6.277,5166.623950249144,0
6.2780000000000005,5137.733114749047,0
6.279,5092.611533225754,0
6.28,5031.780472690999,0
6.281,4955.945927921518,0
6.282,4865.989936566576,0
6.283,4762.961035392463,0
6.284,4648.06006968588,0
6.285,4522.629258594878,0
6.2860000000000005,4388.133703153408,0
6.287,4246.145710513102,0
6.288,4098.325857108205,0
6.289,3946.403637527144,0
6.29,3792.1570856178187,0
6.291,3637.3919537482743,0
6.292,3483.9205329112974,0
6.293,3333.5404142968505,0
6.2940000000000005,3188.013304853533,0
6.295,3049.0442167555702,0
6.296,2918.2627296472538,0
6.297,2797.2011418977418,0
6.298,2687.276722195995,0
6.299,2589.778602471325,0
6.3,2505.850188757315,0
6.301,2436.4754791342775,0
6.3020000000000005,2382.467507358294,0
6.303,2344.459356408369,0
6.304,2322.896337022297,0
6.305,2318.0307562417165,0
6.306,2329.9191467107003,0
6.307,2358.4213577389946,0
6.308,2403.2022006706848,0
6.309,2463.7355537020685,0
6.3100000000000005,2538.6322791447246,1
6.311,2627.228865574039,0
6.312,2728.8685462036456,0
6.313,2842.3688048979634,0
6.314,2966.407718556745,0
6.315,3099.5411583428127,0
6.316,3240.2190501655805,0
6.317,3386.8035148233403,0
6.3180000000000005,3537.587863529861,0
6.319,3690.8165832218133,0
6.32,3844.7056602018743,0
6.321,3997.4634414227903,0
6.322,4147.311373150111,0
6.323,4292.504779190436,0
6.324,4431.352304839487,0
6.325,4562.238759838269,0
6.3260000000000005,4683.639433338934,0
6.327,4794.1419547092655,0
6.328,4892.459824406382,0
6.329,4977.4477793315655,0
6.33,5048.116671833017,0
6.331,5103.643680306486,0
6.332,5143.382438845888,0
6.333,5166.870392902204,0
6.3340000000000005,5173.834292801897,0
6.335,5164.193194195621,0
6.336,5138.059552671386,0
6.337,5095.737853394435,0
6.338,5037.720909938378,0
6.339,4964.68452223366,0
6.34,4877.479219379591,0
6.341,4777.120721909082,0
6.3420000000000005,4664.7776368773775,0
6.343,4541.758224630588,0
6.344,4409.495011019845,0
6.345,4269.528206823981,0
6.346,4123.487674255374,0
6.347,3973.073967010336,0
6.348,3820.0386047541792,0
6.349,3666.163565298141,0
6.3500000000000005,3513.2405853065193,0
6.351,3363.050252402613,0
6.352,3217.341599271054,0
6.353,3077.8111793090497,0
6.354,2946.0841134340308,0
6.355,2823.693119831431,0
6.356,2712.0642213589626,0
6.357,2612.496976086266,0
6.3580000000000005,2526.1497884363207,0
6.359,2454.0286437914992,0
6.36,2396.973086468497,0
6.361,2355.6472005344176,0
6.362,2330.53214803997,0
6.363,2321.9200844032753,0
6.364,2329.9110799627915,0
6.365,2354.4119841046413,0
6.3660000000000005,2395.137161673055,0
6.367,2451.6121911932587,0
6.368,2523.179175261282,0
6.369,2601.9524929951194,1
6.37,2693.9933146092703,0
6.371,2798.3302450200763,0
6.372,2913.7940453480114,0
6.373,3039.084484538363,0
6.3740000000000006,3172.785146808774,0
6.375,3313.379726532877,0
6.376,3459.269469758296,0
6.377,3608.7915500906065,0
6.378,3760.238300361777,0
6.3790000000000004,3911.876754566988,0
6.38,4061.9688297156476,0
6.381,4208.79119577934,0
6.382000000000001,4350.655638505373,0
6.383,4485.927708926631,0
6.384,4613.047430451114,0
6.385,4730.544527132213,0
6.386,4837.059672877484,0
6.3870000000000005,4931.355709966402,0
6.388,5012.335136801103,0
6.389,5079.051796844294,0
6.390000000000001,5130.722262596181,0
6.391,5166.734956575961,0
6.392,5186.657393909042,0
6.393,5190.241307560296,0
6.394,5177.425736455876,0
6.3950000000000005,5148.337906623186,0
6.396,5103.291970860881,0
6.397,5042.785513827741,0
6.398000000000001,4967.4940448046955,0
6.399,4878.263262249244,0
6.4,4776.0997441493655,0
6.401,4662.159197093628,0
6.402,4537.73354732364,0
6.4030000000000005,4404.2360045265195,0
6.404,4263.184843600618,0
6.405,4116.186324740801,0
6.406,3964.9160773768835,0
6.407,3811.099931979458,0
6.408,3656.4940829222296,0
6.409,3502.8649922243453,0
6.41,3351.9691173024453,0
6.4110000000000005,3205.532522425421,0
6.412,3065.2314873777223,0
6.413,2932.6728029387923,0
6.414,2809.375417912097,0
6.415,2696.7523722685655,0
6.416,2596.0952659837403,0
6.417,2508.559683908523,0
6.418,2435.1510973907125,0
6.4190000000000005,2376.71344397645,0
6.42,2333.9192946409453,0
6.421,2307.2622579255644,0
6.422,2297.0510902878223,0
6.423,2303.4062615661805,0
6.424,2326.2581541120835,0
6.425,2365.34828439099,0
6.426,2420.231713695178,0
6.4270000000000005,2490.2823704862503,0
6.428,2571.1882637731037,1
6.429,2664.7652543588,0
6.43,2770.688628256618,0
6.431,2887.7764756784577,0
6.432,3014.717388984013,0
6.433,3150.086359800682,0
6.434,3292.361204247934,0
6.4350000000000005,3439.9393710992586,0
6.436,3591.1561749194675,0
6.437,3744.3038530458443,0
6.438,3897.650918072424,0
6.439,4049.4618493162075,0
6.44,4198.016787127822,0
6.441,4341.631415685648,0
6.442,4478.67576666099,0
6.4430000000000005,4607.592614269852,0
6.444,4726.916676870968,0
6.445,4835.290038717475,0
6.446,4931.477583433293,0
6.447,5014.3815581065355,0
6.448,5083.054343390253,0
6.449,5136.708924949614,0
6.45,5174.72854708543,0
6.4510000000000005,5196.673032621479,0
6.452,5202.284492914798,0
6.453,5191.490307700958,0
6.454,5164.4037834976625,0
6.455,5121.323047560916,0
6.456,5062.727935118053,0
6.457,4989.274555365914,0
6.458,4901.787867355929,0
6.4590000000000005,4801.252788621129,0
6.46,4688.8013884800475,0
6.461,4565.7030033819265,0
6.462,4433.347537540957,0
6.463,4293.230473611709,0
6.464,4146.936013394362,0
6.465,3996.118999603745,0
6.466,3842.4860789969403,0
6.4670000000000005,3687.776321056072,0
6.468,3533.7417343275183,0
6.469,3382.1270771500863,0
6.47,3234.650157070313,0
6.471,3092.9821403975866,0
6.472,2958.7290723058077,0
6.473,2833.413069766635,0
6.474,2718.454665932888,0
6.4750000000000005,2615.157016574637,0
6.476,2524.692650296776,0
6.477,2448.0868678951265,0
6.478,2386.2091167161334,0
6.479,2339.76149151963,0
6.48,2309.270722753035,0
6.481,2295.0827078261714,0
6.482,2297.3584260945386,0
6.4830000000000005,2316.0718271942305,0
6.484,2351.0103441550373,0
6.485,2401.777021063891,0
6.486,2467.7953590987836,0
6.487,2547.4022720682756,1
6.488,2640.0636975008433,0
6.489,2745.1973978603382,0
6.49,2861.6224511398027,0
6.4910000000000005,2988.0292596031572,0
6.492,3122.9961594806646,0
6.493,3265.0048554643763,0
6.494,3412.45776115902,0
6.495,3563.6957053116903,0
6.496,3717.016817358313,0
6.497,3870.6955615419297,0
6.498,4023.0021999630794,0
6.4990000000000006,4172.222511268291,0
6.5,4316.676508117643,0
6.501,4454.73798390806,0
6.502,4584.851550114562,0
6.503,4705.553698984462,0
6.5040000000000004,4815.484818324531,0
6.505,4913.4073946563,0
6.506,4998.218005686144,0
6.507000000000001,5068.961382741043,0
6.508,5124.8404860869505,0
6.509,5165.225728200846,0
6.51,5189.661819726596,0
6.511,5197.873046427961,0
6.5120000000000005,5189.766335871243,0
6.513,5165.432394518808,0
6.514,5125.14455433065,0
6.515000000000001,5069.355797953532,0
6.516,4998.693676631098,0
6.517,4913.95327537464,0
6.518,4816.088113955767,0
6.519,4706.199606026516,0
6.5200000000000005,4585.524517705721,0
6.521,4455.421196801937,0
6.522,4317.353932199325,0
6.523000000000001,4172.876972648718,0
6.524,4023.616686733139,0
6.525,3871.2533487203355,0
6.526,3717.502154841157,0
6.527,3564.094008279467,0
6.5280000000000005,3412.7560159489867,0
6.529,3265.191859330361,0
6.53,3123.0629425986763,0
6.531,2987.9693133639166,0
6.532,2861.433636380375,0
6.533,2744.8773848206656,0
6.534,2639.6145090040754,0
6.535,2546.8291496263764,0
6.5360000000000005,2467.5665619209435,0
6.537,2402.718809003339,0
6.538,2353.0160681335565,0
6.539,2319.017792114369,0
6.54,2301.1064789153443,0
6.541,2299.483630418322,0
6.542,2314.16726329349,0
6.543,2344.99179522583,0
6.5440000000000005,2391.609859615709,0
6.545,2453.4962065993896,0
6.546,2529.9537111278987,0
6.547,2613.0017667452184,1
6.548,2708.839463941208,0
6.549,2816.400064876808,0
6.55,2934.5173615810177,0
6.551,3061.9052556602282,0
6.5520000000000005,3197.1714620885923,0
6.553,3338.833087766929,0
6.554,3485.3328886804015,0
6.555,3635.056855082982,0
6.556,3786.352012049957,0
6.557,3937.5449256681363,0
6.558,4086.9603884962917,0
6.559,4232.939923989463,0
6.5600000000000005,4373.8609934541255,0
6.561,4508.153725961877,0
6.562,4634.321404351133,0
6.563,4750.953575690208,0
6.564,4856.743342555694,0
6.565,4950.505387828078,0
6.566,5031.183430084392,0
6.567,5097.866047836267,0
6.5680000000000005,5149.796205789521,0
6.569,5186.379444096281,0
6.57,5207.19134742354,0
6.571,5211.981859801783,0
6.572,5200.678424673366,0
6.573,5173.387000798384,0
6.574,5130.391276085631,0
6.575,5072.149470313425,0
6.5760000000000005,4999.289073265597,0
6.577,4912.60076724611,0
6.578,4813.029578462744,0
6.579,4701.663075733976,0
6.58,4579.72191920454,0
6.581,4448.544660495298,0
6.582,4309.5733326835425,0
6.583,4164.337621869704,0
6.5840000000000005,4014.4378323884766,0
6.585,3861.5271918458216,0
6.586,3707.2935204223486,0
6.587,3553.4404446438475,0
6.588,3401.668557873175,0
6.589,3253.6564191013267,0
6.59,3111.042062211438,0
6.591,2975.4049244518314,0
6.5920000000000005,2848.248765683912,0
6.593,2730.980453901924,0
6.594,2624.9013912211904,0
6.595,2531.1894280491324,0
6.596,2450.8853739595593,0
6.597,2384.8817150228033,0
6.598,2333.9130386799548,0
6.599,2298.5475479680745,0
6.6000000000000005,2279.1806935523673,0
6.601,2276.0307628930914,0
6.602,2289.136206415338,0
6.603,2318.3555607466437,0
6.604,2363.3684514551505,0
6.605,2423.6794632826823,0
6.606,2498.623368376043,0
6.607,2583.90169196824,1
6.6080000000000005,2681.300008118095,0
6.609,2790.457760602465,0
6.61,2910.196024757581,0
6.611,3039.218314415095,0
6.612,3176.1243513662566,0
6.613,3319.4255491299887,0
6.614,3467.561409923489,0
6.615,3618.9165022149973,0
6.6160000000000005,3771.838337968248,0
6.617,3924.6554094888006,0
6.618,4075.6956728206806,0
6.619,4223.304977960151,0
6.62,4365.865187847814,0
6.621,4501.812075540731,0
6.622,4629.652583606965,0
6.623,4747.981118117232,0
6.6240000000000006,4855.49541272101,0
6.625,4951.011314620871,0
6.626,5033.474773334507,0
6.627,5101.9741977568965,0
6.628,5155.750458639463,0
6.6290000000000004,5194.2053813128705,0
6.63,5216.908695580462,0
6.631,5223.602364530352,0
6.632000000000001,5214.203717098172,0
6.633,5188.806650018633,0
6.634,5147.680541586627,0
6.635,5091.267335065188,0
6.636,5020.177251784203,0
6.6370000000000005,4935.18091281685,0
6.638,4837.202799925976,0
6.639,4727.309642267973,0
6.640000000000001,4606.699353755417,0
6.641,4476.688016121791,0
6.642,4338.695377486763,0
6.643,4194.2290979910795,0
6.644,4044.8685849912067,0
6.6450000000000005,3892.2474303491153,0
6.646,3738.0355757455927,0
6.647,3583.920945725124,0
6.648000000000001,3431.590937552904,0
6.649,3282.7138553154505,0
6.65,3138.9206629682512,0
6.651,3001.787050110208,0
6.652,2872.8167674537535,0
6.6530000000000005,2753.4233110318755,0
6.654,2644.9136733618993,0
6.655,2548.4793870738226,0
6.656000000000001,2465.1781299407876,0
6.657,2395.923768184879,0
6.658,2341.476228221728,0
6.659,2302.4330409767053,0
6.66,2279.222886036695,0
6.6610000000000005,2272.1006691482703,0
6.662,2281.1449893118433,0
6.663,2306.256893390511,0
6.664,2347.16123365517,0
6.665,2403.409295855958,0
6.666,2474.384286273076,0
6.667,2558.478334106533,1
6.668,2655.0870271633294,0
6.6690000000000005,2763.5860583857498,0
6.67,2882.7967326801945,0
6.671,3011.4227225370605,0
6.672,3148.065542524024,0
6.673,3291.2391786315907,0
6.674,3439.3866344907537,0
6.675,3590.896609726358,0
6.676,3744.121111349734,0
6.6770000000000005,3897.393446562971,0
6.678,4049.0462694570765,0
6.679,4197.429719018275,0
6.68,4340.929511090479,0
6.681,4477.984337855291,0
6.682,4607.101899380743,0
6.683,4726.87820221586,0
6.684,4836.011083127854,0
6.6850000000000005,4933.311713908153,0
6.686,5017.72124061122,0
6.687,5088.320893949922,0
6.688,5144.34211048517,0
6.689,5185.175048109578,0
6.69,5210.374966044037,0
6.691,5219.667269789752,0
6.692,5212.9505043238605,0
6.6930000000000005,5190.297296810861,0
6.694,5151.953715106389,0
6.695,5098.336507254318,0
6.696,5030.0286704143155,0
6.697,4947.773152627328,0
6.698,4852.4645026876615,0
6.699,4745.139421311685,0
6.7,4626.965302174909,0
6.7010000000000005,4499.227688423671,0
6.702,4363.316210017375,0
6.703,4220.709417460975,0
6.704,4072.958744250645,0
6.705,3921.671687501216,0
6.706,3768.494072175654,0
6.707,3615.0925583619455,0
6.708,3463.1359850975623,0
6.7090000000000005,3314.2778514141064,0
6.71,3170.13755698468,0
6.711,3032.2834096908723,0
6.712,2902.216403368275,0
6.713,2781.350670642705,0
6.714,2671.000082376653,0
6.715,2572.3664633850003,0
6.716,2486.522933850755,0
6.7170000000000005,2414.4035218107597,0
6.718,2356.792664549811,0
6.719,2314.317232106784,0
6.72,2287.4391794413496,0
6.721,2276.450861728449,0
6.722,2281.471796667722,0
6.723,2302.4471607335718,0
6.724,2339.1485595750114,0
6.7250000000000005,2391.1764308663246,0
6.726,2457.9643438935864,0
6.727,2538.785341379851,0
6.728,2626.1802899912104,1
6.729,2725.6986647193744,0
6.73,2836.355827652494,0
6.731,2956.9900160432135,0
6.732,3086.3300126405693,0
6.7330000000000005,3223.0083178794325,0
6.734,3365.5757565620293,0
6.735,3512.517060235033,0
6.736,3662.2671847076626,0
6.737,3813.2281317307675,0
6.738,3963.786118638916,0
6.739,4112.329007080439,0
6.74,4257.263906176017,0
6.7410000000000005,4397.03393564223,0
6.742,4530.13558675427,0
6.743,4655.134573096962,0
6.744,4770.681299172807,0
6.745,4875.526201681472,0
6.746,4968.533470498687,0
6.747,5048.692127535772,0
6.748,5115.127589708131,0
6.7490000000000006,5167.111808141391,0
6.75,5204.0707771589405,0
6.751,5225.591012106766,0
6.752,5231.424210225435,0
6.753,5221.489871641374,0
6.7540000000000004,5195.876675051846,0
6.755,5154.8414594944115,0
6.756,5098.806591064967,0
6.757000000000001,5028.355609834007,0
6.758,4944.227277805003,0
6.759,4847.307598349509,0
6.76,4738.620332723177,0
6.761,4619.316320942299,0
6.7620000000000005,4490.6611222800675,0
6.763,4354.021504280517,0
6.764,4210.8508731597885,0
6.765000000000001,4062.6736944203976,0
6.766,3911.0692228800076,0
6.767,3757.6544660048203,0
6.768,3604.067047745224,0
6.769,3451.9474186448138,0
6.7700000000000005,3302.921402981106,0
6.771,3158.5827169755285,0
6.772,3020.475736447208,0
6.773000000000001,2890.0799984625755,0
6.774,2768.7908350546118,0
6.775,2657.9082956810853,0
6.776,2558.621760159653,0
6.777,2471.9969151946757,0
6.7780000000000005,2398.9642647868686,0
6.779,2340.309020973135,0
6.78,2296.6626890165326,0
6.781000000000001,2268.4964017522407,0
6.782,2256.1156327407234,0
6.783,2259.6569835730006,0
6.784,2279.0864112538493,0
6.785,2314.1997289309957,0
6.7860000000000005,2364.6246171665935,0
6.787,2429.824736342288,0
6.788,2509.1052109335255,0
6.789,2598.6446223047346,1
6.79,2699.7158926188094,0
6.791,2811.9508147258357,0
6.792,2934.175616610609,0
6.793,3065.1090186495353,0
6.7940000000000005,3203.375963963009,0
6.795,3347.5222491528702,0
6.796,3496.029681230121,0
6.797,3647.332292451424,0
6.798,3799.833017494882,0
6.799,3951.9206711873017,0
6.8,4101.986813061597,0
6.801,4248.443226363043,0
6.8020000000000005,4389.7384332445135,0
6.803,4524.37444217562,0
6.804,4650.921592401182,0
6.805,4768.037502170636,0
6.806,4874.477534160993,0
6.807,4969.108142440991,0
6.808,5050.921027190671,0
6.809,5119.042992541437,0
6.8100000000000005,5172.745268516507,0
6.811,5211.45149497346,0
6.812,5234.743902545488,0
6.813,5242.36768386821,0
6.814,5234.234047124382,0
6.815,5210.420887956445,0
6.816,5171.172401989415,0
6.817,5116.89638279229,0
6.8180000000000005,5048.160370664922,0
6.819,4965.684743453123,0
6.82,4870.336239381847,0
6.821,4763.118174206716,0
6.822,4645.160045839408,0
6.823,4517.705793379461,0
6.824,4382.100295731716,0
6.825,4239.77515647328,0
6.8260000000000005,4092.2338877507946,0
6.827,3941.0356917043814,0
6.828,3787.779099964556,0
6.829,3634.084921252259,0
6.83,3481.5790401614217,0
6.831,3331.875299801619,0
6.832,3186.5583258682373,0
6.833,3047.166573903373,0
6.8340000000000005,2915.1766040959315,0
6.835,2791.9871611198787,0
6.836,2678.901171743346,0
6.837,2577.117502965512,0
6.838,2487.715221224499,0
6.839,2411.6422067159274,0
6.84,2349.7053000027363,0
6.841,2302.561499941983,0
6.8420000000000005,2270.7109676465907,0
6.843,2254.4921017407537,0
6.844,2254.077634178581,0
6.845,2269.4727485146027,0
6.846,2300.515061993042,0
6.847,2346.8763487198694,0
6.848,2408.065752073442,0
6.849,2483.4353921940256,0
6.8500000000000005,2571.7388891948885,1
6.851,2672.1326186031197,0
6.852,2783.8265998817965,0
6.853,2905.6447327450805,0
6.854,3036.305094203557,0
6.855,3174.433041924076,0
6.856,3318.575616206134,0
6.857,3467.2167264113045,0
6.8580000000000005,3618.7934687425904,0
6.859,3771.7119582812857,0
6.86,3924.364521914179,0
6.861,4075.146443173787,0
6.862,4222.472633241486,0
6.863,4364.794879261919,0
6.864,4500.6174357424425,0
6.865,4628.512080899748,0
6.8660000000000005,4747.136277464356,0
6.867,4855.243447436657,0
6.868,4951.698076856243,0
6.869,5035.486763915863,0
6.87,5105.729583842007,0
6.871,5161.688968685598,0
6.872,5202.777581302017,0
6.873,5228.5643721349115,0
6.8740000000000006,5238.779183146684,0
6.875,5233.315410382986,0
6.876,5212.231399100657,0
6.877,5175.749526529814,0
6.878,5124.2538760227,0
6.8790000000000004,5058.286732962772,0
6.88,4978.541777644013,0
6.881,4885.857946093782,0
6.882000000000001,4781.2099369124535,0
6.883,4665.698120336239,0
6.884,4540.537193760045,0
6.885,4407.042985982056,0
6.886,4266.618919043702,0
6.8870000000000005,4120.741152414033,0
6.888,3970.9431262969665,0
6.889,3818.799467860948,0
6.890000000000001,3665.9092726450135,0
6.891,3513.8795695067924,0
6.892,3364.3082385401067,0
6.893,3218.7672978584233,0
6.894,3078.7862091350316,0
6.8950000000000005,2945.8365755800037,0
6.896,2821.315376843008,0
6.897,2706.531274542108,0
6.898000000000001,2602.6896437886116,0
6.899,2510.882208349226,0
6.9,2432.0735404743637,0
6.901,2367.09201854167,0
6.902,2316.620331840526,0
6.9030000000000005,2281.188832415654,0
6.904,2261.1697471827147,0
6.905,2256.773254566447,0
6.906000000000001,2268.045456793034,0
6.907,2294.867846264604,0
6.908,2336.9584812228504,0
6.909,2393.8749996148526,0
6.91,2465.018861001929,0
6.9110000000000005,2549.6428759732776,0
6.912,2641.3697627645306,1
6.913,2744.4082772759766,0
6.914,2857.9935494045185,0
6.915,2980.969834520749,0
6.916,3112.0816662605584,0
6.917,3249.9869188172675,0
6.918,3393.2708358360105,0
6.9190000000000005,3540.460380550141,0
6.92,3690.0397280527454,0
6.921,3840.4659652609557,0
6.922,3990.185202525454,0
6.923,4137.648565766752,0
6.924,4281.328585911168,0
6.925,4419.7348747627,0
6.926,4551.429151596968,0
6.9270000000000005,4675.041818339752,0
6.928,4789.286182664126,0
6.929,4892.969998146629,0
6.93,4985.007847846705,0
6.931,5064.436749719938,0
6.932,5130.420690224169,0
6.933,5182.262944801179,0
6.934,5219.412724198173,0
6.9350000000000005,5241.470601156041,0
6.936,5248.193182980489,0
6.937,5239.495454187669,0
6.938,5215.452271325246,0
6.939,5176.29731654165,0
6.94,5122.420850619135,0
6.941,5054.365926446208,0
6.942,4972.822880553279,0
6.9430000000000005,4878.622098324383,0
6.944,4772.725827956033,0
6.945,4656.217448448954,0
6.946,4530.2917359179955,0
6.947,4396.241387167961,0
6.948,4255.444184936037,0
6.949,4109.348619246535,0
6.95,3959.4589118603913,0
6.9510000000000005,3807.319587443068,0
6.952,3654.4993070557225,0
6.953,3502.574878559051,0
6.954,3353.114485191652,0
6.955,3207.6619419916797,0
6.956,3067.72033306583,0
6.957,2934.7369559709205,0
6.958,2810.0883818512716,0
6.9590000000000005,2695.0623667090804,0
6.96,2590.8513490739497,0
6.961,2498.534452399759,0
6.962,2419.069771252829,0
6.963,2353.2821835550258,0
6.964,2301.855346051936,0
6.965,2265.324831660543,0
6.966,2244.072185536881,0
6.9670000000000005,2238.321089211245,0
6.968,2248.1351829445407,0
6.969,2273.416883720415,0
6.97,2313.9086999529445,0
6.971,2369.1957488910684,0
6.972,2438.710131032142,0
6.973,2521.736311000436,0
6.974,2615.3195482230085,1
6.9750000000000005,2719.870702671088,0
6.976,2834.984618486208,0
6.977,2959.4939737237187,0
6.978,3092.1337417572836,0
6.979,3231.555022429803,0
6.98,3376.3382128782782,0
6.981,3525.007957195531,0
6.982,3676.047985891898,0
6.9830000000000005,3827.9167692100054,0
6.984,3979.0633532461875,0
6.985,4127.943322363548,0
6.986,4273.033929474229,0
6.987,4412.850892725577,0
6.988,4545.962569813502,0
6.989,4671.004947342521,0
6.99,4786.697223392262,0
6.9910000000000005,4891.853484283316,0
6.992,4985.393254470167,0
6.993,5066.355346455879,0
6.994,5133.906830068348,0
6.995,5187.351497102068,0
6.996,5226.137291113054,0
6.997,5249.861686805576,0
6.998,5258.276389644255,0
6.9990000000000006,5251.289338945642,0
7.0,5228.966026871494,0
7.001,5191.529009920917,0
7.002,5139.355465524084,0
7.003,5072.973433654219,0
7.0040000000000004,4993.056507162266,0
7.005,4900.416876181942,0
7.006,4795.997375772638,0
7.007000000000001,4680.861354710789,0
7.008,4556.182403430263,0
7.009,4423.231836575576,0
7.01,4283.366046339769,0
7.011,4138.012544050363,0
7.0120000000000005,3988.6552455109495,0
7.013,3836.819523971986,0
7.014,3684.0564615018534,0
7.015000000000001,3531.926939808095,0
7.016,3381.9858046409427,0
7.017,3235.765696119281,0
7.018,3094.7616057693085,0
7.019,2960.41551464609,0
7.0200000000000005,2834.1020743548875,0
7.021,2717.112308959996,0
7.022,2610.6441033111532,0
7.023000000000001,2515.786547286693,0
7.024,2433.5108231745817,0
7.025,2364.6594756526183,0
7.026,2309.9375995616338,0
7.027,2269.90588902436,0
7.0280000000000005,2244.9748564582596,0
7.029,2235.4005740254415,0
7.03,2241.2820403505266,0
7.031000000000001,2262.560103028896,0
7.032,2299.018026855704,0
7.033,2350.2838144732277,0
7.034,2415.833828350769,0
7.035,2494.998237906444,0
7.0360000000000005,2586.9677816922317,0
7.037,2682.7055803530147,1
7.038,2789.8864421352537,0
7.039000000000001,2906.895554914205,0
7.04,3032.584345628599,0
7.041,3165.7131750824674,0
7.042,3304.9645148047534,0
7.043,3448.9556615724637,0
7.0440000000000005,3596.252874806169,0
7.045,3745.385670905204,0
7.046,3894.8621243966327,0
7.047,4043.1833858285354,0
7.048,4188.8594239337435,0
7.049,4330.4238466820925,0
7.05,4466.44883090926,0
7.051,4595.558994563009,0
7.0520000000000005,4716.448380399708,0
7.053,4827.889509405404,0
7.054,4928.7496821534005,0
7.055,5017.999083612715,0
7.056,5094.7247533968975,0
7.057,5158.137687871264,0
7.058,5207.582152707852,0
7.059,5242.542083027207,0
7.0600000000000005,5262.646539484965,0
7.061,5267.673754301486,0
7.062,5257.553460426569,0
7.063,5232.36813476743,0
7.064,5192.35164093699,0
7.065,5137.887571096242,0
7.066,5069.505568563575,0
7.067,4987.875980013727,0
7.0680000000000005,4893.803818180417,0
7.069,4788.2187750564535,0
7.07,4672.168644399646,0
7.071,4546.807583028756,0
7.072,4413.384109441482,0
7.073,4273.229395099033,0
7.074,4127.743585949451,0
7.075,3978.3816321997288,0
7.0760000000000005,3826.6388230924085,0
7.077,3674.0356866181,0
7.078,3522.102575456893,0
7.079,3372.3642047342287,0
7.08,3226.324776785006,0
7.081,3085.4518901779124,0
7.082,2951.162238826364,0
7.083,2824.8085396378524,0
7.0840000000000005,2707.661726630436,0
7.085,2600.901992828801,0
7.086,2505.6068481763346,0
7.087,2422.7382297660124,0
7.088,2353.1335242991977,0
7.089,2297.4970825370046,0
7.09,2256.3929780091107,0
7.091,2230.2392527977545,0
7.0920000000000005,2219.303531954306,0
7.093,2223.7003820999544,0
7.094,2243.390186499368,0
7.095,2278.179165655579,0
7.096,2327.721455685614,0
7.097,2391.522528019478,0
7.098,2468.9441161887617,0
7.099,2559.2102957674565,0
7.1000000000000005,2657.5032006739193,1
7.101,2766.157822383703,0
7.102,2884.653599144434,0
7.103,3011.830087790515,0
7.104,3146.4388514681177,0
7.105,3287.1555028047783,0
7.106,3432.5929654435135,0
7.107,3581.3153838920807,0
7.1080000000000005,3731.8521448893343,0
7.109,3882.712726676824,0
7.11,4032.4016737846227,0
7.111,4179.4331754992645,0
7.112,4322.346291977785,0
7.113,4459.719390888434,0
7.114,4590.184042623419,0
7.115,4712.439139157023,0
7.1160000000000005,4825.2656594476975,0
7.117,4927.535491679917,0
7.118,5018.224780856446,0
7.119,5096.423810204276,0
7.12,5161.346474267708,0
7.121,5212.338077316032,0
7.122,5248.882173984546,0
7.123,5270.6054070486125,0
7.1240000000000006,5277.281739542062,0
7.125,5268.8346035822,0
7.126,5245.337820248614,0
7.127,5207.015009370084,0
7.128,5154.237429783956,0
7.1290000000000004,5087.520701158638,0
7.13,5007.518964235242,0
7.131,4915.0191875389255,0
7.132000000000001,4810.933368069836,0
7.133,4696.289044460314,0
7.134,4572.219463020414,0
7.135,4439.952364285115,0
7.136,4300.797449425809,0
7.1370000000000005,4156.133873332115,0
7.138,4007.3961275039974,0
7.139,3856.0599995414427,0
7.140000000000001,3703.6277335628038,0
7.141,3551.6131584997906,0
7.142,3401.5265680521725,0
7.143,3254.8596468248247,0
7.144,3113.0706603152107,0
7.1450000000000005,2977.5697695677386,0
7.146,2849.705390941099,0
7.147,2730.7511855358707,0
7.148000000000001,2621.8887609435956,0
7.149,2524.2032302707294,0
7.15,2438.668177494103,0
7.151,2366.1361616487134,0
7.152,2307.330452991496,0
7.1530000000000005,2262.8378697962826,0
7.154,2233.102867933093,0
7.155,2218.422836402239,0
7.156000000000001,2218.9457431816663,0
7.157,2234.667869012888,0
7.158,2265.4341513267786,0
7.159,2310.939814731372,0
7.16,2370.73312070053,0
7.1610000000000005,2444.2199900413325,0
7.162,2530.669697226055,0
7.163,2628.2722300032156,1
7.164000000000001,2736.4723423359515,0
7.165,2854.6556745061457,0
7.166,2981.657644752865,0
7.167,3116.2268631798115,0
7.168,3257.037037080721,0
7.1690000000000005,3402.700213475771,0
7.17,3551.7803706272716,0
7.171,3702.807554065238,0
7.172,3854.292574012605,0
7.173,4004.7415602428837,0
7.174,4152.670517612345,0
7.175,4296.620556590782,0
7.176,4435.171523082637,0
7.1770000000000005,4566.95598736402,0
7.178,4690.6738022176405,0
7.179,4805.105845801673,0
7.18,4909.121192506625,0
7.181,5001.694258520489,0
7.182,5081.91073976222,0
7.183,5148.978660280239,0
7.184,5202.235755484854,0
7.1850000000000005,5241.155981768099,0
7.186,5265.354531872674,0
7.187,5274.59213268358,0
7.188,5268.776680852247,0
7.189,5247.964878935366,0
7.19,5212.361110768235,0
7.191,5162.315964580302,0
7.192,5098.322330106191,0
7.1930000000000005,5021.010852977861,0
7.194,4931.14345543618,0
7.195,4829.606243594064,0
7.196,4717.400224704127,0
7.197,4595.631745766697,0
7.198,4465.501650891838,0
7.199,4328.293186456886,0
7.2,4185.3595570007255,0
7.2010000000000005,4038.110499072792,0
7.202,3887.998366983925,0
7.203,3736.503832619938,0
7.204,3585.121234938304,0
7.205,3435.343740113052,0
7.206,3288.6490135222693,0
7.207,3146.484056184402,0
7.208,3010.25129532219,0
7.2090000000000005,2881.2956665241186,0
7.21,2760.8891413220795,0
7.211,2650.217661378433,0
7.212,2550.373893551443,0
7.213,2462.3433296110015,0
7.214,2386.994451063283,0
7.215,2325.0707000826797,0
7.216,2277.1830440509325,0
7.2170000000000005,2243.803952046529,0
7.218,2225.2627922382035,0
7.219,2221.7424298756655,0
7.22,2233.2776577480304,0
7.221,2259.7546599473453,0
7.222,2300.9121759117356,0
7.223,2356.3439936836658,0
7.224,2425.503460814549,0
7.2250000000000005,2507.7074797416444,0
7.226,2602.1459678472515,0
7.227,2702.1271199038274,1
7.228,2812.2833517742256,0
7.229,2931.673872571971,0
7.23,3059.158922358308,0
7.231,3193.517732260045,0
7.232,3333.4604850799537,0
7.2330000000000005,3477.6406688086226,0
7.234,3624.6683290411966,0
7.235,3773.1234960423058,0
7.236,3921.5700434572295,0
7.237,4068.5697018460505,0
7.238,4212.696282967629,0
7.239,4352.549364744978,0
7.24,4486.76805342142,0
7.2410000000000005,4614.043862201353,0
7.242,4733.1358900324285,0
7.243,4842.878887022751,0
7.244,4942.198921025146,0
7.245,5030.120701178317,0
7.246,5105.779163093446,0
7.247,5168.427198184512,0
7.248,5217.443514045781,0
7.2490000000000006,5252.338349900595,0
7.25,5272.758740021145,0
7.251,5278.492113605661,0
7.252,5269.46805771409,0
7.253,5245.75966309566,0
7.2540000000000004,5207.582748550902,0
7.255,5155.293680152025,0
7.256,5089.386379080082,0
7.257000000000001,5010.487321658002,0
7.258,4919.349810115578,0
7.259,4816.846786361462,0
7.26,4703.961574622953,0
7.261,4581.779792545063,0
7.2620000000000005,4451.477925368261,0
7.263,4314.312126660508,0
7.264,4171.606203999187,0
7.265000000000001,4024.738583282237,0
7.266,3875.1290286220674,0
7.267,3724.2248423204287,0
7.268,3573.4869069155357,0
7.269,3424.3752776287915,0
7.2700000000000005,3278.3352657832966,0
7.271,3136.7830118840284,0
7.272,3001.091811782884,0
7.273000000000001,2872.5800812693615,0
7.274,2752.4952330937585,0
7.275,2642.0032768824058,0
7.276,2542.179929521021,0
7.277,2453.9960500390157,0
7.2780000000000005,2378.310946179891,0
7.279,2315.8625965406163,0
7.28,2267.2608296726853,0
7.281000000000001,2232.9811885486783,0
7.282,2213.360339154925,0
7.283,2208.5928093113534,0
7.284,2218.7290814214593,0
7.285,2243.6748112846713,0
7.2860000000000005,2283.191837685466,0
7.287,2336.9006065327417,0
7.288,2404.28308832164,0
7.289000000000001,2484.6892646735523,0
7.29,2577.3415883358703,0
7.291,2679.2119604390173,1
7.292,2790.7537494669573,0
7.293,2911.528766339187,0
7.2940000000000005,3040.3869166343793,0
7.295,3176.099561269715,0
7.296,3317.3713006410358,0
7.297,3462.852412996091,0
7.298,3611.151757380049,0
7.299,3760.8502373338433,0
7.3,3910.5142582729636,0
7.301,4058.7098417576703,0
7.3020000000000005,4204.015983110317,0
7.303,4345.038675479031,0
7.304,4480.424000530358,0
7.305,4608.8707282420955,0
7.306,4729.1454160873045,0
7.307,4840.0910913402895,0
7.308,4940.640089764144,0
7.309,5029.823255515498,0
7.3100000000000005,5106.780945589933,0
7.311,5170.769755974039,0
7.312,5221.170730538161,0
7.313,5257.495049410573,0
7.314,5279.388602998688,0
7.315,5286.635830592481,0
7.316,5279.161496196049,0
7.317,5257.031765231254,0
7.3180000000000005,5220.453372246574,0
7.319,5169.771645734247,0
7.32,5105.467682938713,0
7.321,5028.153448880947,0
7.322,4938.565752776749,0
7.323,4837.559930520449,0
7.324,4726.100475891106,0
7.325,4605.252813004329,0
7.3260000000000005,4476.1729501081745,0
7.327,4340.096210783317,0
7.328,4198.3253296235835,0
7.329,4052.2180748043174,0
7.33,3903.1741895456516,0
7.331,3752.622045864187,0
7.332,3602.004689352676,0
7.333,3452.766234375929,0
7.3340000000000005,3306.338091643935,0
7.335,3164.124434038531,0
7.336,3027.4901122146675,0
7.337,2897.7462641838392,0
7.338,2776.1396460124815,0
7.339,2663.835227092969,0
7.34,2561.912384272807,0
7.341,2471.349188622019,0
7.3420000000000005,2393.016610547788,0
7.343,2327.6674109997352,0
7.344,2275.9299173221966,0
7.345,2238.3018484155755,0
7.346,2215.145680376498,0
7.347,2206.684864974709,0
7.348,2213.0020924496143,0
7.349,2234.0378400248273,0
7.3500000000000005,2269.591477137247,0
7.351,2319.3229633620667,0
7.352,2382.756188626109,0
7.353,2459.283105490443,0
7.354,2548.170218262968,0
7.355,2648.56526871342,0
7.356,2752.0793118991364,1
7.357,2865.599243770369,0
7.3580000000000005,2987.6101707130642,0
7.359,3116.9858912013,0
7.36,3252.5278505202436,0
7.361,3392.9762715552574,0
7.362,3537.0222661670846,0
7.363,3683.319941241239,0
7.364,3830.499291834423,0
7.365,3977.1791955865156,0
7.3660000000000005,4121.980480355079,0
7.367,4263.538802252513,0
7.368,4400.51821362104,0
7.369,4531.623591928997,0
7.37,4655.611595683549,0
7.371,4771.307403124367,0
7.372,4877.609393557354,0
7.373,4973.503132990704,0
7.3740000000000006,5058.072945112279,0
7.375,5130.50663234901,0
7.376,5190.105941298848,0
7.377,5236.293052457648,0
7.378,5268.615712338803,0
7.3790000000000004,5286.752067213729,0
7.38,5290.513648843675,0
7.381,5279.847649250277,0
7.382000000000001,5254.83724287391,0
7.383,5215.700959137336,0
7.384,5162.791211716409,0
7.385,5096.5907245837025,0
7.386,5017.708194660892,0
7.3870000000000005,4926.8726558997505,0
7.388,4824.926667221741,0
7.389,4712.818814890072,0
7.390000000000001,4591.594274508353,0
7.391,4462.385259911057,0
7.392,4326.400526283793,0
7.393,4184.913909183087,0
7.394,4039.2521425818973,0
7.3950000000000005,3890.782633236013,0
7.396,3740.900380436623,0
7.397,3591.0148174562805,0
7.398000000000001,3442.536575219404,0
7.399,3296.8639530089786,0
7.4,3155.369869172478,0
7.401,3019.3887614340074,0
7.402,2890.204474637566,0
7.4030000000000005,2769.0371030013494,0
7.404,2657.0305477986335,0
7.405,2555.2442017676967,0
7.406000000000001,2464.6421105892796,0
7.407,2386.082763839252,0
7.408,2320.311259453579,0
7.409,2267.9526724190227,0
7.41,2229.5054270991213,0
7.4110000000000005,2205.3371647106114,0
7.412,2195.6806346624016,0
7.413,2200.6317561359556,0
7.414000000000001,2220.148622491244,0
7.415,2254.0515999748077,0
7.416,2302.0252624259547,0
7.417,2363.6210229589215,0
7.418,2438.261581447964,0
7.4190000000000005,2525.2460942396874,0
7.42,2623.7570022619616,0
7.421,2729.645357673352,1
7.422000000000001,2844.51586636945,0
7.423,2967.874740517924,0
7.424,3098.585954860333,0
7.425,3235.443158896948,0
7.426,3377.1811973381796,0
7.4270000000000005,3522.487969422055,0
7.428,3670.0166011846613,0
7.429,3818.3979164031816,0
7.43,3966.2533608102376,0
7.431,4112.207843828736,0
7.432,4254.902758922357,0
7.433,4393.00822436284,0
7.434,4525.236164170305,0
7.4350000000000005,4650.351115248577,0
7.436,4767.183894340306,0
7.437,4874.64387718148,0
7.438,4971.72253804926,0
7.439,5057.509622914008,0
7.44,5131.198693847886,0
7.441,5192.096236779547,0
7.442,5239.626956785055,0
7.4430000000000005,5273.34005129791,0
7.444,5292.913094622625,0
7.445,5298.155443474174,0
7.446,5289.010004888007,0
7.447,5265.553707796111,0
7.448,5227.996883848686,0
7.449,5176.681734383801,0
7.45,5112.078834423006,0
7.4510000000000005,5034.783001652186,0
7.452,4945.507679432303,0
7.453,4845.078827687963,0
7.454,4734.426018597862,0
7.455,4614.575390808023,0
7.456,4486.639040949721,0
7.457,4351.805245032409,0
7.458,4211.326788074441,0
7.4590000000000005,4066.509954838722,0
7.46,3918.7019687941997,0
7.461,3769.2784990300183,0
7.462,3619.630840058589,0
7.463,3471.152966438707,0
7.464,3325.2282843868857,0
7.465,3183.217039184915,0
7.466,3046.443350333935,0
7.4670000000000005,2916.1834150222794,0
7.468,2793.651761808206,0
7.469,2679.993324073863,0
7.47,2576.267835986511,0
7.471,2483.444150920652,0
7.472,2402.3901225986733,0
7.473,2333.863373632545,0
7.474,2278.5049023750944,0
7.4750000000000005,2236.833038840003,0
7.476,2209.238386023475,0
7.477,2195.9802221167765,0
7.478,2197.1842783790617,0
7.479,2212.8410948256696,0
7.48,2242.806527546102,0
7.481,2286.8024808743667,0
7.482,2344.4201336068236,0
7.4830000000000005,2415.123498491911,0
7.484,2498.253869362563,0
7.485,2593.0368009203644,0
7.486,2698.1860221745083,1
7.487,2812.7940357430575,0
7.488,2936.0381448785693,0
7.489,3066.776093360458,0
7.49,3203.7965595975224,0
7.4910000000000005,3345.8304883426617,0
7.492,3491.5627389108736,0
7.493,3639.644251247124,0
7.494,3788.7045601745554,0
7.495,3937.364428135074,0
7.496,4084.2485489588435,0
7.497,4227.998287100018,0
7.498,4367.284541422599,0
7.4990000000000006,4500.818000979254,0
7.5,4627.365814534355,0
7.501,4745.758990022201,0
7.502,4854.902587698341,0
7.503,4953.788284003351,0
7.5040000000000004,5041.50263419138,0
7.505,5117.235849574857,0
7.506,5180.288830193989,0
7.507000000000001,5230.079862237231,0
7.508,5266.149937370003,0
7.509,5288.166899240951,0
7.51,5295.9286607203,0
7.511,5289.3649045706825,0
7.5120000000000005,5268.537694624252,0
7.513,5233.641075820085,0
7.514,5184.999000410562,0
7.515000000000001,5123.062612746181,0
7.516,5048.405779140621,0
7.517,4961.7199712263555,0
7.518,4863.80768516621,0
7.519,4755.575565035264,0
7.5200000000000005,4638.024925393887,0
7.521,4512.243316984512,0
7.522,4379.394554891775,0
7.523000000000001,4240.707512273909,0
7.524,4097.4649500803125,0
7.525,3950.9916271885277,0
7.526,3802.6420578721613,0
7.527,3653.7880486561203,0
7.5280000000000005,3505.805977598595,0
7.529,3360.0639283622345,0
7.53,3217.909279599078,0
7.531000000000001,3080.656158933536,0
7.532,2949.5733290548487,0
7.533,2825.8725231185635,0
7.534,2710.6979065298574,0
7.535,2605.1120713688415,0
7.5360000000000005,2510.091850851451,0
7.537,2426.515219522059,0
7.538,2355.154376592918,0
7.539000000000001,2296.6687165710036,0
7.54,2251.598456081716,0
7.541,2220.359868478805,0
7.542,2203.2413394461482,0
7.543,2200.400659392393,0
7.5440000000000005,2211.863837750381,0
7.545,2237.5245968748627,0
7.546,2277.1453635515018,0
7.547000000000001,2330.359666970481,0
7.548,2396.675322065777,0
7.549,2475.479139421376,0
7.55,2566.042452691713,0
7.551,2667.528099746173,0
7.5520000000000005,2774.8431528429974,1
7.553,2890.7082162393754,0
7.554,3014.475695938599,0
7.555,3145.0319197608787,0
7.556,3281.200091098429,0
7.557,3421.7507914265,0
7.558,3565.413047336203,0
7.559,3710.886339911036,0
7.5600000000000005,3856.85205245315,0
7.561,4001.985518171518,0
7.562,4144.968421906179,0
7.563,4284.500582554124,0
7.564,4419.31184861658,0
7.565,4548.173844819343,0
7.566,4669.909994091346,0
7.567,4783.409630552871,0
7.5680000000000005,4887.636033461351,0
7.569,4981.634276463906,0
7.57,5064.541849001907,0
7.571,5135.596578012914,0
7.572,5194.144787663631,0
7.573,5239.644493459221,0
7.574,5271.672539023944,0
7.575,5289.928014651323,0
7.5760000000000005,5294.235223465328,0
7.577,5284.544838619831,0
7.578,5260.935117255244,0
7.579,5223.610841373382,0
7.58,5172.9017740756735,0
7.581,5109.259548259756,0
7.582,5033.253680860859,0
7.583,4945.566608236113,0
7.5840000000000005,4846.987225611601,0
7.585,4738.404122386028,0
7.586,4620.797312525514,0
7.587,4495.229181364095,0
7.588,4362.835382841056,0
7.589,4224.814157528064,0
7.59,4082.4155293103004,0
7.591,3936.9299399891866,0
7.5920000000000005,3789.6765286895966,0
7.593,3641.9911850179024,0
7.594,3495.214238680965,0
7.595,3350.6785702659945,0
7.596,3209.6969554537172,0
7.597,3073.5507149278296,0
7.598,2943.4777130166603,0
7.599,2820.6608915813276,0
7.6000000000000005,2706.2187597792727,0
7.601,2601.191384801813,0
7.602,2506.5363293709192,0
7.603,2423.1163589779344,0
7.604,2351.692208053997,0
7.605,2292.9160296438013,0
7.606,2247.3250723764986,0
7.607,2215.336939188628,0
7.6080000000000005,2197.2456185322944,0
7.609,2193.2188321313442,0
7.61,2203.296671662266,0
7.611,2227.390825930982,0
7.612,2265.28568881426,0
7.613,2316.6398485592917,0
7.614,2380.9896496206793,0
7.615,2457.7531424167164,0
7.6160000000000005,2546.235269168801,0
7.617,2645.6343538370893,0
7.618,2754.1268211853876,1
7.619,2871.139911049117,0
7.62,2996.0498868376503,0
7.621,3127.734927052715,0
7.622,3265.0115862759294,0
7.623,3406.6462909713437,0
7.6240000000000006,3551.366147358819,0
7.625,3697.8703971687128,0
7.626,3844.8420382153713,0
7.627,3990.9600814657083,0
7.628,4134.91072988483,0
7.6290000000000004,4275.399728538907,0
7.63,4411.163699836358,0
7.631,4540.981743644778,0
7.632000000000001,4663.685526189617,0
7.633,4778.172341845906,0
7.634,4883.412967700657,0
7.635,4978.4601615661095,0
7.636,5062.458360058586,0
7.6370000000000005,5134.651415839551,0
7.638,5194.389560757581,0
7.639,5241.134704530191,0
7.640000000000001,5274.465504482894,0
7.641,5294.081227206916,0
7.642,5299.804301227963,0
7.643,5291.582305423537,0
7.644,5269.487740120157,0
7.6450000000000005,5233.7179725869855,0
7.646,5184.593438486076,0
7.647,5122.554423676209,0
7.648000000000001,5048.157396518286,0
7.649,4962.069917224113,0
7.65,4865.064647601138,0
7.651,4758.012237745757,0
7.652,4641.874064462045,0
7.6530000000000005,4517.693030953242,0
7.654,4386.5841728219275,0
7.655,4249.725016434956,0
7.656000000000001,4108.344955277614,0
7.657,3963.7138680851426,0
7.658,3817.130996067324,0
7.659,3669.9132113268606,0
7.66,3523.3830751736805,0
7.6610000000000005,3378.8571300742105,0
7.662,3237.6338238305643,0
7.663,3100.982251994643,0
7.664000000000001,2970.1302948816883,0
7.665,2846.2545915860924,0
7.666,2730.467423656237,0
7.667,2623.809019050116,0
7.668,2527.2386479104457,0
7.6690000000000005,2441.624188031922,0
7.67,2367.7354381926275,0
7.671,2306.2366538982255,0
7.672000000000001,2257.6808072538342,0
7.673,2222.504810473997,0
7.674,2201.0250242246757,0
7.675,2193.435022146,0
7.676,2199.803625819798,0
7.6770000000000005,2220.0741063769574,0
7.678,2254.064942669983,0
7.679,2301.471210278163,0
7.68,2361.8675026837927,0
7.681,2434.7117264232384,0
7.682,2519.3500516919157,0
7.683,2615.0221031864357,0
7.684,2720.8691289722533,0
7.6850000000000005,2831.1553435378673,1
7.686,2949.4151349924623,0
7.687,3074.8368377354973,0
7.688,3206.3272620389816,0
7.689,3342.7374964614564,0
7.69,3482.8735769920136,0
7.691,3625.5068294234206,0
7.692,3769.384846424726,0
7.6930000000000005,3913.242440120618,0
7.694,4055.8128918897023,0
7.695,4195.839471600733,0
7.696,4332.086111037638,0
7.697,4463.348687851174,0
7.698,4588.465480330636,0
7.699,4706.3278267288415,0
7.7,4815.890866062011,0
7.7010000000000005,4916.179875976926,0
7.702,5006.303573264018,0
7.703,5085.457518767433,0
7.704,5152.934011782596,0
7.705,5208.127898992365,0
7.706,5250.541824204352,0
7.707,5279.790967317724,0
7.708,5295.606326046928,0
7.7090000000000005,5297.8373596712645,0
7.71,5286.453459104735,0
7.711,5261.544054004555,0
7.712,5223.318274385261,0
7.713,5172.102980938167,0
7.714,5108.340015600326,0
7.715,5032.582360816557,0
7.716,4945.489275166446,0
7.7170000000000005,4847.820649225991,0
7.718,4740.430614569613,0
7.719,4624.259104523236,0
7.72,4500.324684086209,0
7.721,4369.715002281348,0
7.722,4233.577381200315,0
7.723,4093.108627472078,0
7.724,3949.544536955117,0
7.7250000000000005,3804.14894717199,0
7.726,3658.202628735209,0
7.727,3512.991718114708,0
7.728,3369.7968003324704,0
7.729,3229.8812039932786,0
7.73,3094.4799354938923,0
7.731,2964.788679517454,0
7.732,2841.954188303159,0
7.7330000000000005,2727.0611917416973,0
7.734,2621.1255887713614,0
7.735,2525.0855351949285,0
7.736,2439.7914993977643,0
7.737,2365.999495408199,0
7.738,2304.364138675111,0
7.739,2255.432957913309,0
7.74,2219.6415214646177,0
7.7410000000000005,2197.30945549991,0
7.742,2188.6376487797843,0
7.743,2193.7062701158775,0
7.744,2212.4743252290245,0
7.745,2244.7795616550893,0
7.746,2290.34042216107,0
7.747,2348.757878845222,0
7.748,2419.519143335826,0
7.7490000000000006,2502.0024575630105,0
7.75,2595.482243235344,0
7.751,2699.1356386144116,0
7.752,2810.793208109419,1
7.753,2930.1515493439797,0
7.7540000000000004,3056.667548383094,0
7.755,3189.239365120967,0
7.756,3326.7119792446983,0
7.757000000000001,3467.887425119702,0
7.758,3611.5349390458923,0
7.759,3756.4020061456526,0
7.76,3901.22511263775,0
7.761,4044.740906320976,0
7.7620000000000005,4185.697062958858,0
7.763,4322.863532928863,0
7.764,4455.04252806328,0
7.765000000000001,4581.0800477085495,0
7.766,4699.874544234064,0
7.767,4810.390321596409,0
7.768,4911.660627614702,0
7.769,5002.799589692157,0
7.7700000000000005,5083.011725774115,0
7.771,5151.5946265859475,0
7.772,5207.948022152416,0
7.773000000000001,5251.578316609079,0
7.774,5282.102756105527,0
7.775,5299.252930902921,0
7.776,5302.877224403979,0
7.777,5292.9420293051735,0
7.7780000000000005,5269.531906919022,0
7.779,5232.849180803171,0
7.78,5183.212022769248,0
7.781000000000001,5121.051714313626,0
7.782,5046.908884589061,0
7.783,4961.428785892058,0
7.784,4865.3557069153885,0
7.785,4759.526450449715,0
7.7860000000000005,4644.863106275716,0
7.787,4522.365098040457,0
7.788,4393.099883586663,0
7.789000000000001,4258.194605719942,0
7.79,4118.825569097773,0
7.791,3976.208133399012,0
7.792,3831.5861605372716,0
7.793,3686.2211965455854,0
7.7940000000000005,3541.3812427720495,0
7.795,3398.329998282715,0
7.796,3258.315632878929,0
7.797000000000001,3122.559790999943,0
7.798,2992.247308238895,0
7.799,2868.515431302578,0
7.8,2752.44556780143,0
7.801,2645.048601976845,0
7.8020000000000005,2547.2625086770695,0
7.803,2459.9416313899833,0
7.804,2383.848454594394,0
7.805000000000001,2319.647652216615,0
7.806,2267.900055135645,0
7.807,2229.0579127624933,0
7.808,2203.4608934369976,0
7.809,2191.3329921542518,0
7.8100000000000005,2192.780761968137,0
7.811,2207.792270266429,0
7.812,2236.2373187682992,0
7.813,2277.868360275738,0
7.814,2332.3227149062814,0
7.815,2399.1257978289486,0
7.816,2477.695258870751,0
7.817,2567.346018678883,0
7.8180000000000005,2667.296311932102,0
7.819,2776.674394812033,0
7.82,2889.4755597391604,1
7.821,3009.6184359353338,0
7.822,3136.196384961281,0
7.823,3268.1390392957337,0
7.824,3404.3283388631594,0
7.825,3543.6079737073796,0
7.8260000000000005,3684.7931994626424,0
7.827,3826.681365522745,0
7.828,3968.061954441817,0
7.829,4107.727285538774,0
7.83,4244.482533950126,0
7.831,4377.156195543028,0
7.832,4504.610453930079,0
7.833,4625.749480089335,0
7.8340000000000005,4739.532574843773,0
7.835,4844.980831876014,0
7.836,4941.18336907674,0
7.837,5027.308676525612,0
7.838,5102.610850857855,0
7.839,5166.435754580217,0
7.84,5218.227097281779,0
7.841,5257.531140245434,0
7.8420000000000005,5284.000637362891,0
7.843,5297.39790576162,0
7.844,5297.597829748757,0
7.845,5284.587598565401,0
7.846,5258.467779143122,0
7.847,5219.4512984882585,0
7.848,5167.862128951312,0
7.849,5104.132088780362,0
7.8500000000000005,5028.797510397899,0
7.851,4942.494568694672,0
7.852,4845.953933931856,0
7.853,4739.9946325313485,0
7.854,4625.517034417274,0
7.855,4503.495216873793,0
7.856,4374.968416061635,0
7.857,4241.032496242625,0
7.8580000000000005,4102.830350043357,0
7.859,3961.5422131373653,0
7.86,3818.3754610337523,0
7.861,3674.5543471886085,0
7.862,3531.309353309633,0
7.863,3389.866718399244,0
7.864,3251.437956202032,0
7.865,3117.209460486768,0
7.8660000000000005,2988.332018480433,0
7.867,2865.9123124898915,0
7.868,2750.9990204526594,0
7.869,2644.580253679357,0
7.87,2547.5700450594095,0
7.871,2460.8030628921424,0
7.872,2385.025644556147,0
7.873,2320.890689358814,0
7.8740000000000006,2268.9513547238193,0
7.875,2229.656488510879,0
7.876,2203.346660127645,0
7.877,2190.2509706004057,0
7.878,2190.485515567232,0
7.8790000000000004,2204.0519125870596,0
7.88,2230.837537446452,0
7.881,2270.6162008344804,0
7.882000000000001,2323.050325490648,0
7.883,2387.6933862494207,0
7.884,2463.9941901892844,0
7.885,2551.3013828049106,0
7.886,2648.868814490208,0
7.8870000000000005,2755.8621623944737,0
7.888,2870.0119745660163,1
7.889,2991.113201531308,0
7.890000000000001,3118.64588399021,0
7.891,3251.532288996294,0
7.892,3388.648842357839,0
7.893,3528.835781235412,0
7.894,3670.9070676021975,0
7.8950000000000005,3813.660355921478,0
7.896,3955.8872401984477,0
7.897,4096.383446973885,0
7.898000000000001,4233.9592363294405,0
7.899,4367.448983986911,0
7.9,4495.721820234459,0
7.901,4617.689863847319,0
7.902,4732.3187336801475,0
7.9030000000000005,4838.639068689104,0
7.904,4935.747631186993,0
7.905,5022.820356495869,0
7.906000000000001,5099.118088440589,0
7.907,5163.992895198951,0
7.908,5216.893620394431,0
7.909,5257.370086297893,0
7.91,5285.077761426404,0
7.9110000000000005,5299.779832637576,0
7.912,5301.349880118928,0
7.913,5289.772540898452,0
7.914000000000001,5265.143880763878,0
7.915,5227.670628936515,0
7.916,5177.6683003510825,0
7.917,5115.558522897956,0
7.918,5041.865820131248,0
7.9190000000000005,4957.212658395046,0
7.92,4862.314567509407,0
7.921,4757.973866211757,0
7.922000000000001,4645.0731467357355,0
7.923,4524.567569981447,0
7.924,4397.476679623631,0
7.925,4264.876111968594,0
7.926,4127.888259998766,0
7.9270000000000005,3987.672813905723,0
7.928,3845.416964208495,0
7.929,3702.32524959633,0
7.930000000000001,3559.6094989961302,0
7.931,3418.4784589714927,0
7.932,3280.127421848899,0
7.933,3145.7284489560407,0
7.934,3016.42017273385,0
7.9350000000000005,2893.2991228361966,0
7.936,2777.408308865088,0
7.937,2669.7282355313273,0
7.938,2571.17159343898,0
7.939,2482.574600417547,0
7.94,2404.6883356157023,0
7.941,2338.1731720626694,0
7.942,2283.5932541523853,0
7.9430000000000005,2241.411556842717,0
7.944,2211.9860445538316,0
7.945,2195.566720620549,0
7.946,2192.2933921933386,0
7.947,2202.194450184438,0
7.948,2225.18658098015,0
7.949,2261.0756066623335,0
7.95,2309.558282072611,0
7.9510000000000005,2370.2243889901856,0
7.952,2442.5604298942426,0
7.953,2525.9541379546886,0
7.954,2619.699488834971,0
7.955,2723.0026983032076,0
7.956,2834.9889503454524,0
7.957,2949.7869486982718,1
7.958,3071.205664044158,0
7.9590000000000005,3198.349383468173,0
7.96,3330.174208583525,0
7.961,3465.595605789513,0
7.962,3603.497476468618,0
7.963,3742.7414413242536,0
7.964,3882.1763909654287,0
7.965,4020.6479874377574,0
7.966,4157.008502817539,0
7.9670000000000005,4290.125849319917,0
7.968,4418.893788981869,0
7.969,4542.240683179537,0
7.97,4659.137622895765,0
7.971,4768.610496470376,0
7.972,4869.745364808128,0
7.973,4961.693781245232,0
7.974,5043.6865443659335,0
7.9750000000000005,5115.033832396923,0
7.976,5175.134332770416,0
7.977,5223.479609842843,0
7.978,5259.6586024326625,0
7.979,5283.3609688605275,0
7.98,5294.37986360339,0
7.981,5292.613762419317,0
7.982,5278.067457672032,0
7.9830000000000005,5250.851800636759,0
7.984,5211.1833435171375,0
7.985,5159.38226624579,0
7.986,5095.869960656841,0
7.987,5021.16557419153,0
7.988,4935.881742080344,0
7.989,4840.719518395754,0
7.99,4736.462761701906,0
7.9910000000000005,4623.971133831689,0
7.992,4504.173914858016,0
7.993,4378.061666128102,0
7.994,4246.677861490439,0
7.995,4111.110753314057,0
7.996,3972.4839362852576,0
7.997,3831.9471840060914,0
7.998,3690.6668218381888,0
7.9990000000000006,3549.8159924601414,0
8.0,3410.5648844585935,0
8.001,3274.0710487376145,0
8.002,3141.4699437936088,0
8.003,3013.8646226264764,0
8.004,2892.317550538951,0
8.005,2777.8415897308532,0
8.006,2671.3904498216616,0
8.007,2573.8513602198846,0
8.008000000000001,2486.0388104027134,0
8.009,2408.6855165676952,0
8.01,2342.4383298130715,0
8.011000000000001,2287.8515982216804,0
8.012,2245.382848392038,0
8.013,2215.3887362471614,0
8.014,2198.122370300052,0
8.015,2193.730805305093,0
8.016,2202.25415509314,0
8.017,2223.624923347611,0
8.018,2257.6685784273577,0
8.019,2304.105037521529,0
8.02,2362.5509666256253,0
8.021,2432.522766952953,0
8.022,2513.440814234445,0
8.023,2604.6342299295675,0
8.024000000000001,2705.345977374159,0
8.025,2814.74021066782,0
8.026,2930.7049780369252,1
8.027000000000001,3052.927848895628,0
8.028,3180.87669743109,0
8.029,3313.500844506523,0
8.03,3449.7110940221414,0
8.031,3588.3885125170104,0
8.032,3728.393722136063,0
8.033,3868.5762949748796,0
8.034,4007.784096216271,0
8.035,4144.873197366735,0
8.036,4278.716497640172,0
8.037,4408.213576343054,0
8.038,4532.2997288097085,0
8.039,4649.953619366095,0
8.040000000000001,4760.208824711474,0
8.041,4862.158558088257,0
8.042,4954.963454063145,0
8.043000000000001,5037.859846272212,0
8.044,5110.165437069754,0
8.045,5171.284899183029,0
8.046,5220.714849923023,0
8.047,5258.047871055831,0
8.048,5282.976070136788,0
8.049,5295.2935052279445,0
8.05,5294.897749665238,0
8.051,5281.790974207869,0
8.052,5256.079980693586,0
8.053,5217.974845533711,0
8.054,5167.787927846579,0
8.055,5105.9307581551875,0
8.056000000000001,5032.910866857769,0
8.057,4949.327675078852,0
8.058,4855.867370396208,0
8.059000000000001,4753.297468837306,0
8.06,4642.460408089429,0
8.061,4524.266811482831,0
8.062,4399.687551691582,0
8.063,4269.7463139795445,0
8.064,4135.510710844588,0
8.065,3998.083904741429,0
8.066,3858.595315408942,0
8.067,3718.1914302114724,0
8.068,3578.0262279963945,0
8.069,3439.2516781733866,0
8.07,3303.0087573212068,0
8.071,3170.417368227519,0
8.072000000000001,3042.5676509565924,0
8.073,2920.510735343142,0
8.074,2805.2518396600954,0
8.075,2697.735905167557,0
8.076,2598.8473302057273,0
8.077,2509.400165337345,0
8.078,2430.1299881061345,0
8.079,2361.688628448741,0
8.08,2304.6391194995103,0
8.081,2259.4508927718334,0
8.082,2226.495781105383,0
8.083,2206.044927190509,0
8.084,2198.2668386105242,0
8.085,2203.2259652388384,0
8.086,2220.8818469505286,0
8.087,2251.0896376928295,0
8.088000000000001,2293.6013157216794,0
8.089,2348.0677650858806,0
8.09,2414.0413425488105,0
8.091,2490.980038073106,0
8.092,2578.2515457307245,0
8.093,2675.13866491051,0
8.094,2780.8450611098096,0
8.095,2894.5018145358863,0
8.096,3010.7630906539425,1
8.097,3132.84590021255,0
8.098,3259.969023733454,0
8.099,3391.118037938205,0
8.1,3525.244580550756,0
8.101,3661.2749062841845,0
8.102,3798.1186572193546,0
8.103,3934.6775516486705,0
8.104000000000001,4069.854149304499,0
8.105,4202.561191601314,0
8.106,4331.729807887966,0
8.107,4456.318565865082,0
8.108,4575.32119327948,0
8.109,4687.776222885532,0
8.11,4792.775162317903,0
8.111,4889.466790682386,0
8.112,4977.066325696951,0
8.113,5054.861976258526,0
8.114,5122.22015987338,0
8.115,5178.591098760964,0
8.116,5223.512853787537,0
8.117,5256.615849802276,0
8.118,5277.625160322607,0
8.119,5286.3633824103645,0
8.120000000000001,5282.751886345828,0
8.121,5266.811621708642,0
8.122,5238.662949615095,0
8.123,5198.524850052643,0
8.124,5146.713172551079,0
8.125,5083.638217586068,0
8.126,5009.8013890106495,0
8.127,4925.791288202891,0
8.128,4832.278892497858,0
8.129,4730.012325430889,0
8.13,4619.810764595606,0
8.131,4502.558119042326,0
8.132,4379.195425787942,0
8.133000000000001,4250.713804475577,0
8.134,4118.145973918512,0
8.135,3982.558383033442,0
8.136000000000001,3845.042305530382,0
8.137,3706.705218175484,0
8.138,3568.661688000073,0
8.139,3432.0245827990852,0
8.14,3297.895705587936,0
8.141,3167.3573311874848,0
8.142,3041.4631629558085,0
8.143,2921.229683630888,0
8.144,2807.6289566290425,0
8.145,2701.578729978115,0
8.146,2603.935984376116,0
8.147,2515.4919186696575,0
8.148,2436.9613103027923,0
8.149000000000001,2368.9811902188994,0
8.15,2312.1029070200325,0
8.151,2266.7882988606316,0
8.152000000000001,2233.4060532920103,0
8.153,2212.2284074970357,0
8.154,2203.429384269733,0
8.155,2207.0829782279025,0
8.156,2223.16256179405,0
8.157,2251.541112776418,0
8.158,2291.992327160162,0
8.159,2344.19232367755,0
8.16,2407.7221426994406,0
8.161,2482.0712167562524,0
8.162,2566.6413781964748,0
8.163,2660.7518161758176,0
8.164,2763.644496935054,0
8.165000000000001,2874.490028601302,0
8.166,2991.566701807662,1
8.167,3114.2905213330087,0
8.168000000000001,3242.0641723046383,0
8.169,3373.867163160055,0
8.17,3508.6469144796397,0
8.171,3645.327325990746,0
8.172,3782.817216228764,0
8.173,3920.019049064444,0
8.174,4055.8378633135294,0
8.175,4189.18969166371,0
8.176,4319.0107917186315,0
8.177,4444.265002651104,0
8.178,4563.953323133076,0
8.179,4677.120926802997,0
8.18,4782.864585706606,0
8.181000000000001,4880.341685897286,0
8.182,4968.775857688349,0
8.183,5047.461319152197,0
8.184000000000001,5115.770865189489,0
8.185,5173.160282091392,0
8.186,5219.172287632471,0
8.187,5253.440431646251,0
8.188,5275.692191327656,0
8.189,5285.7506857366225,0
8.19,5283.5364497379405,0
8.191,5269.067703680528,0
8.192,5242.460570400093,0
8.193,5203.928002280464,0
8.194,5153.778160463059,0
8.195,5092.41156023654,0
8.196,5020.3183616025835,0
8.197000000000001,4938.074553732882,0
8.198,4846.335969855113,0
8.199,4745.835181336564,0
8.2,4637.3742531021835,0
8.201,4521.818689073963,0
8.202,4400.090500004834,0
8.203,4273.1609113676095,0
8.204,4142.042551432812,0
8.205,4007.781396409785,0
8.206,3871.448480696384,0
8.207,3734.1312332122557,0
8.208,3596.9249303404877,0
8.209,3460.923807947775,0
8.21,3327.2125301121378,0
8.211,3196.8575934342275,0
8.212,3070.8983310623485,0
8.213000000000001,2950.3398784886576,0
8.214,2836.142360904209,0
8.215,2729.218253274591,0
8.216,2630.4173634617123,0
8.217,2540.528748855132,0
8.218,2460.269096859204,0
8.219,2390.2780810821027,0
8.22,2331.1136474252353,0
8.221,2283.2473026832267,0
8.222,2247.060474520409,0
8.223,2222.84150250355,0
8.224,2210.7832279800705,0
8.225,2210.981393253681,0
8.226,2223.434366586861,0
8.227,2248.042454460173,0
8.228,2284.6091815406003,0
8.229000000000001,2332.842704381175,0
8.23,2392.358144012557,0
8.231,2462.680765161902,0
8.232,2543.249511156185,0
8.233,2633.4218190643924,0
8.234,2732.4783279575922,0
8.235,2839.629188753877,0
8.236,2954.0200000723103,0
8.237,3071.171385127781,1
8.238,3193.3169573911673,0
8.239,3319.8524731558714,0
8.24,3449.795405355325,0
8.241,3582.135593535024,0
8.242,3715.8432496120017,0
8.243,3849.876988978608,0
8.244,3983.1918502614003,0
8.245000000000001,4114.747864209605,0
8.246,4243.517866829987,0
8.247,4368.495729921292,0
8.248,4488.703870799288,0
8.249,4603.200964227795,0
8.25,4711.089748498465,0
8.251,4811.526653611487,0
8.252,4903.722650334203,0
8.253,4986.953050006501,0
8.254,5060.563282346487,0
8.255,5123.9734488268,0
8.256,5176.683047340219,0
8.257,5218.2751369542475,0
8.258000000000001,5248.419222685754,0
8.259,5266.874325849954,0
8.26,5273.490631568768,0
8.261000000000001,5268.211029269533,0
8.262,5251.071259810808,0
8.263,5222.199814087128,0
8.264,5181.81716978207,0
8.265,5130.233935077598,0
8.266,5067.848450490966,0
8.267,4995.143760113198,0
8.268,4912.683925676798,0
8.269,4821.109506454768,0
8.27,4721.132708295309,0
8.271,4613.531759729592,0
8.272,4499.144906920744,0
8.273,4378.863870608491,0
8.274000000000001,4253.626891904324,0
8.275,4124.4111753184825,0
8.276,3992.2255970869755,0
8.277000000000001,3858.1026377102366,0
8.278,3723.0902641767248,0
8.279,3588.2438276802413,0
8.28,3454.617712784187,0
8.281,3323.2571197612597,0
8.282,3195.189871516897,0
8.283,3071.4182384864775,0
8.284,2952.9112993686113,0
8.285,2840.598855410659,0
8.286,2735.3574061768227,0
8.287,2638.013850251308,0
8.288,2549.330677821053,0
8.289,2470.003860850521,0
8.290000000000001,2400.655936800973,0
8.291,2341.831520894022,0
8.292,2293.992712132176,0
8.293000000000001,2257.516098705303,0
8.294,2232.6891958603887,0
8.295,2219.708374858311,0
8.296,2218.6772065613877,0
8.297,2229.605822424648,0
8.298,2252.410872648941,0
8.299,2286.915658731118,0
8.3,2332.8519902778917,0
8.301,2389.86194396103,0
8.302,2457.501001374248,0
8.303,2535.241204279694,0
8.304,2622.475387090013,0
8.305,2718.521962222703,0
8.306000000000001,2822.6301726621214,0
8.307,2933.9859585308723,0
8.308,3051.4228050939405,1
8.309000000000001,3174.0439532233017,0
8.31,3301.0772106362547,0
8.311,3431.5343818835495,0
8.312,3564.401444407605,0
8.313,3698.646320254678,0
8.314,3833.2268149047445,0
8.315,3967.0987897108753,0
8.316,4099.224165920667,0
8.317,4228.578766283924,0
8.318,4354.16045867421,0
8.319,4474.99619500669,0
8.32,4590.152587296685,0
8.321,4698.738948150682,0
8.322000000000001,4799.914844556988,0
8.323,4892.899772946965,0
8.324,4976.974713730743,0
8.325,5051.492511203044,0
8.326,5115.87835316017,0
8.327,5169.63668681982,0
8.328,5212.354309383113,0
8.329,5243.703683961868,0
8.33,5263.445389119561,0
8.331,5271.4301441895495,0
8.332,5267.599507645009,0
8.333,5251.986280627321,0
8.334,5224.714742573262,0
8.335,5185.99933555613,0
8.336,5136.142777852239,0
8.337,5075.5340329884275,0
8.338000000000001,5004.645038252607,0
8.339,4924.027112446214,0
8.34,4834.306739733838,0
8.341,4736.180499713882,0
8.342,4630.410142919879,0
8.343,4517.815825721068,0
8.344,4399.270538040624,0
8.345,4275.693126691411,0
8.346,4148.041021856631,0
8.347,4017.3029062878313,0
8.348,3884.4911161801897,0
8.349,3750.6337877534297,0
8.35,3616.766835149261,0
8.351,3483.9261426017106,0
8.352,3353.139297500963,0
8.353,3225.41773439033,0
8.354000000000001,3101.7492240008555,0
8.355,2983.089705498941,0
8.356,2870.3573986031474,0
8.357,2764.4230157716324,0
8.358,2666.102693163474,0
8.359,2576.1585110552514,0
8.36,2495.283006126537,0
8.361,2424.101453381906,0
8.362,2363.163157301237,0
8.363,2312.9379941554425,0
8.364,2273.812993202226,0
8.365,2246.08959609294,0
8.366,2229.9806937460753,0
8.367,2225.6094980955168,0
8.368,2233.008596832442,0
8.369,2252.1195895094443,0
8.370000000000001,2282.7934469358934,0
8.371,2324.7918649353614,0
8.372,2377.7890353704843,0
8.373,2441.374227272412,0
8.374,2515.054856981724,0
8.375,2598.260172341147,0
8.376,2690.3466863130934,0
8.377,2790.601681154175,0
8.378,2898.2493036609617,0
8.379,3012.4571604053417,0
8.38,3129.8618699871236,1
8.381,3251.496677262825,0
8.382,3376.9137952592664,0
8.383000000000001,3505.1643734658323,0
8.384,3635.277742393073,0
8.385,3766.2689258257224,0
8.386000000000001,3897.1458190614308,0
8.387,4026.9169995798043,0
8.388,4154.5989748391685,0
8.389,4279.224107566683,0
8.39,4399.847253651116,0
8.391,4515.553598420838,0
8.392,4625.464744112763,0
8.393,4728.746587876016,0
8.394,4824.616752713928,0
8.395,4912.345961557619,0
8.396,4991.267700943188,0
8.397,5060.782137227394,0
8.398,5120.360434415921,0
8.399000000000001,5169.549255135035,0
8.4,5207.9737759861,0
8.401,5235.340727879442,0
8.402000000000001,5251.4407241348545,0
8.403,5256.1497288947485,0
8.404,5249.430029086989,0
8.405,5231.330565525994,0
8.406,5201.986779064295,0
8.407,5161.619190323632,0
8.408,5110.532190386579,0
8.409,5049.111364218757,0
8.41,4977.820825825324,0
8.411,4897.1994575986455,0
8.412,4807.857479595146,0
8.413,4710.470664099946,0
8.414,4605.7763947020285,0
8.415000000000001,4494.567518844497,0
8.416,4377.686377962046,0
8.417,4256.018470362112,0
8.418000000000001,4130.485820819723,0
8.419,4002.039690937714,0
8.42,3871.653743948446,0
8.421,3740.3165386371866,0
8.422,3609.023814784667,0
8.423,3478.771222518401,0
8.424,3350.546550938151,0
8.425,3225.3223853792483,0
8.426,3104.048837292704,0
8.427,2987.6458098256417,0
8.428,2876.997994198604,0
8.429,2772.9433837960714,0
8.43,2676.2711070263836,0
8.431000000000001,2587.715812695741,0
8.432,2507.949825709397,0
8.433,2437.5788873786087,0
8.434000000000001,2377.137570344549,0
8.435,2327.084978084232,0
8.436,2287.801583287872,0
8.437,2259.5861269728584,0
8.438,2242.6534685133565,0
8.439,2237.13274691878,0
8.44,2243.066564587183,0
8.441,2260.4107400088196,0
8.442,2289.034314936386,0
8.443,2328.7209647601067,0
8.444,2379.1702568454975,0
8.445,2440.0000370458256,0
8.446,2510.7495319057216,0
8.447000000000001,2590.882431720448,0
8.448,2679.791400333889,0
8.449,2776.802367899826,0
8.45,2881.1797256393893,0
8.451,2992.132032875129,0
8.452,3108.817761773656,0
8.453,3224.8825664840165,1
8.454,3345.112511892697,0
8.455,3468.395404217819,0
8.456,3593.829841224916,0
8.457,3720.4972302099895,0
8.458,3847.468248136451,0
8.459,3973.809994172747,0
8.46,4098.5926131967235,0
8.461,4220.896481712058,0
8.462,4339.818696301951,0
8.463000000000001,4454.480045547575,0
8.464,4564.031280819164,0
8.465,4667.6607129066215,0
8.466,4764.599378521605,0
8.467,4854.1262303374815,0
8.468,4935.573541084892,0
8.469,5008.3331598563545,0
8.47,5071.860481625286,0
8.471,5125.678340080791,0
8.472,5169.381159267983,0
8.473,5202.6375457006025,0
8.474,5225.193389423695,0
8.475,5236.87330589965,0
8.476,5237.5822366140765,0
8.477,5227.30656987813,0
8.478,5206.113755826337,0
8.479000000000001,5174.152365616374,0
8.48,5131.650938538174,0
8.481,5078.916328226101,0
8.482,5016.3314549201,0
8.483,4944.352709895683,0
8.484,4863.506473450576,0
8.485,4774.385293034231,0
8.486,4677.643771242087,0
8.487,4573.993308612107,0
8.488,4464.197174660828,0
8.489,4349.064973113192,0
8.49,4229.446282956626,0
8.491,4106.224876823559,0
8.492,3980.311573517698,0
8.493,3852.638031241881,0
8.494,3724.1495900748982,0
8.495000000000001,3595.79809688174,0
8.496,3468.535128108996,0
8.497,3343.3047313860666,0
8.498,3221.036420649475,0
8.499,3102.6383640963368,0
8.5,2988.990377049034,0
8.501,2880.9384576198736,0
8.502,2779.2846573231727,0
8.503,2684.78681167613,0
8.504,2598.148852626675,0
8.505,2520.017098364005,0
8.506,2450.9743699308738,0
8.507,2391.536375396844,0
8.508000000000001,2342.1478610299378,0
8.509,2303.179080749215,0
8.51,2274.922899254105,0
8.511000000000001,2257.5926490571874,0
8.512,2251.32037673574,0
8.513,2256.1561089519773,0
8.514,2272.067474255283,0
8.515,2298.9392464484276,0
8.516,2336.5748847193677,0
8.517,2384.697743941957,0
8.518,2442.9529148261017,0
8.519,2510.910084306712,0
8.52,2588.0665632840555,0
8.521,2673.850935030766,0
8.522,2767.6276143403697,0
8.523,2868.701247332859,0
8.524000000000001,2976.3217494604355,0
8.525,3089.6904115285142,0
8.526,3206.7221474870676,1
8.527000000000001,3327.2633661291165,0
8.528,3450.878129709669,0
8.529,3576.6606658691185,0
8.53,3703.689357625447,0
8.531,3831.033722112835,0
8.532,3957.7606626452016,0
8.533,4082.941720278576,0
8.534,4205.659752593021,0
8.535,4325.015671914633,0
8.536,4440.13490865448,0
8.537,4550.17414118375,0
8.538,4654.327211596475,0
8.539,4751.830667254202,0
8.540000000000001,4841.970814973658,0
8.541,4924.086793911442,0
8.542,4997.577184578101,0
8.543000000000001,5061.903620187732,0
8.544,5116.594754473493,0
8.545,5161.25001770563,0
8.546,5195.542453241559,0
8.547,5219.220928767563,0
8.548,5232.112008152397,0
8.549,5234.1216263816705,0
8.55,5225.235223741712,0
8.551,5205.518221429639,0
8.552,5175.115355823855,0
8.553,5134.249797771296,0
8.554,5083.221361365981,0
8.555,5022.404289323567,0
8.556000000000001,4952.244716118581,0
8.557,4873.257232425313,0
8.558,4786.020984765257,0
8.559000000000001,4691.176012762014,0
8.56,4589.417527054327,0
8.561,4481.491959733718,0
8.562,4368.190513643511,0
8.563,4250.344318762838,0
8.564,4128.817457330521,0
8.565,4004.5010286863385,0
8.566,3878.306662736737,0
8.567,3751.159720319004,0
8.568,3623.9926578530562,0
8.569,3497.737858780199,0
8.57,3373.321222589246,0
8.571,3251.6549872477362,0
8.572000000000001,3133.6314775173314,0
8.573,3020.115982592034,0
8.574,2911.941237914277,0
8.575000000000001,2809.9015248404976,0
8.576,2714.7420079909302,0
8.577,2627.1622175187385,0
8.578,2547.8042620724937,0
8.579,2477.2500043783584,0
8.58,2416.016750020366,0
8.581,2364.553505863125,0
8.582,2323.237486021003,0
8.583,2292.3717096475257,0
8.584,2272.1821927234732,0
8.585,2262.816945806323,0
8.586,2264.344502622068,0
8.587,2276.7534816253906,0
8.588000000000001,2299.9527623959266,0
8.589,2333.7719889765526,0
8.59,2377.9629646690028,0
8.591,2432.2013478858003,0
8.592,2496.089192823946,0
8.593,2569.157737615717,0
8.594,2650.8708708677095,0
8.595,2740.629076151131,0
8.596,2837.773847888795,0
8.597,2941.5924934808763,0
8.598,3051.32331095689,0
8.599,3166.161332169177,0
8.6,3281.781811060614,1
8.601,3400.485424011473,0
8.602,3521.703226153274,0
8.603,3644.5712386689725,0
8.604000000000001,3768.2132688067327,0
8.605,3891.7466579779975,0
8.606,4014.2889407086745,0
8.607,4134.9641146113245,0
8.608,4252.908698943068,0
8.609,4367.278412469453,0
8.61,4477.2539065251785,0
8.611,4582.046366639924,0
8.612,4680.904760668761,0
8.613,4773.118869984013,0
8.614,4858.025985349588,0
8.615,4935.015408962413,0
8.616,5003.532792668217,0
8.617,5063.084451819151,0
8.618,5113.240352205721,0
8.619,5153.637762735832,0
8.620000000000001,5183.983520380776,0
8.621,5204.056723137653,0
8.622,5213.709824976829,0
8.623,5212.869987837592,0
8.624,5201.539502860954,0
8.625,5179.796187569423,0
8.626,5147.7924525054905,0
8.627,5105.754414771121,0
8.628,5053.9803973825465,0
8.629,4992.838620952842,0
8.63,4922.7648385447055,0
8.631,4844.25905429512,0
8.632,4757.882011401809,0
8.633000000000001,4664.251232834179,0
8.634,4564.036564957928,0
8.635,4457.955345145769,0
8.636000000000001,4346.767340396903,0
8.637,4231.26939916613,0
8.638,4112.289444629501,0
8.639,3990.680888561663,0
8.64,3867.3161569830236,0
8.641,3743.080640281522,0
8.642,3618.866315109248,0
8.643,3495.565140719934,0
8.644,3374.0630229674916,0
8.645,3255.232909516535,0
8.646,3139.9290664364653,0
8.647,3028.9804222842663,0
8.648,2923.185912721087,0
8.649000000000001,2823.306642723239,0
8.65,2730.059578705338,0
8.651,2644.116984425056,0
8.652000000000001,2566.097156103672,0
8.653,2496.5629004092166,0
8.654,2436.015445252274,0
8.655,2384.891398078009,0
8.656,2343.5598717974417,0
8.657,2312.3195014029543,0
8.658,2291.3963972606425,0
8.659,2280.9424201261213,0
8.66,2281.0343103644514,0
8.661,2291.672943896105,0
8.662,2312.783140581013,0
8.663,2344.214440761757,0
8.664,2385.7420372193515,0
8.665000000000001,2437.068573862513,0
8.666,2497.8258855958675,0
8.667,2567.5781573763716,0
8.668000000000001,2645.824542614176,0
8.669,2732.0029395087195,0
8.67,2825.4941984783864,0
8.671,2925.626299020692,0
8.672,3031.6796294882856,0
8.673,3142.8914735864582,0
8.674,3258.355966076125,1
8.675,3377.1773766174692,0
8.676,3498.5812851450664,0
8.677,3621.6982374131712,0
8.678,3745.647386107818,0
8.679,3869.543031322818,0
8.68,3992.500572385435,0
8.681000000000001,4113.64282570503,0
8.682,4232.106609024591,0
8.683,4347.048226294747,0
8.684000000000001,4457.650154882421,0
8.685,4563.125532959409,0
8.686,4662.725614779407,0
8.687,4755.7448387316335,0
8.688,4841.524210231985,0
8.689,4919.456075259354,0
8.69,4988.98955564612,0
8.691,5049.634080862566,0
8.692,5100.962733822496,0
8.693,5142.615015741145,0
8.694,5174.299411703549,0
8.695,5195.7956719442855,0
8.696,5206.956088228106,0
8.697000000000001,5207.706583327027,0
8.698,5198.0471996187625,0
8.699,5178.051616103099,0
8.700000000000001,5147.867462079696,0
8.701,5107.714418624931,0
8.702,5057.883001959672,0
8.703,4998.7322457252185,0
8.704,4930.687383552982,0
8.705,4854.236440357406,0
8.706,4769.927011336472,0
8.707,4678.3622328787815,0
8.708,4580.196496054611,0
8.709,4476.130732403177,0
8.71,4366.907453837652,0
8.711,4253.305561777022,0
8.712,4136.1345679966125,0
8.713000000000001,4016.2290070825115,0
8.714,3894.442495181579,0
8.715,3771.641480985033,0
8.716,3648.6994994808097,0
8.717,3526.4904882427827,0
8.718,3405.883073309464,0
8.719,3287.7339647089057,0
8.72,3172.8821666798067,0
8.721,3062.1429739973155,0
8.722,2956.3028749922046,0
8.723,2856.1115968039476,0
8.724,2762.279336637295,0
8.725,2675.471032280245,0
8.726,2596.3018680424393,0
8.727,2525.3322433012336,0
8.728,2463.064180952547,0
8.729000000000001,2409.937864644664,0
8.73,2366.328372151267,0
8.731,2332.5430045028534,0
8.732,2308.8194476356653,0
8.733,2295.3239630798444,0
8.734,2292.1499045290643,0
8.735,2299.3176023987435,0
8.736,2316.7739573124627,0
8.737,2344.39274533122,0
8.738,2381.975723430359,0
8.739,2429.2540923101533,0
8.74,2485.8902236397207,0
8.741,2551.4802820323403,0
8.742,2625.556835378337,0
8.743,2707.5924996790836,0
8.744,2797.0035341676994,0
8.745000000000001,2893.1539371719973,0
8.746,2995.360061044671,0
8.747,3102.8954388136526,0
8.748,3214.9959592230175,0
8.749,3329.2776373515994,1
8.75,3445.9842860430963,0
8.751,3564.7576286795033,0
8.752,3684.769807351221,0
8.753,3805.1844324428603,0
8.754,3925.1628284043118,0
8.755,4043.8695662157993,0
8.756,4160.4783666508265,0
8.757,4274.177701084357,0
8.758000000000001,4384.176667600997,0
8.759,4489.710965883782,0
8.76,4590.045473774066,0
8.761000000000001,4684.483875358079,0
8.762,4772.372040222529,0
8.763,4853.09842628697,0
8.764,4926.1027937126,0
8.765,4990.878853122058,0
8.766,5046.9777883122515,0
8.767,5094.011159488212,0
8.768,5131.653750082256,0
8.769,5159.6458057557575,0
8.77,5177.794705206652,0
8.771,5185.976368200248,0
8.772,5184.13604948409,0
8.773,5172.288802612865,0
8.774000000000001,5150.519470965517,0
8.775,5118.981438307941,0
8.776,5077.8967426309655,0
8.777000000000001,5027.5527880214295,0
8.778,4968.302063148956,0
8.779,4900.558889411346,0
8.78,4824.796451239361,0
8.781,4741.543644856263,0
8.782,4651.3813932715575,0
8.783,4554.93857104792,0
8.784,4452.887657796757,0
8.785,4345.940020337401,0
8.786,4234.840911800753,0
8.787,4120.364340312616,0
8.788,4003.307795304602,0
8.789,3884.486408254635,0
8.790000000000001,3764.727744647624,0
8.791,3644.865377428871,0
8.792,3525.733798728194,0
8.793000000000001,3408.1619902250623,0
8.794,3292.968274179385,0
8.795,3180.9541062400367,0
8.796,3072.8987148261076,0
8.797,2969.554213151188,0
8.798,2871.6394753750587,0
8.799,2779.833862621172,0
8.8,2694.776338255683,0
8.801,2617.0581669399285,0
8.802,2547.219552494352,0
8.803,2485.7457474723124,0
8.804,2433.06360805333,0
8.805,2389.538911416135,0
8.806000000000001,2355.473599770341,0
8.807,2331.1037068903706,0
8.808,2316.597867152129,0
8.809000000000001,2312.0560619808284,0
8.81,2317.5087825458813,0
8.811,2332.9173133087465,0
8.812,2358.173405824886,0
8.813,2393.100142484626,0
8.814,2437.453913829272,0
8.815,2490.9249938772864,0
8.816,2553.1403986902988,0
8.817,2623.6663450469396,0
8.818,2702.011264206675,0
8.819,2787.62920311395,0
8.82,2879.923689479358,0
8.821,2978.251882277119,0
8.822000000000001,3081.9287743728537,0
8.823,3190.232519291144,0
8.824,3302.4089145784646,0
8.825000000000001,3414.17157931743,1
8.826,3527.9730501762965,0
8.827,3643.26407129801,0
8.828,3759.267145599306,0
8.829,3875.199531903316,0
8.83,3990.2784907356713,0
8.831,4103.726441207924,0
8.832,4214.776357906978,0
8.833,4322.677234985693,0
8.834,4426.698792126392,0
8.835,4526.135942504727,0
8.836,4620.314878038463,0
8.837,4708.598184741581,0
8.838000000000001,4790.386710204606,0
8.839,4865.12456657873,0
8.84,4932.303830455077,0
8.841,4991.467667592975,0
8.842,5042.21327908714,0
8.843,5084.194635630225,0
8.844,5117.125106979417,0
8.845,5140.7792101115265,0
8.846,5154.9941913678995,0
8.847,5159.671462074019,0
8.848,5154.777000373634,0
8.849,5140.341585256563,0
8.85,5116.460915944714,0
8.851,5083.295031308942,0
8.852,5041.066439447194,0
8.853,4990.059904475907,0
8.854000000000001,4930.619700712009,0
8.855,4863.14743765102,0
8.856,4788.099476410177,0
8.857,4705.983822846078,0
8.858,4617.3567021344,0
8.859,4522.818756818209,0
8.86,4423.010968530906,0
8.861,4318.610415156706,0
8.862,4210.325637239286,0
8.863,4098.891714811089,0
8.864,3985.0653983165166,0
8.865,3869.6200445131785,0
8.866,3753.3400950028777,0
8.867,3637.0160054527396,0
8.868,3521.438696286707,0
8.869,3407.3942368267035,0
8.870000000000001,3295.65851606916,0
8.871,3186.991917956826,0
8.872,3082.1342163937197,0
8.873,2981.799653652933,0
8.874,2886.671341600514,0
8.875,2797.39706208317,0
8.876,2714.584695924566,0
8.877,2638.800029278761,0
8.878,2570.5584888854255,0
8.879,2510.3262701788417,0
8.88,2458.514490780817,0
8.881,2415.4769896320804,0
8.882,2381.507891809867,0
8.883000000000001,2356.839576748766,0
8.884,2341.6412854592127,0
8.885,2336.0175384059257,0
8.886000000000001,2340.0077527743792,0
8.887,2353.585929216946,0
8.888,2376.6605350350947,0
8.889,2409.07545949478,0
8.89,2450.6108261685795,0
8.891,2500.984579678995,0
8.892,2559.8544486729816,0
8.893,2626.8200357906862,0
8.894,2701.42584598129,0
8.895,2783.1641170309763,0
8.896,2871.4784965083377,0
8.897,2965.767574544058,0
8.898,3065.3891988921328,0
8.899000000000001,3169.664746207494,0
8.9,3277.8837435837927,0
8.901,3389.2829394463897,1
8.902000000000001,3503.007802606406,0
8.903,3618.311514320138,0
8.904,3734.411226721241,0
8.905,3850.519785015932,0
8.906,3965.8509299907273,0
8.907,4079.624445521324,0
8.908,4191.0718595097305,0
8.909,4299.441035941185,0
8.91,4404.001523608874,0
8.911,4504.049441151256,0
8.912,4598.9078219772,0
8.913,4687.947784655244,0
8.914,4770.568299371887,0
8.915000000000001,4846.216414975789,0
8.916,4914.386159140798,0
8.917,4974.622641091376,0
8.918000000000001,5026.5251891386915,0
8.919,5069.749318533648,0
8.92,5104.009519607322,0
8.921,5129.080879032597,0
8.922,5144.800379294894,0
8.923,5151.068468019305,0
8.924,5147.849079238593,0
8.925,5135.170185339872,0
8.926,5113.1233802435745,0
8.927,5081.863203891873,0
8.928,5041.606155807358,0
8.929,4992.6290929503475,0
8.93,4935.267366998645,0
8.931000000000001,4869.912498147522,0
8.932,4797.009505244916,0
8.933,4717.053966058042,0
8.934000000000001,4630.588449712993,0
8.935,4538.199008238732,0
8.936,4440.511094798029,0
8.937,4338.185632437875,0
8.938,4231.913925233616,0
8.939,4122.413717855529,0
8.94,4010.4240340306374,0
8.941,3896.7001205278816,0
8.942,3782.0084181003535,0
8.943,3667.121416994413,0
8.944,3552.8125819022434,0
8.945,3439.851095052061,0
8.946,3328.9967500885386,0
8.947000000000001,3220.994347494623,0
8.948,3116.569697149089,0
8.949,3016.4240669304145,0
8.950000000000001,2921.229399921269,0
8.951,2831.6251027435587,0
8.952,2748.2102892261137,0
8.953,2671.544515840402,0
8.954,2602.1410518220873,0
8.955,2540.464180795536,0
8.956,2486.9260097661872,0
8.957,2441.8837116773425,0
8.958,2405.6375107941694,0
8.959,2378.4282357260345,0
8.96,2360.435907510467,0
8.961,2351.7787478054825,0
8.962,2352.512004469043,0
8.963000000000001,2362.6281247755787,0
8.964,2382.056302336184,0
8.965,2410.663393163535,0
8.966,2448.2544972016917,0
8.967,2494.574629347288,0
8.968,2549.3101527262334,0
8.969,2612.0909982204976,0
8.97,2682.4933521103594,0
8.971,2760.0422527235974,0
8.972,2844.2149085387027,0
8.973,2934.4442082651376,0
8.974,3030.1225627819167,0
8.975,3130.605959763105,0
8.976,3235.2182802977904,0
8.977,3343.255943310771,0
8.978,3452.8624987980006,1
8.979000000000001,3563.9457326874785,0
8.98,3676.1743885342225,0
8.981,3788.8067025781397,0
8.982,3901.098831144193,0
8.983,4012.309738063229,0
8.984,4121.70613673704,0
8.985,4228.567337632782,0
8.986,4332.18963715224,0
8.987,4431.891463760778,0
8.988,4527.016914768722,0
8.989,4616.941628742774,0
8.99,4701.076941407374,0
8.991,4778.870593210475,0
8.992,4849.81309044933,0
8.993,4913.440551205979,0
8.994,4969.337497714358,0
8.995000000000001,5017.139705987613,0
8.996,5056.536359313316,0
8.997,5087.272322985669,0
8.998,5109.149476429876,0
8.999,5122.028035611574,0
9.0,5125.827795774529,0
9.001,5120.528093081683,0
9.002,5106.168312314629,0
9.003,5082.847392075183,0
9.004,5050.72318359631,0
9.005,5010.011432334678,0
9.006,4960.984245596038,0
9.007,4903.968272304455,0
9.008000000000001,4839.342685292635,0
9.009,4767.5364648919185,0
9.01,4689.025708649418,0
9.011000000000001,4604.330370674017,0
9.012,4514.010919102159,0
9.013,4418.664455161283,0
9.014,4318.921086508701,0
9.015,4215.439416386518,0
9.016,4108.902510273373,0
9.017,4000.0132737165013,0
9.018,3889.4896848122034,0
9.019,3778.0603800294975,0
9.02,3666.4595360594108,0
9.021,3555.4223017265513,0
9.022,3445.679850654098,0
9.023,3337.9544201821213,0
9.024000000000001,3232.954979822052,0
9.025,3131.3722061533445,0
9.026,3033.873984646615,0
9.027000000000001,2941.102994194855,0
9.028,2853.6658024227054,0
9.029,2772.137678213443,0
9.03,2697.054282213158,0
9.031,2628.9083494602773,0
9.032,2568.1468886137122,0
9.033,2515.168115944134,0
9.034,2470.3189774582015,0
9.035,2433.892882153314,0
9.036,2406.127586957131,0
9.037,2387.20403568418,0
9.038,2377.2448509695037,0
9.039,2376.3135323055085,0
9.040000000000001,2384.4145537964587,0
9.041,2401.492535889026,0
9.042,2427.4332359779946,0
9.043000000000001,2462.064203805043,0
9.044,2505.1556993488975,0
9.045,2556.422404259358,0
9.046,2615.525351016948,0
9.047,2682.0740527135977,0
9.048,2755.6291520946943,0
9.049,2835.7050514758057,0
9.05,2921.773776843949,0
9.051,3013.2676814534334,0
9.052,3109.58369622482,0
9.053,3210.086883504132,0
9.054,3314.11519619904,0
9.055,3420.9833016412795,0
9.056000000000001,3527.5063637761186,1
9.057,3635.0347353062384,0
9.058,3743.242040088183,0
9.059000000000001,3851.4357448535716,0
9.06,3958.923538684382,0
9.061,4065.017651905325,0
9.062,4169.039210560855,0
9.063,4270.3228376996885,0
9.064,4368.220347277341,0
9.065,4462.105555817891,0
9.066,4551.377752505792,0
9.067,4635.464918474873,0
9.068,4713.83131283557,0
9.069,4785.97469415633,0
9.07,4851.43369585756,0
9.071,4909.789806980505,0
9.072000000000001,4960.669958991052,0
9.073,5003.749104237587,0
9.074,5038.752150846199,0
9.075000000000001,5065.455779180182,0
9.076,5083.689798324564,0
9.077,5093.338283370628,0
9.078,5094.340660312794,0
9.079,5086.691371243571,0
9.08,5070.440506755649,0
9.081,5045.693503990695,0
9.082,5012.610227097478,0
9.083,4971.403946285238,0
9.084,4922.340184867855,0
9.085,4865.734732267083,0
9.086,4801.9519289574655,0
9.087,4731.402112788535,0
9.088000000000001,4654.5391465049115,0
9.089,4571.857406697329,0
9.09,4483.888604437944,0
9.091,4391.198460611849,0
9.092,4294.383069743647,0
9.093,4194.064975742211,0
9.094,4090.889345897775,0
9.095,3985.519482961106,0
9.096,3878.6330472952695,0
9.097,3770.9173469802054,0
9.098,3663.0650754351855,0
9.099,3555.7697876575044,0
9.1,3449.7214604137444,0
9.101,3345.6021518433818,0
9.102,3244.081446375002,0
9.103,3145.81230535324,0
9.104000000000001,3051.42712208473,0
9.105,2961.5321164026177,0
9.106,2876.7062639362384,0
9.107,2797.4945875590147,0
9.108,2724.4068886316604,0
9.109,2657.9132848760873,0
9.11,2598.4414200981037,0
9.111,2546.3739801187826,0
9.112,2502.0456626262485,0
9.113,2465.7417667158206,0
9.114,2437.695577156546,0
9.115,2418.087555341309,0
9.116,2407.0436492657436,0
9.117,2404.634768418042,0
9.118,2410.8762077909923,0
9.119,2425.727595712301,0
9.120000000000001,2449.0931072535886,0
9.121,2480.8221507776175,0
9.122,2520.710136285034,0
9.123,2568.5001026189775,0
9.124,2623.883978069604,0
9.125,2686.504985289002,0
9.126,2755.9596201562294,0
9.127,2831.8004008148523,0
9.128,2913.5386554777924,0
9.129,3000.6477197678546,0
9.13,3092.566276098022,0
9.131,3188.702075389614,0
9.132,3288.435721940284,0
9.133000000000001,3391.1245303955693,0
9.134,3496.1067138715625,0
9.135,3598.7409848833818,1
9.136000000000001,3702.2618258429225,0
9.137,3806.045009655147,0
9.138,3909.4480388682787,0
9.139,4011.830480335677,0
9.14,4112.557635692383,0
9.141,4211.004469556894,0
9.142,4306.559878031725,0
9.143,4398.630182553525,0
9.144,4486.642037953575,0
9.145,4570.049147531342,0
9.146,4648.331272855434,0
9.147,4721.000303458228,0
9.148,4787.602851697303,0
9.149000000000001,4847.722831902753,0
9.15,4900.98421324282,0
9.151,4947.053564693722,0
9.152000000000001,4985.64185913539,0
9.153,5016.506678598304,0
9.154,5039.453361074816,0
9.155,5054.336815693099,0
9.156,5061.061932530803,0
9.157,5059.58455030151,0
9.158,5049.911682035499,0
9.159,5032.101513680064,0
9.16,5006.2630996959,0
9.161,4972.555832400188,0
9.162,4931.188253706559,0
9.163,4882.417019290599,0
9.164,4826.545208722356,0
9.165000000000001,4763.92053825217,0
9.166,4694.933118269591,0
9.167,4620.01312873689,0
9.168000000000001,4539.628171277864,0
9.169,4454.280266310634,0
9.17,4364.502758219776,0
9.171,4270.8571819002245,0
9.172,4173.929499036042,0
9.173,4074.326449044409,0
9.174,3972.671804783136,0
9.175,3869.602837513069,0
9.176,3765.7657516474733,0
9.177,3661.811849905548,0
9.178,3558.393415028488,0
9.179,3456.1596323442764,0
9.18,3355.752989576025,0
9.181000000000001,3257.8042109016624,0
9.182,3162.9290356874544,0
9.183,3071.7242712200314,0
9.184000000000001,2984.764565533258,0
9.185,2902.5952218225098,0
9.186,2825.7348720548475,0
9.187,2754.6678785466597,0
9.188,2689.84220208846,0
9.189,2631.666826617892,0
9.19,2580.508931333552,0
9.191,2536.691798718756,0
9.192,2500.49268383283,0
9.193,2472.1406864118026,0
9.194,2451.8158280334633,0
9.195,2439.647620815684,0
9.196,2435.7142218488098,0
9.197000000000001,2440.0419876510673,0
9.198,2452.6051898828596,0
9.199,2473.326218836804,0
9.200000000000001,2502.076126848194,0
9.201,2538.6752044975083,0
9.202,2582.8943616653964,0
9.203,2634.4562944927147,0
9.204,2693.0374340043227,0
9.205,2758.269785080509,0
9.206,2829.743414773321,0
9.207,2907.0088734398523,0
9.208,2989.5800744291355,0
9.209,3076.9373406306277,0
9.21,3168.5306642578335,0
9.211,3263.783137755714,0
9.212,3362.0948388028874,0
9.213000000000001,3462.846179697359,0
9.214,3565.3090985288536,1
9.215,3668.7677288638447,0
9.216000000000001,3772.641460847558,0
9.217,3876.278784969072,0
9.218,3979.030839044857,0
9.219,4080.2549880453703,0
9.22,4179.319211467562,0
9.221,4275.605673437485,0
9.222,4368.51459039707,0
9.223,4457.467673914998,0
9.224,4541.91384157711,0
9.225,4621.328306926551,0
9.226,4695.220344181252,0
9.227,4763.132839488491,0
9.228,4824.646743615249,0
9.229000000000001,4879.383652710296,0
9.23,4927.007689406015,0
9.231,4967.227596380171,0
9.232,4999.798563950418,0
9.233,5024.523592052064,0
9.234,5041.254790948077,0
9.235,5049.894082258776,0
9.236,5050.393994832773,0
9.237,5042.757534179216,0
9.238,5027.0385582628915,0
9.239,5003.340943269374,0
9.24,4971.8181808219715,0
9.241,4932.672318813583,0
9.242,4886.152563390768,0
9.243,4832.553852957388,0
9.244,4772.214699922537,0
9.245000000000001,4705.515427540806,0
9.246,4632.875506569333,0
9.247,4554.75100649445,0
9.248,4471.631648987281,0
9.249,4384.038085143577,0
9.25,4292.518151750624,0
9.251,4197.643586767163,0
9.252,4100.006734722726,0
9.253,4000.2167108110184,0
9.254,3898.8955540549655,0
9.255,3796.6744102122075,0
9.256,3694.189725183571,0
9.257,3592.0787975493386,0
9.258000000000001,3490.9764556858704,0
9.259,3391.511077435615,0
9.26,3294.30041714845,0
9.261000000000001,3199.947483171154,0
9.262,3109.03758965188,0
9.263,3022.135516559874,0
9.264,2939.777183443335,0
9.265,2862.473864309236,0
9.266,2790.7033628948293,0
9.267,2724.909522000521,0
9.268,2665.4987320426144,0
9.269,2612.8374744716875,0
9.27,2567.250220192306,0
9.271,2529.017451332412,0
9.272,2498.373857358779,0
9.273,2475.506805162232,0
9.274000000000001,2460.555708962269,0
9.275,2453.6104017213465,0
9.276,2454.7112400898304,0
9.277000000000001,2463.8485897955716,0
9.278,2480.962947988243,0
9.279,2505.94546014538,0
9.28,2538.6384028572475,0
9.281,2578.836288960526,0
9.282,2626.2872411152407,0
9.283,2680.69440398346,0
9.284,2741.7179329875717,0
9.285,2808.977014868067,0
9.286,2882.052380944973,0
9.287,2960.48876605836,0
9.288,3043.7978157026173,0
9.289,3131.4611185113213,0
9.290000000000001,3222.933458290191,0
9.291,3317.646006865972,0
9.292,3415.010156574412,0
9.293000000000001,3514.4209612980817,0
9.294,3614.4742858765135,1
9.295,3714.918502457058,0
9.296,3815.4705022337994,0
9.297,3915.5159767550754,0
9.298,4014.4442557867783,0
9.299,4111.652527499215,0
9.3,4206.5491710969345,0
9.301,4298.557357792516,0
9.302,4387.118720853135,0
9.303,4471.696489254937,0
9.304,4551.777563330742,0
9.305,4626.880130015061,0
9.306000000000001,4696.550072926759,0
9.307,4760.367692917164,0
9.308,4817.948932476317,0
9.309000000000001,4868.949742054656,0
9.31,4913.064584509831,0
9.311,4950.030776851734,0
9.312,4979.629210987727,0
9.313,5001.6860584554,0
9.314,5016.0731256150875,0
9.315,5022.709053863305,0
9.316,5021.559641605576,0
9.317,5012.6380822612,0
9.318,4996.004700462402,0
9.319,4971.766525754905,0
9.32,4940.076772764467,0
9.321,4901.133736567674,0
9.322000000000001,4855.179630015698,0
9.323,4802.498934411821,0
9.324,4743.416831599097,0
9.325000000000001,4678.297061063596,0
9.326,4607.539802601616,0
9.327,4531.579081498364,0
9.328,4450.880283314608,0
9.329,4365.937200505755,0
9.33,4277.268935682295,0
9.331,4185.416969212462,0
9.332,4090.941752267437,0
9.333,3994.419318037786,0
9.334,3896.437673257591,0
9.335,3797.593366637463,0
9.336,3698.4877571475445,0
9.337,3599.723570777868,0
9.338000000000001,3501.9010945754508,0
9.339,3405.614558345788,0
9.34,3311.448348730597,0
9.341000000000001,3219.974019666415,0
9.342,3131.746316582031,0
9.343,3047.30081812983,0
9.344,2967.1471134770454,0
9.345,2891.772206007392,0
9.346,2821.630738651768,0
9.347,2757.1474967515937,0
9.348,2698.7120420940855,0
9.349,2646.6770186152207,0
9.35,2601.3561490477573,0
9.351,2563.022199915552,0
9.352,2531.9055046730587,0
9.353,2508.1924801483065,0
9.354000000000001,2492.0246069065615,0
9.355,2483.4973511239486,0
9.356,2482.660060192177,0
9.357,2489.515269111901,0
9.358,2504.0188028876537,0
9.359,2526.080046277454,0
9.36,2555.56267339883,0
9.361,2592.2853483129857,0
9.362,2636.022810975046,0
9.363,2686.5073658015517,0
9.364,2743.4304095361795,0
9.365,2806.4443444542103,0
9.366,2875.1648081490202,0
9.367,2949.172864124037,0
9.368,3028.017597107194,0
9.369,3111.218841836651,0
9.370000000000001,3198.2702368545915,0
9.371,3288.64199504973,0
9.372,3381.7844873525178,0
9.373,3477.1312991946065,0
9.374,3574.1028885374135,0
9.375,3670.591339109952,1
9.376,3767.0578424273954,0
9.377,3863.3238433371107,0
9.378,3958.8191163823512,0
9.379,4052.9782309224747,0
9.38,4145.244334073178,0
9.381,4235.072288721781,0
9.382,4321.931661755097,0
9.383000000000001,4405.31027923978,0
9.384,4484.715181269317,0
9.385,4559.681663401093,0
9.386000000000001,4629.768091130817,0
9.387,4694.562369728772,0
9.388,4753.68427057787,0
9.389,4806.787549415561,0
9.39,4853.561710143178,0
9.391,4893.733612745581,0
9.392,4927.069893541296,0
9.393,4953.377094794687,0
9.394,4972.503953149559,0
9.395,4984.341576322841,0
9.396,4988.824049670973,0
9.397,4985.929146453803,0
9.398,4975.678392550613,0
9.399000000000001,4958.136681257618,0
9.4,4933.411964189458,0
9.401,4901.6546714807355,0
9.402000000000001,4863.056743731353,0
9.403,4817.850535977242,0
9.404,4766.307348267937,0
9.405,4708.7358901610105,0
9.406,4645.480378847094,0
9.407,4576.918523295495,0
9.408,4503.459308420138,0
9.409,4425.540481123669,0
9.41,4343.626025410818,0
9.411,4258.203422415225,0
9.412,4169.7807078573105,0
9.413,4078.883547423099,0
9.414,3986.0520141178554,0
9.415000000000001,3891.837444487337,0
9.416,3796.7992107253954,0
9.417,3701.5015082743507,0
9.418000000000001,3606.509667800825,0
9.419,3512.3871257924575,0
9.42,3419.692049315881,0
9.421,3328.9739829454156,0
9.422,3240.770540244115,0
9.423,3155.6042657406024,0
9.424,3073.9804857798026,0
9.425,2996.3807485937004,0
9.426,2923.2658341825727,0
9.427,2855.0675045349863,0
9.428,2792.190345702105,0
9.429,2735.0047345668236,0
9.43,2683.849295101708,0
9.431000000000001,2639.0263142358704,0
9.432,2600.800319980741,0
9.433,2569.396696340426,0
9.434000000000001,2545.0002712511314,0
9.435,2527.7544424369426,0
9.436,2517.759990848483,0
9.437,2515.0749543177617,0
9.438,2519.7137036371796,0
9.439,2531.6472979100436,0
9.44,2550.8035206752174,0
9.441,2577.067337168793,0
9.442,2610.281586536473,0
9.443,2650.247787009265,0
9.444,2696.7275470091017,0
9.445,2749.4438340444394,0
9.446,2808.0826087553824,0
9.447000000000001,2872.294706998666,0
9.448,2941.6980129617164,0
9.449,3015.879648321773,0
9.450000000000001,3094.3982838002926,0
9.451,3176.787019202815,0
9.452,3262.5560618777226,0
9.453,3351.195597067705,0
9.454,3442.1787259973526,0
9.455,3534.964749249366,0
9.456,3629.0023523646228,0
9.457,3721.518350526982,1
9.458,3813.775513793574,0
9.459,3905.575307383229,0
9.46,3996.3904912133567,0
9.461,4085.699459251703,0
9.462,4172.989774549286,0
9.463000000000001,4257.760659250864,0
9.464,4339.525988812601,0
9.465,4417.816340036114,0
9.466000000000001,4492.182954356863,0
9.467,4562.20193109104,0
9.468,4627.472090478247,0
9.469,4687.619314708448,0
9.47,4742.299849931877,0
9.471,4791.2012135128725,0
9.472,4834.0443959765,0
9.473,4870.5852276582555,0
9.474,4900.615633253008,0
9.475,4923.965388862486,0
9.476,4940.502444903221,0
9.477,4950.134042809322,0
9.478,4952.807199708185,0
9.479000000000001,4948.50898949961,0
9.48,4937.266601282635,0
9.481,4919.147252855682,0
9.482,4894.25769738229,0
9.483,4862.743716073746,0
9.484,4824.789194840021,0
9.485,4780.615200838108,0
9.486,4730.478539940183,0
9.487,4674.670416517412,0
9.488,4613.5147255497295,0
9.489,4547.366078019918,0
9.49,4476.6079946297805,0
9.491,4401.650503909666,0
9.492,4322.927983437827,0
9.493,4240.896106162656,0
9.494,4156.030028740619,0
9.495000000000001,4068.821134972994,0
9.496,3979.7742437190877,0
9.497,3889.404868221563,0
9.498,3798.2361185963778,0
9.499,3706.7957185820646,0
9.5,3615.61290922249,0
9.501,3525.2153980415173,0
9.502,3436.1263930936548,0
9.503,3348.8616867130045,0
9.504,3263.926215882909,0
9.505,3181.8124554640826,0
9.506,3102.9939438460774,0
9.507,3027.9280122054547,0
9.508000000000001,2957.0490915428827,0
9.509,2890.7666932001844,0
9.51,2829.4650563892947,0
9.511000000000001,2773.4989174750244,0
9.512,2723.192338948723,0
9.513,2678.8364064337084,0
9.514,2640.687762728925,0
9.515,2608.967257515973,0
9.516,2583.8583021674067,0
9.517,2565.506166659743,0
9.518,2554.0167951134645,0
9.519,2549.4567252555016,0
9.52,2551.851913289878,0
9.521,2561.1881817000813,0
9.522,2577.4110881880606,0
9.523,2600.426269051835,0
9.524000000000001,2630.099930488111,0
9.525,2666.2596920098017,0
9.526,2708.695533502393,0
9.527000000000001,2757.161002197189,0
9.528,2811.374684564451,0
9.529,2871.021785004261,0
9.53,2935.7559663550273,0
9.531,3005.201337018353,0
9.532,3078.954688206951,0
9.533,3156.5876986489884,0
9.534,3237.649626590759,0
9.535,3321.6697070178902,0
9.536,3408.1600472299574,0
9.537,3496.61824221834,0
9.538,3586.5305237593047,0
9.539,3677.3747508565034,0
9.540000000000001,3765.8104564679034,1
9.541,3853.8621248287627,0
9.542,3941.249252257048,0
9.543000000000001,4027.4848762927973,0
9.544,4112.088383647178,0
9.545,4194.588352486434,0
9.546,4274.525335285467,0
9.547,4351.453836696378,0
9.548,4424.943511010925,0
9.549,4494.587419194877,0
9.55,4559.996594634853,0
9.551,4620.807550456589,0
9.552,4676.680549328014,0
9.553,4727.304265419914,0
9.554,4772.396671491427,0
9.555,4811.706535923315,0
9.556000000000001,4845.015205454578,0
9.557,4872.137108863817,0
9.558,4892.921600658261,0
9.559000000000001,4907.253212896414,0
9.56,4915.052861714864,0
9.561,4916.277807199495,0
9.562,4910.922257632641,0
9.563,4899.017125606863,0
9.564,4880.63021619227,0
9.565,4855.865671748794,0
9.566,4824.863350864161,0
9.567,4787.798258444344,0
9.568,4744.8794108513075,0
9.569,4696.34875516541,0
9.57,4642.479841802058,0
9.571,4583.5761972984765,0
9.572000000000001,4519.969857697976,0
9.573,4452.019251612531,0
9.574,4380.10741948241,0
9.575000000000001,4304.639683420894,0
9.576,4226.041496865863,0
9.577,4144.756087044707,0
9.578,4061.241903041233,0
9.579,3975.9700679041757,0
9.58,3889.4216124422023,0
9.581,3802.08507021698,0
9.582,3714.453435423853,0
9.583,3627.021455298449,0
9.584,3540.2828741182684,0
9.585,3454.7277023445818,0
9.586,3370.8394315031846,0
9.587,3289.0919963374863,0
9.588000000000001,3209.9475988149575,0
9.589,3133.8536533468928,0
9.59,3061.240729712576,0
9.591000000000001,2992.519915806599,0
9.592,2928.0795710906323,0
9.593,2868.284904412195,0
9.594,2813.474458463094,0
9.595,2763.9587299055215,0
9.596,2720.018534253253,0
9.597,2681.902820759949,0
9.598,2649.828059188348,0
9.599,2623.9762957218777,0
9.6,2604.4945649901265,0
9.601,2591.4936319546673,0
9.602,2585.0478338238167,0
9.603,2585.1943119627567,0
9.604000000000001,2591.932818027658,0
9.605,2605.2256908754757,0
9.606,2624.9983309835043,0
9.607,2651.1391809606203,0
9.608,2683.500712511551,0
9.609,2721.900020342143,0
9.61,2766.1199331092503,0
9.611,2815.9102678602103,0
9.612,2870.98915024065,0
9.613,2931.0446399877246,0
9.614,2995.736536857595,0
9.615,3064.6982511438764,0
9.616,3137.53887336597,0
9.617,3213.845402535325,0
9.618,3293.1850864119856,0
9.619,3375.1078637910377,0
9.620000000000001,3459.148956648295,0
9.621,3544.8314124862814,0
9.622,3631.668883888569,0
9.623,3719.168388953853,0
9.624,3803.5680441885775,1
9.625,3887.5129694038014,0
9.626,3970.6296748556006,0
9.627,4052.468467144907,0
9.628,4132.586616643093,0
9.629,4210.550366808886,0
9.63,4285.937543265203,0
9.631,4358.339578799959,0
9.632,4427.365125753588,0
9.633000000000001,4492.6387013120975,0
9.634,4553.808080575517,0
9.635,4610.540591831269,0
9.636000000000001,4662.5283752314435,0
9.637,4709.489310419234,0
9.638,4751.168228878492,0
9.639,4787.33863943769,0
9.64,4817.8038365990815,0
9.641,4842.398279597399,0
9.642,4860.988144053928,0
9.643,4873.472090804487,0
9.644,4879.782205500953,0
9.645,4879.884132818655,0
9.646,4873.777390835342,0
9.647,4861.495282558685,0
9.648,4843.105123178446,0
9.649000000000001,4818.706897126239,0
9.65,4788.434144653832,0
9.651,4752.4523761675855,0
9.652000000000001,4710.958427148212,0
9.653,4664.1793297195745,0
9.654,4612.371189628811,0
9.655,4555.817762470774,0
9.656,4494.828979375612,0
9.657,4429.739172343623,0
9.658,4360.9053157247945,0
9.659,4288.705195364468,0
9.66,4213.535060978722,0
9.661,4135.807846596585,0
9.662,4055.9506447717895,0
9.663,3974.4024867370763,0
9.664,3891.6118149616987,0
9.665000000000001,3808.0342063557578,0
9.666,3724.1296713118245,0
9.667,3640.360352835443,0
9.668000000000001,3557.187834428693,0
9.669,3475.070713743289,0
9.67,3394.461638402242,0
9.671,3315.8055026303673,0
9.672,3239.536419004958,0
9.673,3166.0765877348867,0
9.674,3095.83009407189,0
9.675,3029.187364870706,0
9.676,2966.5147883675263,0
9.677,2908.1603186161847,0
9.678,2854.447244221887,0
9.679,2805.6731773025367,0
9.68,2762.1086721811766,0
9.681000000000001,2723.9956122183276,0
9.682,2691.545764751634,0
9.683,2664.9398316025035,0
9.684000000000001,2644.326121375391,0
9.685,2629.8198478164486,0
9.686,2621.502630334632,0
9.687,2619.4217797082138,0
9.688,2623.5900435283693,0
9.689,2633.9856704314498,0
9.69,2650.5524176977406,0
9.691,2673.1998209823837,0
9.692,2701.8037193897894,0
9.693,2736.2068404347237,0
9.694,2776.219803395859,0
9.695,2821.622034847457,0
9.696,2872.1630434922654,0
9.697000000000001,2927.5637471635273,0
9.698,2987.5179478508644,0
9.699,3051.694193053211,0
9.700000000000001,3119.737472189874,0
9.701,3191.271205990731,0
9.702,3265.8993235102603,0
9.703,3343.2084746805185,0
9.704,3422.770246764894,0
9.705,3504.1436457208674,0
9.706,3586.8774673463918,0
9.707,3670.5127926210707,0
9.708,3754.585605432017,0
9.709,3835.0928025262533,1
9.71,3915.085390656298,0
9.711,3994.1239534448664,0
9.712,4071.7928981001523,0
9.713000000000001,4147.6838376380565,0
9.714,4221.397461001927,0
9.715,4292.545653644965,0
9.716000000000001,4360.753866211965,0
9.717,4425.662507315767,0
9.718,4486.928980977076,0
9.719,4544.23060003388,0
9.72,4597.264448339385,0
9.721,4645.750210661781,0
9.722,4689.431678686026,0
9.723,4728.077508497439,0
9.724,4761.482965879441,0
9.725,4789.470864967721,0
9.726,4811.892639137923,0
9.727,4828.6290086873505,0
9.728,4839.590899733233,0
9.729000000000001,4844.719518862987,0
9.73,4843.987314729404,0
9.731,4837.39747783299,0
9.732,4824.984591885883,0
9.733,4806.814136999965,0
9.734,4782.9821836015735,0
9.735,4753.615121286273,0
9.736,4718.868831835093,0
9.737,4678.927937317656,0
9.738,4634.004910220013,0
9.739,4584.338899778763,0
9.74,4530.194556471946,0
9.741,4471.860629273174,0
9.742,4409.648413125645,0
9.743,4343.890175396893,0
9.744,4274.937361900508,0
9.745000000000001,4203.158725473897,0
9.746,4128.938362470968,0
9.747,4052.673699797115,0
9.748,3974.773528985661,0
9.749,3895.6553725036692,0
9.75,3815.743750801393,0
9.751,3735.467661219242,0
9.752,3655.2583953679937,0
9.753,3575.5470934569985,0
9.754,3496.762492757726,0
9.755,3419.3287216737012,0
9.756,3343.662682327664,0
9.757,3270.172180316109,0
9.758000000000001,3199.253441118022,0
9.759,3131.2907045148927,0
9.76,3066.6487245679727,0
9.761000000000001,3005.677213057859,0
9.762,2948.7053798888237,0
9.763,2896.042431590073,0
9.764,2847.973588073217,0
9.765,2804.759544160398,0
9.766,2766.634951529789,0
9.767,2733.8071552829606,0
9.768,2706.4547740926246,0
9.769,2684.727213604214,0
9.77,2668.743564580248,0
9.771,2658.591947874059,0
9.772,2654.3288800877144,0
9.773,2655.979157811936,0
9.774000000000001,2663.535529416755,0
9.775,2676.958947231611,0
9.776,2696.1785068565273,0
9.777000000000001,2721.091939534328,0
9.778,2751.566113515212,0
9.779,2787.4376684409194,0
9.78,2828.514093026638,0
9.781,2874.5744641611886,0
9.782,2925.3708269751637,0
9.783,2980.6294385239116,0
9.784,3040.0522528238944,0
9.785,3103.3185690398464,0
9.786,3170.0866791865783,0
9.787,3239.995755515033,0
9.788,3312.6678031684164,0
9.789,3387.709684966524,0
9.790000000000001,3464.7152332213655,0
9.791,3543.2674908573813,0
9.792,3622.940938422234,0
9.793000000000001,3703.3037964467712,0
9.794,3783.9204105334493,0
9.795,3860.7473532700815,1
9.796,3936.981310987692,0
9.797,4012.168169938894,0
9.798,4085.923380000049,0
9.799,4157.869439713671,0
9.8,4227.638191128577,0
9.801,4294.872128892533,0
9.802,4359.224914731832,0
9.803,4420.369440965931,0
9.804,4477.991025905925,0
9.805,4531.793263965775,0
9.806000000000001,4581.499471531366,0
9.807,4626.853949246367,0
9.808,4667.623189219373,0
9.809000000000001,4703.596944514252,0
9.81,4734.589506677585,0
9.811,4760.440814023772,0
9.812,4781.017052823766,0
9.813,4796.211477270847,0
9.814,4805.945166346241,0
9.815,4810.167063940237,0
9.816,4808.854932319064,0
9.817,4802.014835740329,0
9.818,4789.681516576902,0
9.819,4771.918231378218,0
9.82,4748.81636076854,0
9.821,4720.495048496968,0
9.822000000000001,4687.100613958759,0
9.823,4648.805868257013,0
9.824,4605.809145319217,0
9.825000000000001,4558.33339304481,0
9.826,4506.625046473174,0
9.827,4450.952741012781,0
9.828,4391.605984578715,0
9.829,4328.893636470702,0
9.83,4263.14231883848,0
9.831,4194.69478699043,0
9.832,4123.908097640824,0
9.833,4051.151845296092,0
9.834,3976.806135420656,0
9.835,3901.2597174905986,0
9.836,3824.9078243691197,0
9.837,3748.1503017705704,0
9.838000000000001,3671.3892830607824,0
9.839,3595.0272301961486,0
9.84,3519.464931412535,0
9.841000000000001,3445.0994551327003,0
9.842,3372.321213443171,0
9.843,3301.5130756694466,0
9.844,3233.048144321357,0
9.845,3167.2865148449164,0
9.846,3104.575073507353,0
9.847,3045.244025512171,0
9.848,2989.6070911415077,0
9.849,2937.9585560122523,0
9.85,2890.5713208392126,0
9.851,2847.6965989133705,0
9.852,2809.561836263714,0
9.853,2776.369582824199,0
9.854000000000001,2748.2964623811968,0
9.855,2725.4922195466734,0
9.856,2708.0790317437586,0
9.857,2696.1505856444023,0
9.858,2689.7718330106345,0
9.859,2688.9783342196924,0
9.86,2693.77615126916,0
9.861,2704.1419071691853,0
9.862,2720.0228171007598,0
9.863,2741.336930996049,0
9.864,2767.973476998648,0
9.865,2799.793559039913,0
9.866,2836.630747558085,0
9.867,2878.292019509105,0
9.868,2924.5587434797435,0
9.869,2975.1878056917644,0
9.870000000000001,3029.912889022307,0
9.871,3088.445839988821,0
9.872,3150.478231890372,0
9.873,3215.682945902023,0
9.874,3283.7159116207094,0
9.875,3354.217935383697,0
9.876,3426.816573039494,0
9.877,3501.1280276983275,0
9.878,3576.759401342523,0
9.879,3653.310530249179,0
9.88,3730.3762173231175,0
9.881,3807.5483289486356,0
9.882,3880.950136595038,1
9.883000000000001,3953.6480054329904,0
9.884,4025.2336898781477,0
9.885,4095.3504992373905,0
9.886000000000001,4163.648812036776,0
9.887,4229.7869287952,0
9.888,4293.436906886839,0
9.889,4354.278160412185,0
9.89,4412.009572018835,0
9.891,4466.342062195528,0
9.892,4517.0032131819025,0
9.893,4563.739357601974,0
9.894,4606.316273448094,0
9.895,4644.5210608489,0
9.896,4678.161485056931,0
9.897,4707.068976559771,0
9.898,4731.098007198118,0
9.899000000000001,4750.127572790084,0
9.9,4764.061831098429,0
9.901,4772.830330512703,0
9.902000000000001,4776.38862917951,0
9.903,4774.718457881081,0
9.904,4767.827911018336,0
9.905,4755.751341000767,0
9.906,4738.549398647829,0
9.907,4716.308573203367,0
9.908,4689.140862062563,0
9.909,4657.183328846599,0
9.91,4620.597325128642,0
9.911,4579.567807293281,0
9.912,4534.302341145702,0
9.913,4485.030162071567,0
9.914,4432.001143010981,0
9.915000000000001,4375.48397368126,0
9.916,4315.765706298261,0
9.917,4253.149931878799,0
9.918000000000001,4187.95479468012,0
9.919,4120.512123841514,0
9.92,4051.1654040736594,0
9.921,3980.2680539478197,0
9.922,3908.181648849226,0
9.923,3835.2741159444095,0
9.924,3761.917871274246,0
9.925,3688.487849904629,0
9.926,3615.35969927697,0
9.927,3542.9077569336264,0
9.928,3471.5032001583295,0
9.929,3401.512147103309,0
9.93,3333.293673724005,0
9.931000000000001,3267.198119212543,0
9.932,3203.5656363610983,0
9.933,3142.722603326444,0
9.934000000000001,3084.982241310448,0
9.935,3030.64241861931,0
9.936,2979.983267387693,0
9.937,2933.266368911294,0
9.938,2890.7331801080063,0
9.939,2852.603795025564,0
9.94,2819.0758400140753,0
9.941,2790.3234283736847,0
9.942,2766.496266354944,0
9.943,2747.7186820188317,0
9.944,2734.0892294102196,0
9.945,2725.679895993759,0
9.946,2722.5359143959786,0
9.947000000000001,2724.675396120728,0
9.948,2732.0891832498037,0
9.949,2744.741009504713,0
9.950000000000001,2762.567566947721,0
9.951,2785.4787740024603,0
9.952,2813.358271577946,0
9.953,2846.064022077378,0
9.954,2883.429018034209,0
9.955,2925.2620575561045,0
9.956,2971.3488154209304,0
9.957,3021.452827968706,0
9.958,3075.316803008796,0
9.959,3132.663863369896,0
9.96,3193.198986664038,0
9.961,3256.6105395567756,0
9.962,3322.5718357471696,0
9.963000000000001,3390.742877778877,0
9.964,3460.7720656579304,0
9.965,3532.2979847133524,0
9.966000000000001,3604.9513270653933,0
9.967,3678.3569176852066,0
9.968,3752.135332816875,0
9.969,3825.905088885978,0
9.97,3896.153728599139,1
9.971,3965.556190545629,0
9.972,4033.805441658725,0
9.973,4100.569318358523,0
9.974,4165.523033020025,0
9.975,4228.350406693212,0
9.976,4288.745106765683,0
9.977,4346.412395795427,0
9.978,4401.074327272102,0
9.979000000000001,4452.462565566012,0
9.98,4500.327263197493,0
9.981,4544.43474847664,0
9.982000000000001,4584.569910605536,0
9.983,4620.537058730818,0
9.984,4652.160556680752,0
9.985,4679.28608886749,0
9.986,4701.781200199872,0
9.987,4719.536012064906,0
9.988,4732.46381772744,0
9.989,4740.501439760825,0
9.99,4743.609858972589,0
9.991,4741.774115564267,0
9.992,4735.0035991190825,0
9.993,4723.331883263212,0
9.994,4706.8166515567655,0
9.995000000000001,4685.539544584721,0
9.996,4659.605719605254,0
9.997,4629.143321898031,0
9.998,4594.302950905974,0
9.999,4555.256867200415,0
10.0,4512.198304589414,0
10.001,4465.340455352842,0
10.002,4414.915246847951,0
10.003,4361.172671286127,0
10.004,4304.379188521865,0
10.005,4244.816616679921,0
10.006,4182.780657538397,0
10.007,4118.579522202895,0
10.008000000000001,4052.5323645241447,0
10.009,3984.9677560909076,0
10.01,3916.22188966801,0
10.011000000000001,3846.6371969883344,0
10.012,3776.5604932364636,0
10.013,3706.341248739346,0
10.014,3636.3299580962534,0
10.015,3566.8761668778857,0
10.016,3498.3269381820824,0
10.017,3431.0251100939095,0
10.018,3365.307540581519,0
10.019,3301.5031747867656,0
10.02,3239.93180895662,0
10.021,3180.9034186269027,0
10.022,3124.7129729765697,0
10.023,3071.641838688445,0
10.024000000000001,3021.9578082002627,0
10.025,2975.911043920889,0
10.026,2933.733383308053,0
10.027000000000001,2895.6377346189743,0
10.028,2861.8162741653136,0
10.029,2832.440157731149,0
10.03,2807.658362328996,0
10.031,2787.5967662019148,0
10.032,2772.357584879417,0
10.033,2762.0189635693464,0
10.034,2756.634540092026,0
10.035,2756.2330509481762,0
10.036,2760.8180037925713,0
10.037,2770.3680932531424,0
10.038,2784.8368957550633,0
10.039,2804.153360941977,0
10.040000000000001,2828.221872355057,0
10.041,2856.922885408926,0
10.042,2890.113438951529,0
10.043000000000001,2927.62792652762,0
10.044,2969.2788658298555,0
10.045,3014.8578280928186,0
10.046,3064.1364734202834,0
10.047,3116.8678143830784,0
10.048,3172.7871503080532,0
10.049,3231.613702137192,0
10.05,3293.051909208651,0
10.051,3356.7927720962634,0
10.052,3422.51572138569,0
10.053,3489.8898595372584,0
10.054,3558.5758900599203,0
10.055,3628.2277685028776,0
10.056000000000001,3698.494350854414,0
10.057,3769.0212948261515,0
10.058,3839.452732693366,0
10.059000000000001,3906.8134251297706,1
10.06,3973.172285846663,0
10.061,4038.357121372559,0
10.062,4102.057562858554,0
10.063,4163.970474111621,0
10.064,4223.800151708086,0
10.065,4281.262729086029,0
10.066,4336.0861880890625,0
10.067,4388.009566841664,0
10.068,4436.785167174344,0
10.069,4482.182037390531,0
10.07,4523.984104889716,0
10.071,4561.992852148897,0
10.072000000000001,4596.027887237902,0
10.073,4625.927790310689,0
10.074,4651.550768782841,0
10.075000000000001,4672.775556871188,0
10.076,4689.501842789541,0
10.077,4701.650932384431,0
10.078,4709.165879868861,0
10.079,4712.011986285266,0
10.08,4710.176966781619,0
10.081,4703.670959621232,0
10.082,4692.526428446094,0
10.083,4676.798379462099,0
10.084,4656.563580721848,0
10.085,4631.920623693626,0
10.086,4602.989328280306,0
10.087,4569.910199385396,0
10.088000000000001,4532.843781609511,0
10.089,4491.969900935922,0
10.09,4447.486791135243,0
10.091000000000001,4399.610228703064,0
10.092,4348.572456207211,0
10.093,4294.6210567746375,0
10.094,4238.0178114304235,0
10.095,4179.037489295553,0
10.096,4117.966370251614,0
10.097,4055.1010977209567,0
10.098,3990.747181941395,0
10.099,3925.21735138254,0
10.1,3858.8302546175237,0
10.101,3791.9088782435006,0
10.102,3724.7789347017942,0
10.103,3657.76729567152,0
10.104000000000001,3591.200464020943,0
10.105,3525.4028472270033,0
10.106,3460.6953913504954,0
10.107000000000001,3397.3937553529067,0
10.108,3335.8070724881723,0
10.109,3276.2360277395787,0
10.11,3218.9726728097944,0
10.111,3164.2959194460946,0
10.112,3112.47331752473,0
10.113,3063.7597409699215,0
10.114,3018.3924599880816,0
10.115,2976.5945331410085,0
10.116,2938.5714012713165,0
10.117,2904.509764249472,0
10.118,2874.5773211862493,0
10.119,2848.9213932189314,0
10.120000000000001,2827.668642546868,0
10.121,2810.9243026319323,0
10.122,2798.771325985754,0
10.123,2791.2704359243126,0
10.124,2788.4595473517393,0
10.125,2790.353478585542,0
10.126,2796.944398823525,0
10.127,2808.2010416527755,0
10.128,2824.069417829288,0
10.129,2844.472861151822,0
10.13,2869.3124012437706,0
10.131,2898.4672993699783,0
10.132,2931.7955261346096,0
10.133000000000001,2969.13458694815,0
10.134,3010.302158091696,0
10.135,3055.0970636042575,0
10.136000000000001,3103.300217415182,0
10.137,3154.6756281425814,0
10.138,3208.971723172316,0
10.139,3265.922402259477,0
10.14,3325.2483978363007,0
10.141,3386.6586764382014,0
10.142,3449.8518420655864,0
10.143,3514.517599976307,0
10.144,3580.3382434925575,0
10.145,3646.9903490919855,0
10.146,3714.146207235696,0
10.147,3781.4755319618057,0
10.148,3848.6470360467074,0
10.149000000000001,3913.3542364417854,1
10.15,3976.9251455010626,0
10.151,4039.3185951586347,0
10.152000000000001,4100.243164365833,0
10.153,4159.414164686194,0
10.154,4216.555054347447,0
10.155,4271.400490544238,0
10.156,4323.69508881734,0
10.157,4373.197419228485,0
10.158,4419.676436698231,0
10.159,4462.91649668993,0
10.16,4502.717205665631,0
10.161,4538.894566483723,0
10.162,4571.2813902744,0
10.163,4599.728561072413,0
10.164,4624.105266766945,0
10.165000000000001,4644.29985260996,0
10.166,4660.2202537440235,0
10.167,4671.794438974307,0
10.168000000000001,4678.970859382307,0
10.169,4681.718548677623,0
10.17,4680.027242469425,0
10.171,4673.907476112019,0
10.172,4663.390692119723,0
10.173,4648.528864438324,0
10.174,4629.394421103645,0
10.175,4606.079785284653,0
10.176,4578.697015745016,0
10.177,4547.377360011244,0
10.178,4512.270529865874,0
10.179,4473.544050110624,0
10.18,4431.382504772073,0
10.181000000000001,4385.986637672618,0
10.182,4337.572457312669,0
10.183,4286.370197810933,0
10.184000000000001,4232.623425174187,0
10.185,4176.587263037998,0
10.186,4118.528091094498,0
10.187,4058.7217426267716,0
10.188,3997.4523169636245,0
10.189,3935.010942026678,0
10.19,3871.6941906219467,0
10.191,3807.802929292287,0
10.192,3743.6407739138735,0
10.193,3679.5125584939065,0
10.194,3615.72326391361,0
10.195,3552.5761126213833,0
10.196,3490.3713354927163,0
10.197000000000001,3429.404869230736,0
10.198,3369.9669433869194,0
10.199,3312.3401174498354,0
10.200000000000001,3256.7989199526382,0
10.201,3203.608855315702,0
10.202,3153.02112802218,0
10.203,3105.277932338324,0
10.204,3060.606886554322,0
10.205,3019.221138207562,0
10.206,2981.3180503813182,0
10.207,2947.0786618097914,0
10.208,2916.666496606224,0
10.209,2890.226850094328,0
10.21,2867.8862712985983,0
10.211,2849.75174048963,0
10.212,2835.9101966005023,0
10.213000000000001,2826.428257591641,0
10.214,2821.3515920767845,0
10.215,2820.704969566319,0
10.216000000000001,2824.491944781337,0
10.217,2832.6949530742786,0
10.218,2845.275360807823,0
10.219,2862.173566040621,0
10.22,2883.3093248850496,0
10.221,2908.5821620231986,0
10.222,2937.8717442670077,0
10.223,2971.0385459693825,0
10.224,3007.924432103862,0
10.225,3048.3534518366005,0
10.226,3092.132621183757,0
10.227,3139.052831343354,0
10.228,3188.8900444891347,0
10.229000000000001,3241.406016095923,0
10.23,3296.3496882103377,0
10.231,3353.4582997088296,0
10.232000000000001,3412.4586231513877,0
10.233,3473.0682788713566,0
10.234,3534.997122956019,0
10.235,3597.9486338114284,0
10.236,3661.6211782731857,0
10.237,3725.709800013551,0
10.238,3789.907274791647,0
10.239,3853.9057295088433,0
10.24,3916.140728744728,1
10.241,3977.1781994858416,0
10.242,4037.0496250834394,0
10.243,4095.4796530742883,0
10.244,4152.1998995304275,0
10.245000000000001,4206.9507689259935,0
10.246,4259.480082556783,0
10.247,4309.550294335735,0
10.248,4356.934235843159,0
10.249,4401.415308183722,0
10.25,4442.791648385815,0
10.251,4480.876523145736,0
10.252,4515.498133511866,0
10.253,4546.500799329664,0
10.254,4573.745796258253,0
10.255,4597.111827531097,0
10.256,4616.495444742896,0
10.257,4631.811617275707,0
10.258000000000001,4642.994230050713,0
10.259,4649.996026801255,0
10.26,4652.789092646902,0
10.261000000000001,4651.364908896308,0
10.262,4645.734309204164,0
10.263,4635.927393058471,0
10.264,4621.993530806,0
10.265,4604.000907729355,0
10.266,4582.036344546101,0
10.267,4556.205064861091,0
10.268,4526.629434636714,0
10.269,4493.449486239998,0
10.27,4456.821575626905,0
10.271,4416.917804693576,0
10.272,4373.925278311436,0
10.273,4328.04521370054,0
10.274000000000001,4279.492008867083,0
10.275,4228.492283037248,0
10.276,4175.283738774666,0
10.277000000000001,4120.114249211139,0
10.278,4063.240501985106,0
10.279,4004.927020906722,0
10.28,3945.4449116861174,0
10.281,3885.0705449587485,0
10.282,3824.084227709666,0
10.283,3762.7690188907222,0
10.284,3701.409516640613,0
10.285,3640.290355885529,0
10.286,3579.6951352498127,0
10.287,3519.904592739753,0
10.288,3461.196073504155,0
10.289,3403.841802364653,0
10.290000000000001,3348.107561126804,0
10.291,3294.2515054795736,0
10.292,3242.5244094672244,0
10.293000000000001,3193.1641063341576,0
10.294,3146.3996700057914,0
10.295,3102.4482444091477,0
10.296,3061.5132651383096,0
10.297,3023.7843505804008,0
10.298,2989.4363808037706,0
10.299,2958.628213540673,0
10.3,2931.502659305465,0
10.301,2908.1852004836874,0
10.302,2888.7837840899533,0
10.303,2873.3881368189345,0
10.304,2862.069300362691,0
10.305,2854.8796223130294,0
10.306000000000001,2851.8520819107835,0
10.307,2853.000416159525,0
10.308,2858.318911448014,0
10.309000000000001,2867.782552273553,0
10.31,2881.3469585200896,0
10.311,2898.9488040251886,0
10.312,2920.5058922982807,0
10.313,2945.917641806104,0
10.314,2975.065609720483,0
10.315,3007.8138853517985,0
10.316,3044.009818233041,0
10.317,3083.4847094873903,0
10.318,3126.0545777922234,0
10.319,3171.5209472627353,0
10.32,3219.671980192395,0
10.321,3270.283143072316,0
10.322000000000001,3323.1185868486127,0
10.323,3377.9318985146274,0
10.324,3434.4675736683935,0
10.325000000000001,3492.4619032745904,0
10.326,3551.644469214061,0
10.327,3611.7391865956456,0
10.328,3672.465706536965,0
10.329,3733.5407004947183,0
10.33,3794.679191962424,0
10.331,3855.59582337032,0
10.332,3915.4646386296513,1
10.333,3974.218584235302,0
10.334,4031.830757433507,0
10.335,4088.0392896217513,0
10.336,4142.58954169426,0
10.337,4195.235240384892,0
10.338000000000001,4245.738329959245,0
10.339,4293.87435883389,0
10.34,4339.426824219878,0
10.341000000000001,4382.192753908338,0
10.342,4421.982317062528,0
10.343,4458.619583381401,0
10.344,4491.943272007349,0
10.345,4521.80767045042,0
10.346,4548.082853032616,0
10.347,4570.655446193331,0
10.348,4589.429022502033,0
10.349,4604.324731841786,0
10.35,4615.281235192237,0
10.351,4622.25506706265,0
10.352,4625.220830151203,0
10.353,4624.171393138191,0
10.354000000000001,4619.117612522835,0
10.355,4610.0884463432085,0
10.356,4597.130670164712,0
10.357000000000001,4580.3087175924675,0
10.358,4559.704321168805,0
10.359,4535.416110645876,0
10.36,4507.559190693219,0
10.361,4476.26452529931,0
10.362,4441.678378895986,0
10.363,4403.961646455767,0
10.364,4363.2890725886355,0
10.365,4319.848468773217,0
10.366,4273.83988056565,0
10.367,4225.474634102388,0
10.368,4174.974428620919,0
10.369,4122.57032613422,0
10.370000000000001,4068.50165947068,0
10.371,4013.015045324902,0
10.372,3956.363061749518,0
10.373,3898.803466214807,0
10.374,3840.5977318959963,0
10.375,3782.010055705795,0
10.376,3723.3060394765853,0
10.377,3664.7516415951877,0
10.378,3606.611824425773,0
10.379,3549.1495583559195,0
10.38,3492.624530351978,0
10.381,3437.2919008710383,0
10.382,3383.401727036314,0
10.383000000000001,3331.1967112999346,0
10.384,3280.9120446001975,0
10.385,3232.7742980028565,0
10.386000000000001,3187.0005116560033,0
10.387,3143.795839365078,0
10.388,3103.354646117916,0
10.389,3065.859139756495,0
10.39,3031.4765673723623,0
10.391,3000.3614913808583,0
10.392,2972.6533170992607,0
10.393,2948.4757199308865,0
10.394,2927.936735842274,0
10.395,2911.1276964677722,0
10.396,2898.1232485774563,0
10.397,2888.9807602385,0
10.398,2883.7401338846266,0
10.399000000000001,2882.4236536051867,0
10.4,2885.0358896682087,0
10.401,2891.563684414604,0
10.402000000000001,2901.9761642844423,0
10.403,2916.22496646385,0
10.404,2934.244371561697,0
10.405,2955.951661208334,0
10.406,2981.2474564272793,0
10.407,3010.0161775171896,0
10.408,3042.1265677138513,0
10.409,3077.4323040189406,0
10.41,3115.772602246816,0
10.411,3156.9730145985272,0
10.412,3200.8461460545486,0
10.413,3247.192601563181,0
10.414,3295.801725855054,0
10.415000000000001,3346.4527070170316,0
10.416,3398.9155105171894,0
10.417,3452.9518498313737,0
10.418000000000001,3508.3164135802167,0
10.419,3564.757895458375,0
10.42,3622.0200178245263,0
10.421,3679.8429282842235,0
10.422,3737.964146025519,0
10.423,3796.1198747305375,0
10.424,3854.046262897101,0
10.425,3911.4803823203074,0
10.426,3964.6042320085253,1
10.427,4016.908614061795,0
10.428,4067.9454598695297,0
10.429,4117.505021232605,0
10.43,4165.385407399329,0
10.431000000000001,4211.388550261571,0
10.432,4255.326308813314,0
10.433,4297.020818128376,0
10.434000000000001,4336.300377221861,0
10.435,4373.003728076494,0
10.436,4406.980849944957,0
10.437,4438.092638516129,0
10.438,4466.211886405403,0
10.439,4491.223661982751,0
10.44,4513.025701523329,0
10.441,4531.529201055523,0
10.442,4546.658625500664,0
10.443,4558.352529388438,0
10.444,4566.563669244464,0
10.445,4571.259194300958,0
10.446,4572.420685095743,0
10.447000000000001,4570.04461613765,0
10.448,4564.142128001076,0
10.449,4554.739090637691,0
10.450000000000001,4541.876047752454,0
10.451,4525.608010230284,0
10.452,4506.004415164665,0
10.453,4483.148595957455,0
10.454,4457.13780992586,0
10.455,4428.082639898413,0
10.456,4396.10663468526,0
10.457,4361.345839706499,0
10.458,4323.948234684598,0
10.459,4284.073170015776,0
10.46,4241.890560848996,0
10.461,4197.580484702706,0
10.462,4151.332235981418,0
10.463000000000001,4103.343627242316,0
10.464,4053.8201940532526,0
10.465,4002.9741587934177,0
10.466000000000001,3951.0237289343327,0
10.467,3898.1921745349614,0
10.468,3844.7068033104624,0
10.469,3790.7979885177947,0
10.47,3736.6983722111904,0
10.471,3682.641640349585,0
10.472,3628.8615503633396,0
10.473,3575.5909857321067,0
10.474,3523.0610793798646,0
10.475,3471.499991750227,0
10.476,3421.1320300433244,0
10.477,3372.176413560668,0
10.478,3324.8471571637765,0
10.479000000000001,3279.352146157505,0
10.48,3235.8873228488214,0
10.481,3194.6451000938573,0
10.482000000000001,3155.8064984618172,0
10.483,3119.5424740447893,0
10.484,3086.0130247800194,0
10.485,3055.3662863005666,0
10.486,3027.7381081425224,0
10.487,3003.2512207975124,0
10.488,2982.014972475941,0
10.489,2964.1244180996273,0
10.49,2949.6603989880805,0
10.491,2938.688630691615,0
10.492,2931.2596297046157,0
10.493,2927.408427875463,0
10.494,2927.154499038118,0
10.495000000000001,2930.501499196203,0
10.496,2937.4372349419273,0
10.497,2947.933794138659,0
10.498,2961.947581136794,0
10.499,2979.419463387969,0
10.5,3000.2750537146962,0
10.501,3024.424951456463,0
10.502,3051.765204736098,0
10.503,3082.177680357161,0
10.504,3115.5305776671985,0
10.505,3151.678997932911,0
10.506,3190.4655719310554,0
10.507,3231.7211403606198,0
10.508000000000001,3275.2654907162055,0
10.509,3320.9080861693983,0
10.51,3368.4490164021754,0
10.511000000000001,3417.6797767596863,0
10.512,3468.384131686854,0
10.513,3520.339267355257,0
10.514,3573.316603907152,0
10.515,3627.082802687237,0
10.516,3681.4009451573284,0
10.517,3736.0313261385613,0
10.518,3790.7327651187315,0
10.519,3845.263650477048,0
10.52,3899.382823253201,0
10.521,3950.8893766336223,1
10.522,4001.2449565640495,0
10.523,4050.4399341812914,0
10.524000000000001,4098.271370261503,0
10.525,4144.542279006523,0
10.526,4189.060926172127,0
10.527000000000001,4231.647042801819,0
10.528,4272.126102335969,0
10.529,4310.331518997827,0
10.53,4346.10706345463,0
10.531,4379.306782909839,0
10.532,4409.79537425839,0
10.533,4437.448520751011,0
10.534,4462.1546987728725,0
10.535,4483.8134842875315,0
10.536,4502.33744399155,0
10.537,4517.65231779464,0
10.538,4529.696924531988,0
10.539,4538.423801111887,0
10.540000000000001,4543.798850353175,0
10.541,4545.802328766118,0
10.542,4544.428171750718,0
10.543000000000001,4539.684463806735,0
10.544,4531.59358493929,0
10.545,4520.190501860667,0
10.546,4505.525311322782,0
10.547,4487.661397209298,0
10.548,4466.6747910207605,0
10.549,4442.655198351078,0
10.55,4415.704771764,0
10.551,4385.937843640306,0
10.552,4353.480552326876,0
10.553,4318.470263141515,0
10.554,4281.055045913805,0
10.555,4241.393064286368,0
10.556000000000001,4199.651947466319,0
10.557,4156.008053430392,0
10.558,4110.645793870294,0
10.559000000000001,4063.7568759535934,0
10.56,4015.5393899283404,0
10.561,3966.1971307252206,0
10.562,3915.9387482035195,0
10.563,3864.9767725035927,0
10.564,3813.5268830451587,0
10.565,3761.80685016042,0
10.566,3710.035718962057,0
10.567,3658.4327260550417,0
10.568,3607.216586959097,0
10.569,3556.604565711637,0
10.57,3506.811453524579,0
10.571,3458.048807964904,0
10.572000000000001,3410.5246462937966,0
10.573,3364.439043289206,0
10.574,3319.9900999572337,0
10.575000000000001,3277.366281259061,0
10.576,3236.7477730635615,0
10.577,3198.30932052446,0
10.578,3162.214185938707,0
10.579,3128.617158289635,0
10.58,3097.6618054866217,0
10.581,3069.4806951127903,0
10.582,3044.1946756363554,0
10.583,3021.912372609777,0
10.584,3002.7295891767067,0
10.585,2986.7290128167483,0
10.586,2973.9798397777304,0
10.587,2964.5374172769198,0
10.588000000000001,2958.4431781215653,0
10.589,2955.7242373150566,0
10.59,2956.3931544583957,0
10.591000000000001,2960.4481191044383,0
10.592,2967.872886474359,0
10.593,2978.6367957311286,0
10.594,2992.694876238689,0
10.595,3009.9881051455327,0
10.596,3030.4435197250095,0
10.597,3053.9746007346052,0
10.598,3080.481617125186,0
10.599,3109.852051582162,0
10.6,3141.960917917997,0
10.601,3176.671879238503,0
10.602,3213.836916119164,0
10.603,3253.2975542971503,0
10.604000000000001,3294.885370242799,0
10.605,3338.422843159381,0
10.606,3383.7238453104164,0
10.607000000000001,3430.5947136874447,0
10.608,3478.8348596176083,0
10.609,3528.2377499135687,0
10.61,3578.5917923085267,0
10.611,3629.6811071431725,0
10.612,3681.2867261780943,0
10.613,3733.18723614757,0
10.614,3785.1598804477744,0
10.615,3836.981488700698,0
10.616,3888.429439675148,0
10.617,3938.6498505513746,1
10.618,3987.723342785983,0
10.619,4035.694944227903,0
10.620000000000001,4082.3659389253776,0
10.621,4127.543687391129,0
10.622,4171.041552415538,0
10.623000000000001,4212.683456975637,0
10.624,4252.298348588817,0
10.625,4289.725224252391,0
10.626,4324.812577359812,0
10.627,4357.418993080052,0
10.628,4387.413770906882,0
10.629,4414.677423569287,0
10.63,4439.101878146017,0
10.631,4460.591095850353,0
10.632,4479.061433698375,0
10.633000000000001,4494.441886441095,0
10.634,4506.674457382128,0
10.635,4515.71389940705,0
10.636000000000001,4521.528348369806,0
10.637,4524.099320593005,0
10.638,4523.421801909897,0
10.639,4519.503955414321,0
10.64,4512.367285663406,0
10.641,4502.046554945843,0
10.642,4488.58940054052,0
10.643,4472.056349488879,0
10.644,4452.520408317617,0
10.645,4430.066761462564,0
10.646,4404.792453255725,0
10.647,4376.805954538155,0
10.648,4346.226654036213,0
10.649000000000001,4313.184428948444,0
10.65,4277.819135328105,0
10.651,4240.279844650806,0
10.652000000000001,4200.724353930369,0
10.653,4159.318668587613,0
10.654,4116.2360787284315,0
10.655,4071.6566223486902,0
10.656,4025.76621195851,0
10.657,3978.7559615302143,0
10.658,3930.8214017734144,0
10.659,3882.1616974581743,0
10.66,3832.9787477558325,0
10.661,3783.476443958043,0
10.662,3733.859821165934,0
10.663,3684.334134138922,0
10.664,3635.1041463645815,0
10.665000000000001,3586.3735526413684,0
10.666,3538.3434110457165,0
10.667,3491.212016883665,0
10.668000000000001,3445.1738382256017,0
10.669,3400.418779310875,0
10.67,3357.1310215698736,0
10.671,3315.4895896069743,0
10.672,3275.6651682417983,0
10.673,3237.821474792007,0
10.674,3202.114581916938,0
10.675,3168.6913456838656,0
10.676,3137.6892335930424,0
10.677,3109.2352710167097,0
10.678,3083.4465294241313,0
10.679,3060.4287851286176,0
10.68,3040.276401243059,0
10.681000000000001,3023.0717553773175,0
10.682,3008.8853634240727,0
10.683,2997.774966200087,0
10.684000000000001,2989.7858905012426,0
10.685,2984.9503774864006,0
10.686,2983.2877000752783,0
10.687,2984.8040215370083,0
10.688,2989.4923089489994,0
10.689,2997.3325534239398,0
10.69,3008.2916697284327,0
10.691,3022.323659179963,0
10.692,3039.3698471138914,0
10.693,3059.359083956755,0
10.694,3082.2080246309306,0
10.695,3107.821504267384,0
10.696,3136.092966324406,0
10.697000000000001,3166.9047842010104,0
10.698,3200.128695674771,0
10.699,3235.626841645117,0
10.700000000000001,3273.251538090949,0
10.701,3312.846384271119,0
10.702,3354.246827768923,0
10.703,3397.280764747145,0
10.704,3441.7694049544043,0
10.705,3487.527814409234,0
10.706,3534.365805090036,0
10.707,3582.0886708594826,0
10.708,3630.497975758986,0
10.709,3679.392474808259,0
10.71,3728.5688979322913,0
10.711,3777.8226041890666,0
10.712,3826.948819831799,0
10.713000000000001,3875.7430907747826,0
10.714,3924.002462293075,0
10.715,3968.840676611084,1
10.716000000000001,4012.7115062241587,0
10.717,4055.4290057355383,0
10.718,4096.833363141262,0
10.719,4136.76950144591,0
10.72,4175.089151144356,0
10.721,4211.651168869198,0
10.722,4246.318507497065,0
10.723,4278.963429597592,0
10.724,4309.464833709902,0
10.725,4337.709926205676,0
10.726,4363.5945463077915,0
10.727,4387.023329766118,0
10.728,4407.910302748174,0
10.729000000000001,4426.179069714798,0
10.73,4441.762718056434,0
10.731,4454.604712395725,0
10.732000000000001,4464.658668584554,0
10.733,4471.88878582451,0
10.734,4476.269886036749,0
10.735,4477.787403126003,0
10.736,4476.437683516429,0
10.737,4472.227834394234,0
10.738,4465.175862641875,0
10.739,4455.310497933397,0
10.74,4442.671169230451,0
10.741,4427.307958534488,0
10.742,4409.281287273235,0
10.743,4388.662014108285,0
10.744,4365.530271033892,0
10.745000000000001,4339.976601563385,0
10.746,4312.100673742173,0
10.747,4282.011149983298,0
10.748000000000001,4249.825330245572,0
10.749,4215.668705346478,0
10.75,4179.674508079152,0
10.751,4141.983215105232,0
10.752,4102.742042217502,0
10.753,4062.1043579756965,0
10.754,4020.229154049564,0
10.755,3977.280494935089,0
10.756,3933.4266774442426,0
10.757,3888.839866485923,0
10.758000000000001,3843.695289738258,0
10.759,3798.1705215848765,0
10.76,3752.4448724547397,0
10.761000000000001,3706.6987743634045,0
10.762,3661.11286167619,0
10.763,3615.86742812149,0
10.764,3571.141701013495,0
10.765,3527.1132100545274,0
10.766,3483.9567972479967,0
10.767,3441.844016285465,0
10.768,3400.942562738678,0
10.769,3361.416008509927,0
10.77,3323.422902495543,0
10.771,3287.113875578427,0
10.772,3252.635463183089,0
10.773,3220.126692997863,0
10.774000000000001,3189.7174200238815,0
10.775,3161.531081266068,0
10.776,3135.6816260830515,0
10.777000000000001,3112.273961927174,0
10.778,3091.4035042095647,0
10.779,3073.1553274806156,0
10.78,3057.604552473544,0
10.781,3044.815300479281,0
10.782,3034.8408396347463,0
10.783,3027.72317162474,0
10.784,3023.492945002337,0
10.785,3022.1692342061756,0
10.786,3023.759453320652,0
10.787,3028.259323392351,0
10.788,3035.652869241243,0
10.789,3045.9124731424185,0
10.790000000000001,3058.9989030405404,0
10.791,3074.8615190930295,0
10.792,3093.438466265542,0
10.793000000000001,3114.6568223143195,0
10.794,3138.4329756854627,0
10.795,3164.6728928216116,0
10.796,3193.272512622999,0
10.797,3224.1180849587267,0
10.798,3257.0866637908402,0
10.799,3292.046691311874,0
10.8,3328.85841115093,0
10.801,3367.3743536084207,0
10.802,3407.440066728937,0
10.803,3448.894662426148,0
10.804,3491.5714963304636,0
10.805,3535.298801078021,0
10.806000000000001,3579.9004425011726,0
10.807,3625.1965929929147,0
10.808,3671.0044431917345,0
10.809000000000001,3717.1389716007075,0
10.81,3763.4136645306,0
10.811,3809.641271535042,0
10.812,3855.63463991707,0
10.813,3901.2074876637425,0
10.814,3945.3922296431883,1
10.815,3988.449447010914,0
10.816,4030.4696297209357,0
10.817,4071.2897910086913,0
10.818,4110.755015412783,0
10.819,4148.71272099333,0
10.82,4185.019314731254,0
10.821,4219.536403638396,0
10.822000000000001,4252.133504754852,0
10.823,4282.6879055459085,0
10.824,4311.085211551397,0
10.825000000000001,4337.219549281481,0
10.826,4360.994157165205,0
10.827,4382.3216299615015,0
10.828,4401.124085410775,0
10.829,4417.333630785341,0
10.83,4430.892397161278,0
10.831,4441.752891920633,0
10.832,4449.878022243203,0
10.833,4455.241289199814,0
10.834,4457.8268636368275,0
10.835,4457.629509400685,0
10.836,4454.6546992129815,0
10.837,4448.918506798296,0
10.838000000000001,4440.447567813019,0
10.839,4429.27889240016,0
10.84,4415.45975521567,0
10.841000000000001,4399.04753039252,0
10.842,4380.109372791964,0
10.843,4358.722143085958,0
10.844,4334.971612351158,0
10.845,4308.952926424431,0
10.846,4280.7692458090305,0
10.847,4250.532337232574,0
10.848,4218.361585041728,0
10.849,4184.383495787052,0
10.85,4148.731521448119,0
10.851,4111.545244763278,0
10.852,4072.9700904319666,0
10.853,4033.1566741634974,0
10.854000000000001,3992.2601124391826,0
10.855,3950.439678049784,0
10.856,3907.8579855123294,0
10.857000000000001,3864.6804921016765,0
10.858,3821.074805828639,0
10.859,3777.210031191358,0
10.86,3733.2562862866025,0
10.861,3689.3837961000777,0
10.862,3645.762487015377,0
10.863,3602.5612830508653,0
10.864,3559.9472117127307,0
10.865,3518.0852139633057,0
10.866,3477.137261143129,0
10.867,3437.261662834126,0
10.868,3398.612371697285,0
10.869,3361.3405759585867,0
10.870000000000001,3325.587025287937,0
10.871,3291.492142500555,0
10.872,3259.1865849153082,0
10.873000000000001,3228.7957563381765,0
10.874,3200.4371314897908,0
10.875,3174.2202484048585,0
10.876,3150.2463908242335,0
10.877,3128.608260904949,0
10.878,3109.389546914672,0
10.879,3092.664414804348,0
10.88,3078.497554476477,0
10.881,3066.943679132205,0
10.882,3058.047459152258,0
10.883000000000001,3051.843252228239,0
10.884,3048.354914492973,0
10.885,3047.5958590933087,0
10.886000000000001,3049.5689317752513,0
10.887,3054.2663534490057,0
10.888,3061.669760364819,0
10.889,3071.750318897529,0
10.89,3084.4687176515777,0
10.891,3099.7755225294595,0
10.892,3117.611151134709,0
10.893,3137.906060649815,0
10.894,3160.581439224173,0
10.895,3185.548942677109,0
10.896,3212.7113548359193,0
10.897,3241.9628987053934,0
10.898,3273.189635854148,0
10.899000000000001,3306.2698966646317,0
10.9,3341.0747679935994,0
10.901,3377.468575342104,0
10.902000000000001,3415.3094004582163,0
10.903,3454.4496509527225,0
10.904,3494.736615879764,0
10.905,3536.013077922458,0
10.906,3578.1179269488116,0
10.907,3620.8867491109204,0
10.908,3664.1524907478647,0
10.909,3707.7460988133475,0
10.91,3751.4972014568475,0
10.911,3795.234717408391,0
10.912,3838.787615945759,0
10.913,3881.9855343864215,0
10.914,3924.6593884213166,0
10.915000000000001,3964.4075607072127,1
10.916,4003.1754284202857,0
10.917,4040.8895142882275,0
10.918000000000001,4077.416533962017,0
10.919,4112.631396441458,0
10.92,4146.411944213527,0
10.921,4178.640422345907,0
10.922,4209.205603648358,0
10.923,4238.001912503851,0
10.924,4264.930319687717,0
10.925,4289.89816811478,0
10.926,4312.820611232171,0
10.927,4333.619225040745,0
10.928,4352.223219444293,0
10.929,4368.569697237188,0
10.93,4382.603556396345,0
10.931000000000001,4394.278010812292,0
10.932,4403.55445019049,0
10.933,4410.402600593375,0
10.934000000000001,4414.8006793745335,0
10.935,4416.735735299732,0
10.936,4416.203290664975,0
10.937,4413.20762649199,0
10.938,4407.76165618279,0
10.939,4399.886998702318,0
10.94,4389.613827081242,0
10.941,4376.980886324904,0
10.942,4362.03524468227,0
10.943,4344.832224651484,0
10.944,4325.435220155788,0
10.945,4303.915500040418,0
10.946,4280.351958565986,0
10.947000000000001,4254.830889736241,0
10.948,4227.445679829932,0
10.949,4198.296404467602,0
10.950000000000001,4167.48964199736,0
10.951,4135.138070979182,0
10.952,4101.360055155012,0
10.953,4066.2792415847207,0
10.954,4030.0241271369796,0
10.955,3992.727613926168,0
10.956,3954.5265937383447,0
10.957,3915.561320432393,0
10.958,3875.9750399253794,0
10.959,3835.9135062909936,0
10.96,3795.524348368779,0
10.961,3754.956625032884,0
10.962,3714.3602435979265,0
10.963000000000001,3673.8854095086604,0
10.964,3633.682114612381,0
10.965,3593.8994569808133,0
10.966000000000001,3554.685395240941,0
10.967,3516.1858779365207,0
10.968,3478.5443988683937,0
10.969,3441.9017281793317,0
10.97,3406.394477337165,0
10.971,3372.156424188744,0
10.972,3339.3150003827336,0
10.973,3307.994261597907,0
10.974,3278.3122491727368,0
10.975,3250.3811388183494,0
10.976,3224.306419178902,0
10.977,3200.1870800235015,0
10.978,3178.1148706303384,0
10.979000000000001,3158.1741197438027,0
10.98,3140.441179431957,0
10.981,3124.9841393763163,0
10.982000000000001,3111.8628109112024,0
10.983,3101.1281641479854,0
10.984,3092.8224510242,0
10.985,3086.978755020665,0
10.986,3083.620878531099,0
10.987,3082.7633643961744,0
10.988,3084.4113197093834,0
10.989,3088.560408717224,0
10.99,3095.1968788625886,0
10.991,3104.2975154584246,0
10.992,3115.829814965456,0
10.993,3129.7520283359195,0
10.994,3146.0132503090545,0
10.995000000000001,3164.553772372574,0
10.996,3185.3050447950304,0
10.997,3208.190316433686,0
10.998000000000001,3233.124415346795,0
10.999,3260.0143482516037,0
11.0,3288.7597501302203,0
11.001,3319.2529454683067,0
11.002,3351.379542630878,0
11.003,3385.018936550394,0
11.004,3420.044555096696,0
11.005,3456.324466656052,0
11.006,3493.7218334718023,0
11.007,3532.0953971043705,0
11.008000000000001,3571.3002655731207,0
11.009,3611.18800328051,0
11.01,3651.6075773083503,0
11.011000000000001,3692.40576700466,0
11.012,3733.4278166903823,0
11.013,3774.518001917991,0
11.014,3815.520184708258,0
11.015,3856.2784527778635,0
11.016,3896.637804604562,0
11.017,3936.221823054085,1
11.018,3974.8819945082178,0
11.019,4012.6029744496723,0
11.02,4049.2453361939606,0
11.021,4084.673636692322,0
11.022,4118.75900769907,0
11.023,4151.379011252498,0
11.024000000000001,4182.415004282886,0
11.025,4211.755597920156,0
11.026,4239.296473316931,0
11.027000000000001,4264.940408214169,0
11.028,4288.597528432063,0
11.029,4310.185769764965,0
11.03,4329.631054164403,0
11.031,4346.867481276845,0
11.032,4361.837535300795,0
11.033,4374.492240062882,0
11.034,4384.7912459904,0
11.035,4392.703051859862,0
11.036,4398.204848265523,0
11.037,4401.282830152397,0
11.038,4401.931936897794,0
11.039,4400.1559750046545,0
11.040000000000001,4395.967561943354,0
11.041,4389.387951928587,0
11.042,4380.447069378915,0
11.043000000000001,4369.183178251559,0
11.044,4355.643002653982,0
11.045,4339.880859956654,0
11.046,4321.959392419183,0
11.047,4301.94877557077,0
11.048,4279.926253857148,0
11.049,4255.976331292163,0
11.05,4230.190141424365,0
11.051,4202.665198531594,0
11.052,4173.50499266147,0
11.053,4142.818670715419,0
11.054,4110.720664715474,0
11.055,4077.330001038262,0
11.056000000000001,4042.770274622399,0
11.057,4007.168992685274,0
11.058,3970.65711144125,0
11.059000000000001,3933.3686213003293,0
11.06,3895.44006494948,0
11.061,3857.0100926762707,0
11.062,3818.218728278375,0
11.063,3779.2072536019436,0
11.064,3740.1174178845636,0
11.065,3701.091088886634,0
11.066,3662.2697131055206,0
11.067,3623.7938305840084,0
11.068,3585.802576302564,0
11.069,3548.4330761308233,0
11.07,3511.8203004622046,0
11.071,3476.0961941341584,0
11.072000000000001,3441.390098047519,0
11.073,3407.825530462398,0
11.074,3375.5245666977444,0
11.075000000000001,3344.6018523946636,0
11.076,3315.169111344138,0
11.077,3287.3320348686157,0
11.078,3261.1902707994695,0
11.079,3236.8375802539695,0
11.08,3214.361099489057,0
11.081,3193.8412553989974,0
11.082,3175.3514184728974,0
11.083,3158.957541702664,0
11.084,3144.7180112520823,0
11.085,3132.6834374987934,0
11.086,3122.8966798173105,0
11.087,3115.3923082142373,0
11.088000000000001,3110.196634594038,0
11.089,3107.3277609318106,0
11.09,3106.795330347625,0
11.091000000000001,3108.600582627664,0
11.092,3112.7363504868954,0
11.093,3119.186987194253,0
11.094,3127.9285451642077,0
11.095,3138.928793200927,0
11.096,3152.1473262705194,0
11.097,3167.5357305015086,0
11.098,3185.0377411266786,0
11.099,3204.5894557966817,0
11.1,3226.119459146022,0
11.101,3249.549381558203,0
11.102,3274.7937354751066,0
11.103,3301.760481453251,0
11.104000000000001,3330.351482478956,0
11.105,3360.4625291408506,0
11.106,3391.983928653513,0
11.107000000000001,3424.8008466688734,0
11.108,3458.793733992806,0
11.109,3493.8387011252184,0
11.11,3529.8079990428196,0
11.111,3566.5705868629757,0
11.112,3603.9924021691686,0
11.113,3641.936953322536,0
11.114,3680.265861802891,0
11.115,3718.8393017690805,0
11.116,3757.5164659268253,0
11.117,3796.1558645268606,0
11.118,3834.616916345437,0
11.119,3872.7588966393996,0
11.120000000000001,3910.4423709636294,0
11.121,3946.6577156177905,1
11.122,3981.8184565246684,0
11.123000000000001,4016.0454945106926,0
11.124,4049.2229245468466,0
11.125,4081.238711356282,0
11.126,4111.985216009876,0
11.127,4141.3596539332675,0
11.128,4169.264766970466,0
11.129,4195.608119799771,0
11.13,4220.303894298273,0
11.131,4243.271483850995,0
11.132,4264.436567896797,0
11.133000000000001,4283.731395757379,0
11.134,4301.09450720066,0
11.135,4316.471468899825,0
11.136000000000001,4329.814637054861,0
11.137,4341.083323969647,0
11.138,4350.243968565063,0
11.139,4357.270267153295,0
11.14,4362.143147815171,0
11.141,4364.850781723155,0
11.142,4365.388709338391,0
11.143,4363.759751613147,0
11.144,4359.97401850549,0
11.145,4354.048847252483,0
11.146,4346.008690772318,0
11.147,4335.885172002936,0
11.148,4323.716764345903,0
11.149000000000001,4309.548799517795,0
11.15,4293.433272022898,0
11.151,4275.428620586226,0
11.152000000000001,4255.5995987816505,0
11.153,4234.01705649072,0
11.154,4210.7575727110425,0
11.155,4185.903378241945,0
11.156,4159.542010155798,0
11.157,4131.7660383056045,0
11.158,4102.67262169452,0
11.159,4072.363441221706,0
11.16,4040.9442402182044,0
11.161,4008.524294147163,0
11.162,3975.2163802660643,0
11.163,3941.1361864899463,0
11.164,3906.402066413227,0
11.165000000000001,3871.1344956550593,0
11.166,3835.455685032485,0
11.167,3799.489311024054,0
11.168000000000001,3763.360065638715,0
11.169,3727.1930149701984,0
11.17,3691.1135154325984,0
11.171,3655.2465904883225,0
11.172,3619.7165588748126,0
11.173,3584.6465951714945,0
11.174,3550.1583278809185,0
11.175,3516.371515544533,0
11.176,3483.403453702984,0
11.177,3451.3685193279994,0
11.178,3420.378782132394,0
11.179,3390.540864996965,0
11.18,3361.959132144338,0
11.181000000000001,3334.7332495485075,0
11.182,3308.958166114901,0
11.183,3284.723928666319,0
11.184000000000001,3262.1152245244352,0
11.185,3241.2111002074885,0
11.186,3222.084872497985,0
11.187,3204.8037497980185,0
11.188,3189.428421417092,0
11.189,3176.0130741982052,0
11.19,3164.605138267536,0
11.191,3155.2450364597235,0
11.192,3147.9660245833093,0
11.193,3142.7944138431185,0
11.194,3139.7488616558803,0
11.195,3138.8407385219366,0
11.196,3140.0739150009076,0
11.197000000000001,3143.444835409823,0
11.198,3148.942406540328,0
11.199,3156.5480558460717,0
11.200000000000001,3166.235868772641,0
11.201,3177.972576690481,0
11.202,3191.7176898225025,0
11.203,3207.423618483692,0
11.204,3225.0358773033713,0
11.205,3244.493233284237,0
11.206,3265.7279177339906,0
11.207,3288.6657745467865,0
11.208,3313.2267851040465,0
11.209,3339.3249525288816,0
11.21,3366.868791543992,0
11.211,3395.7618343324984,0
11.212,3425.902666594316,0
11.213000000000001,3457.1854762410376,0
11.214,3489.500177536915,0
11.215,3522.7330690433682,0
11.216000000000001,3556.7671015797514,0
11.217,3591.4822804672012,0
11.218,3626.7562104644217,0
11.219,3662.4643911537532,0
11.22,3698.4806928965713,0
11.221,3734.6777381614893,0
11.222,3770.9275726547876,0
11.223,3807.1018584614835,0
11.224,3843.0725532062147,0
11.225,3878.71209997674,0
11.226,3913.894152201482,0
11.227,3947.121705718821,1
11.228,3979.3753498115548,0
11.229000000000001,4010.745668675845,0
11.23,4041.1333479651516,0
11.231,4070.440844671483,0
11.232000000000001,4098.577962842848,0
11.233,4125.455458106343,0
11.234,4150.989301701532,0
11.235,4175.100380658933,0
11.236,4197.714580660205,0
11.237,4218.762272529359,0
11.238,4238.179253130194,0
11.239,4255.906659819023,0
11.24,4271.891138033716,0
11.241,4286.085053636123,0
11.242,4298.446442056429,0
11.243,4308.9392441493255,0
11.244,4317.5335032297635,0
11.245000000000001,4324.205278821798,0
11.246,4328.936409260441,0
11.247,4331.715537760962,0
11.248000000000001,4332.537086860897,0
11.249,4331.401705052413,0
11.25,4328.316327472575,0
11.251,4323.294038029421,0
11.252,4316.354071798391,0
11.253,4307.521681216232,0
11.254,4296.828175644061,0
11.255,4284.310765747066,0
11.256,4270.012437915316,0
11.257,4253.981869396711,0
11.258000000000001,4236.273239393058,0
11.259,4216.946091559909,0
11.26,4196.065185584775,0
11.261000000000001,4173.70022358871,0
11.262,4149.925691847509,0
11.263,4124.820655855051,0
11.264,4098.468476226981,0
11.265,4070.95656526084,0
11.266,4042.376132204522,0
11.267,4012.8219068212197,0
11.268,3982.3917918788607,0
11.269,3951.186627785378,0
11.27,3919.309832560355,0
11.271,3886.867080005991,0
11.272,3853.9660166866515,0
11.273,3820.715868166081,0
11.274000000000001,3787.2269711275712,0
11.275,3753.610793360427,0
11.276,3719.979161244226,0
11.277000000000001,3686.443905890925,0
11.278,3653.1169712040064,0
11.279,3620.1096647873383,0
11.28,3587.5322606415752,0
11.281,3555.4939372541985,0
11.282,3524.1017801108205,0
11.283,3493.4611651803975,0
11.284,3463.676529836278,0
11.285,3434.846350091811,0
11.286,3407.067052478894,0
11.287,3380.4336120993694,0
11.288,3355.0359552611403,0
11.289,3330.960254249036,0
11.290000000000001,3308.2881893244707,0
11.291,3287.096916557326,0
11.292,3267.4586821911857,0
11.293000000000001,3249.440751241492,0
11.294,3233.1047547597645,0
11.295,3218.506974553051,0
11.296,3205.697836011811,0
11.297,3194.721774640308,0
11.298,3185.617130000237,0
11.299,3178.4159056967,0
11.3,3173.143803929297,0
11.301,3169.8198876159354,0
11.302,3168.45673762816,0
11.303,3169.060255658751,0
11.304,3171.629746357162,0
11.305,3176.157797475863,0
11.306000000000001,3182.630321115812,0
11.307,3191.0266122722423,0
11.308,3201.3193855112677,0
11.309000000000001,3213.4748774368286,0
11.31,3227.452925319519,0
11.311,3243.2071247361864,0
11.312,3260.6849452513584,0
11.313,3279.8279235789005,0
11.314,3300.5718186055256,0
11.315,3322.847002415377,0
11.316,3346.578348855872,0
11.317,3371.685777618374,0
11.318,3398.0843912810546,0
11.319,3425.684740919832,0
11.32,3454.393390160755,0
11.321,3484.112783713496,0
11.322000000000001,3514.741922640429,0
11.323,3546.1765334267106,0
11.324,3578.3095334939608,0
11.325000000000001,3611.0314614426948,0
11.326,3644.230648777826,0
11.327,3677.7936369653416,0
11.328,3711.6057552451994,0
11.329,3745.551302238257,0
11.33,3779.514127747193,0
11.331,3813.3779019123012,0
11.332,3847.0265329755202,0
11.333,3880.344558340507,0
11.334,3913.2176502203392,0
11.335,3943.95538808403,1
11.336,3973.808879527679,0
11.337,4002.8309415768954,0
11.338000000000001,4030.9338767779127,0
11.339,4058.033296904776,0
11.34,4084.050237518755,0
11.341000000000001,4108.90646235149,0
11.342,4132.528847256714,0
11.343,4154.8480653263,0
11.344,4175.799094200984,0
11.345,4195.321116023508,0
11.346,4213.35787428408,0
11.347,4229.857458792837,0
11.348,4244.7733024786085,0
11.349,4258.06315443119,0
11.35,4269.689785480286,0
11.351,4279.620920166618,0
11.352,4287.829839282067,0
11.353,4294.294553687525,0
11.354000000000001,4298.99845283383,0
11.355,4301.930328884357,0
11.356,4303.084141062259,0
11.357000000000001,4302.4592534907415,0
11.358,4300.060321241943,0
11.359,4295.897353381445,0
11.36,4289.985644675459,0
11.361,4282.345764827216,0
11.362,4273.0034491986435,0
11.363,4261.9896092277895,0
11.364,4249.34019628803,0
11.365,4235.09611715289,0
11.366,4219.303153161076,0
11.367,4202.011822059532,0
11.368,4183.2772045840375,0
11.369,4163.158832995879,0
11.370000000000001,4141.720539982919,0
11.371,4119.030177274328,0
11.372,4095.1595820420384,0
11.373000000000001,4070.184270661691,0
11.374,4044.1832338640315,0
11.375,4017.2387094956684,0
11.376,3989.4359709201,0
11.377,3960.863080734682,0
11.378,3931.6105332617653,0
11.379,3901.7711334690657,0
11.38,3871.4396249396395,0
11.381,3840.712370178809,0
11.382,3809.687258832778,0
11.383000000000001,3778.4630853999124,0
11.384,3747.1395083045436,0
11.385,3715.8166547984006,0
11.386000000000001,3684.594897123404,0
11.387,3653.5741181947005,0
11.388,3622.854110087689,0
11.389000000000001,3592.5336166258994,0
11.39,3562.710637403501,0
11.391,3533.481263265044,0
11.392,3504.9400311740405,0
11.393,3477.1804063083564,0
11.394,3450.291508674511,0
11.395,3424.3601164180704,0
11.396,3399.4715381059505,0
11.397,3375.707326649492,0
11.398,3353.145236819355,0
11.399000000000001,3331.8594929845976,0
11.4,3311.920237294983,0
11.401,3293.393293750146,0
11.402000000000001,3276.34012853896,0
11.403,3260.8174292365466,0
11.404,3246.8770728669538,0
11.405,3234.5657679688247,0
11.406,3223.9251034952167,0
11.407,3214.991281328231,0
11.408,3207.794753136033,0
11.409,3202.3607644486938,0
11.41,3198.708511193363,0
11.411,3196.8514142299405,0
11.412,3196.7970858072845,0
11.413,3198.5472895946023,0
11.414,3202.0977593196317,0
11.415000000000001,3207.438365182902,0
11.416,3214.5530871566525,0
11.417,3223.4199878855766,0
11.418000000000001,3234.0113990316654,0
11.419,3246.2938656840865,0
11.42,3260.22842763118,0
11.421,3275.7705016421583,0
11.422,3292.8702037446637,0
11.423,3311.4724363070995,0
11.424,3331.5170657517765,0
11.425,3352.939150548802,0
11.426,3375.6690883604488,0
11.427,3399.632876628468,0
11.428,3424.752378748868,0
11.429,3450.945530674089,0
11.43,3478.1265884937484,0
11.431000000000001,3506.2065757065625,0
11.432,3535.093283840512,0
11.433,3564.6919034266757,0
11.434000000000001,3594.9050758869034,0
11.435,3625.6333960504435,0
11.436,3656.7756270502423,0
11.437,3688.2290582146384,0
11.438,3719.889900365139,0
11.439,3751.6535620249792,0
11.44,3783.4150679063937,0
11.441,3815.0693723707554,0
11.442,3846.5116973604913,0
11.443,3877.6378870295125,0
11.444,3908.3448339608863,0
11.445,3937.0998227207488,1
11.446,3965.0042077280928,0
11.447000000000001,3992.1317993620937,0
11.448,4018.403097602994,0
11.449,4043.743662480098,0
11.450000000000001,4068.0825765179306,0
11.451,4091.349580378029,0
11.452,4113.478910975642,0
11.453,4134.4088590782785,0
11.454,4154.081093005352,0
11.455,4172.441227402508,0
11.456,4189.438711535431,0
11.457,4205.0274419395155,0
11.458,4219.165203419837,0
11.459,4231.814152277142,0
11.46,4242.94077420203,0
11.461,4252.516036413522,0
11.462,4260.51534773749,0
11.463000000000001,4266.918723467494,0
11.464,4271.710755160957,0
11.465,4274.880667530367,0
11.466000000000001,4276.42231056691,0
11.467,4276.33428932864,0
11.468,4274.619767523908,0
11.469,4271.286613824905,0
11.47,4266.34732288006,0
11.471,4259.819031611116,0
11.472,4251.723403717576,0
11.473,4242.086594275694,0
11.474,4230.939222298401,0
11.475,4218.316308180759,0
11.476,4204.257069951733,0
11.477,4188.804943450553,0
11.478,4172.007440581068,0
11.479000000000001,4153.916095427452,0
11.48,4134.58592496545,0
11.481,4114.07595752805,0
11.482000000000001,4092.4485811769478,0
11.483,4069.769549907719,0
11.484,4046.107750663901,0
11.485,4021.535062348966,0
11.486,3996.126141368243,0
11.487,3969.95815130978,0
11.488,3943.110702592185,0
11.489,3915.665419567721,0
11.49,3887.705915046139,0
11.491,3859.317408957006,0
11.492,3830.5865308268985,0
11.493,3801.6011033327495,0
11.494,3772.449821620789,0
11.495000000000001,3743.221997581211,0
11.496,3714.007381010797,0
11.497,3684.8958171264608,0
11.498000000000001,3655.976913081358,0
11.499,3627.339900070171,0
11.5,3599.07336852893,0
11.501,3571.264727874489,0
11.502,3544.000459141119,0
11.503,3517.365158849627,0
11.504,3491.4423028671463,0
11.505,3466.3122438955957,0
11.506,3442.0533498701393,0
11.507,3418.7422292213214,0
11.508000000000001,3396.45194875271,0
11.509,3375.253211800584,0
11.51,3355.212401089488,0
11.511000000000001,3336.3932643127077,0
11.512,3318.8556179257635,0
11.513,3302.65542632389,0
11.514000000000001,3287.8445944251926,0
11.515,3274.4707177126875,0
11.516,3262.576892673612,0
11.517,3252.2019045058914,0
11.518,3243.3793965704836,0
11.519,3236.138660046372,0
11.52,3230.503747655265,0
11.521,3226.4938779809145,0
11.522,3224.1231333631085,0
11.523,3223.4004099432423,0
11.524000000000001,3224.3294434034433,0
11.525,3226.908754215623,0
11.526,3231.131633884433,0
11.527000000000001,3236.986166446228,0
11.528,3244.455240547365,0
11.529,3253.51661799167,0
11.53,3264.1429793618404,0
11.531,3276.302008776774,0
11.532,3289.956421921084,0
11.533,3305.064213146728,0
11.534,3321.5786692816628,0
11.535,3339.44849260087,0
11.536,3358.618124739818,0
11.537,3379.0277851195524,0
11.538,3400.6135982898168,0
11.539,3423.307889239724,0
11.540000000000001,3447.039407922443,0
11.541,3471.7334944983645,0
11.542,3497.3123708760586,0
11.543000000000001,3523.695305157565,0
11.544,3550.7990366749655,0
11.545,3578.537825994159,0
11.546,3606.82380827877,0
11.547,3635.5674091851674,0
11.548,3664.6773637405245,0
11.549,3694.0613767968257,0
11.55,3723.626021154967,0
11.551,3753.2773150068,0
11.552,3782.920849516812,0
11.553,3812.4623032181894,0
11.554,3841.807425457846,0
11.555,3870.8628367977904,0
11.556000000000001,3899.5357630118615,0
11.557,3926.7630597588022,1
11.558,3953.143457567489,0
11.559000000000001,3978.803501381097,0
11.56,4003.6708541968896,0
11.561,4027.675343414996,0
11.562,4050.74951445611,0
11.563,4072.8302914004344,0
11.564,4093.857009228044,0
11.565,4113.772251815604,0
11.566,4132.522234290143,0
11.567,4150.057020866308,0
11.568,4166.330204882285,0
11.569,4181.299164820608,0
11.57,4194.925379855868,0
11.571,4207.173747871104,0
11.572000000000001,4218.013781695969,0
11.573,4227.418647549538,0
11.574,4235.365794459642,0
11.575000000000001,4241.836782593726,0
11.576,4246.817306901363,0
11.577,4250.297301921879,0
11.578,4252.270848722978,0
11.579,4252.736264827155,0
11.58,4251.696045414671,0
11.581,4249.156773500889,0
11.582,4245.12927815536,0
11.583,4239.628448026151,0
11.584,4232.673245580395,0
11.585,4224.286606797877,0
11.586,4214.495444852276,0
11.587,4203.330518041512,0
11.588000000000001,4190.826443811373,0
11.589,4177.021301636154,0
11.59,4161.957050302003,0
11.591000000000001,4145.678964894149,0
11.592,4128.235728863957,0
11.593,4109.67925973358,0
11.594,4090.064602784597,0
11.595,4069.4497232874387,0
11.596,4047.8954403106854,0
11.597,4025.4651908656515,0
11.598,4002.2249302152472,0
11.599,3978.242854019817,0
11.6,3953.5893773436687,0
11.601,3928.336787855142,0
11.602,3902.55908473541,0
11.603,3876.3319107509806,0
11.604000000000001,3849.7321937973443,0
11.605,3822.8379655481617,0
11.606,3795.7281759875896,0
11.607000000000001,3768.482524839169,0
11.608,3741.1811445331914,0
11.609,3713.9043343307776,0
11.61,3686.732630294838,0
11.611,3659.7460248397397,0
11.612,3633.024338858818,0
11.613,3606.646846639408,0
11.614,3580.691389833118,0
11.615,3555.2354180359775,0
11.616,3530.3540910089723,0
11.617,3506.123448758766,0
11.618,3482.613174527857,0
11.619,3459.893837698308,0
11.620000000000001,3438.0340183057506,0
11.621,3417.0994957323846,0
11.622,3397.153312641116,0
11.623000000000001,3378.255471519073,0
11.624,3360.4632105829323,0
11.625,3343.8305624994423,0
11.626,3328.4078384540535,0
11.627,3314.2421594428138,0
11.628,3301.3770204055977,0
11.629,3289.851979914638,0
11.63,3279.702505321795,0
11.631,3270.96015683308,0
11.632,3263.6523595241233,0
11.633000000000001,3257.802149465441,0
11.634,3253.428306438441,0
11.635,3250.5451428181514,0
11.636000000000001,3249.1625143447736,0
11.637,3249.2857430442878,0
11.638,3250.915659535958,0
11.639000000000001,3254.0484874753797,0
11.64,3258.6759268154974,0
11.641,3264.785149593181,0
11.642,3272.3588004023777,0
11.643,3281.3750556912296,0
11.644,3291.807692115879,0
11.645,3303.6261307251025,0
11.646,3316.7955506523117,0
11.647,3331.2769795332215,0
11.648,3347.027378692504,0
11.649000000000001,3363.999828565095,0
11.65,3382.1436010124135,0
11.651,3401.404335907488,0
11.652000000000001,3421.724219422049,0
11.653,3443.0421175699894,0
11.654,3465.293819027512,0
11.655,3488.412137383568,0
11.656,3512.3272260151098,0
11.657,3536.9666790674864,0
11.658,3562.2558353089257,0
11.659,3588.117935793932,0
11.66,3614.4744597026443,0
11.661,3641.245297010654,0
11.662,3668.348956314548,0
11.663,3695.702876088736,0
11.664,3723.2234856050695,0
11.665000000000001,3750.8270981673804,0
11.666,3778.42937462425,0
11.667,3805.945976749794,0
11.668000000000001,3833.2927375246777,0
11.669,3860.386014701913,0
11.67,3887.1428467103665,0
11.671,3913.1425962598837,1
11.672,3938.3974351272336,0
11.673,3962.9907305033475,0
11.674,3986.851228800022,0
11.675,4009.9123963589545,0
11.676,4032.1112251366903,0
11.677,4053.385022133375,0
11.678,4073.6756867061963,0
11.679,4092.9284565481266,0
11.68,4111.091641196396,0
11.681000000000001,4128.118237121861,0
11.682,4143.963790363888,0
11.683,4158.587863306933,0
11.684000000000001,4171.9537847877245,0
11.685,4184.028889659291,0
11.686,4194.784072733973,0
11.687,4204.194376547156,0
11.688,4212.238564098372,0
11.689,4218.899567363941,0
11.69,4224.164127457724,0
11.691,4228.02291859826,0
11.692,4230.470602428815,0
11.693,4231.505684928265,0
11.694,4231.130647701789,0
11.695,4229.351733762849,0
11.696,4226.178970933752,0
11.697000000000001,4221.626221755754,0
11.698,4215.710952880389,0
11.699,4208.454305474397,0
11.700000000000001,4199.880943576961,0
11.701,4190.01901211897,0
11.702,4178.900014847427,0
11.703,4166.558850004648,0
11.704,4153.033328930757,0
11.705,4138.364574170631,0
11.706,4122.5966040306685,0
11.707,4105.776304759148,0
11.708,4087.953183803809,0
11.709,4069.1794211249294,0
11.71,4049.5096090669945,0
11.711,4029.0006217443083,0
11.712,4007.711506021267,0
11.713000000000001,3985.7033298138176,0
11.714,3963.038974557492,0
11.715,3939.783028579414,0
11.716000000000001,3916.001582511742,0
11.717,3891.7620960618406,0
11.718,3867.1331726518306,0
11.719,3842.1845705955952,0
11.72,3816.9864680874944,0
11.721,3791.6099982282526,0
11.722,3766.1267682151392,0
11.723,3740.608493329344,0
11.724,3715.127044356251,0
11.725,3689.7541817951055,0
11.726,3664.561318404414,0
11.727,3639.619456039081,0
11.728,3614.9988298576836,0
11.729000000000001,3590.7688311860907,0
11.73,3566.998081033888,0
11.731,3543.7533369792754,0
11.732000000000001,3521.1014169215887,0
11.733,3499.1042779121326,0
11.734,3477.8253359406945,0
11.735,3457.3250384418066,0
11.736,3437.661468432786,0
11.737,3418.8906371173543,0
11.738,3401.0659511393446,0
11.739,3384.2383559796485,0
11.74,3368.4559427242016,0
11.741,3353.76404302886,0
11.742,3340.2048149403136,0
11.743,3327.8172756569215,0
11.744,3316.6374137136386,0
11.745000000000001,3306.697563950773,0
11.746,3298.0267370939723,0
11.747,3290.6502200386444,0
11.748000000000001,3284.589987836836,0
11.749,3279.8639360153556,0
11.75,3276.486356887651,0
11.751,3274.467681213198,0
11.752,3273.8144334282947,0
11.753,3274.529353250294,0
11.754,3276.6111337860098,0
11.755,3280.0546057293086,0
11.756,3284.850702396002,0
11.757,3290.986433440616,0
11.758000000000001,3298.444923424413,0
11.759,3307.2054990091383,0
11.76,3317.2436860191706,0
11.761000000000001,3328.5312694598706,0
11.762,3341.0364066841935,0
11.763,3354.7236875071835,0
11.764000000000001,3369.5542479052842,0
11.765,3385.485847485543,0
11.766,3402.472981708628,0
11.767,3420.4670324383715,0
11.768,3439.4164609014806,0
11.769,3459.266819700319,0
11.77,3479.9609978457156,0
11.771,3501.43937945992,0
11.772,3523.6399276303277,0
11.773,3546.4985318492445,0
11.774000000000001,3569.9490333307385,0
11.775,3593.9234373277195,0
11.776,3618.3522619705227,0
11.777000000000001,3643.1645491416334,0
11.778,3668.2881352384366,0
11.779,3693.649870986021,0
11.78,3719.1758991434704,0
11.781,3744.7918146209267,0
11.782,3770.4228038871306,0
11.783,3795.9940340893527,0
11.784,3821.43070658233,0
11.785,3846.6584323879965,0
11.786,3871.6031972819574,0
11.787,3896.1921544207235,0
11.788,3918.600247357443,1
11.789,3940.414557146613,0
11.790000000000001,3961.606940618026,0
11.791,3982.1275567745347,0
11.792,4001.930628693,0
11.793000000000001,4020.969334556944,0
11.794,4039.2003050967483,0
11.795,4056.58202700032,0
11.796,4073.075421391173,0
11.797,4088.643620134668,0
11.798,4103.251972707545,0
11.799,4116.86813631644,0
11.8,4129.4622598816395,0
11.801,4141.006719560242,0
11.802,4151.476452013681,0
11.803,4160.848809599236,0
11.804,4169.103784642097,0
11.805,4176.223955505967,0
11.806000000000001,4182.194380303431,0
11.807,4187.002808979787,0
11.808,4190.639594655137,0
11.809000000000001,4193.097819061926,0
11.81,4194.37325522862,0
11.811,4194.464372481769,0
11.812,4193.37239310331,0
11.813,4191.101246734238,0
11.814,4187.657740157012,0
11.815,4183.051548937758,0
11.816,4177.294368899602,0
11.817,4170.40145625583,0
11.818,4162.390512260174,0
11.819,4153.281989074614,0
11.82,4143.098995706379,0
11.821,4131.86729503686,0
11.822000000000001,4119.615286993468,0
11.823,4106.373986978942,0
11.824,4092.176909319558,0
11.825000000000001,4077.060149039293,0
11.826,4061.0619267240427,0
11.827,4044.2230991561973,0
11.828,4026.586663110847,0
11.829,4008.1978064291775,0
11.83,3989.103799696625,0
11.831,3969.353882634131,0
11.832,3948.999208925622,0
11.833,3928.0926111982544,0
11.834,3906.688627304907,0
11.835,3884.8433156580036,0
11.836,3862.6140388683953,0
11.837,3840.059469820837,0
11.838000000000001,3817.239384697743,0
11.839,3794.2143944356444,0
11.84,3771.0460752443673,0
11.841000000000001,3747.7964541583483,0
11.842,3724.52808649183,0
11.843,3701.3038150126845,0
11.844,3678.1866283237573,0
11.845,3655.2396243620906,0
11.846,3632.525310204175,0
11.847,3610.1060816118375,0
11.848,3588.0437274510314,0
11.849,3566.3994000309926,0
11.85,3545.2332180989592,0
11.851,3524.6050125842494,0
11.852,3504.569875774683,0
11.853,3485.1863842732037,0
11.854000000000001,3466.5075046269085,0
11.855,3448.586943116431,0
11.856,3431.4754445180997,0
11.857000000000001,3415.2219537759943,0
11.858,3399.8730873607374,0
11.859,3385.472870384244,0
11.86,3372.0630799766545,0
11.861,3359.6826721842563,0
11.862,3348.3675610401756,0
11.863,3338.1513091515685,0
11.864,3329.064250076367,0
11.865,3321.133147660279,0
11.866,3314.382164999298,0
11.867,3308.831964835685,0
11.868,3304.4998080669884,0
11.869,3301.399577711189,0
11.870000000000001,3299.541703903231,0
11.871,3298.9330507722148,0
11.872,3299.5769629006527,0
11.873000000000001,3301.4732409473545,0
11.874,3304.6180898535035,0
11.875,3309.004169021838,0
11.876,3314.6205541887753,0
11.877,3321.452801344505,0
11.878,3329.482997624768,0
11.879,3338.6897469528694,0
11.88,3349.0482857315837,0
11.881,3360.5305055340677,0
11.882,3373.1050587675045,0
11.883000000000001,3386.737413130919,0
11.884,3401.389996814786,0
11.885,3417.022239988114,0
11.886000000000001,3433.5907680947125,0
11.887,3451.049453891229,0
11.888,3469.3495313226967,0
11.889000000000001,3488.439969874361,0
11.89,3508.267249605687,0
11.891,3528.7757066266354,0
11.892,3549.9078249671156,0
11.893,3571.6041449885524,0
11.894,3593.8035847987294,0
11.895,3616.4435566921707,0
11.896,3639.4602169819664,0
11.897,3662.788718016854,0
11.898,3686.363138689232,0
11.899000000000001,3710.116875308271,0
11.9,3733.982768980874,0
11.901,3757.893391603805,0
11.902000000000001,3781.7810702112447,0
11.903,3805.578374602022,0
11.904,3829.2178919011526,0
11.905,3852.632697254617,0
11.906,3875.756611571169,0
11.907,3898.2060888627957,1
11.908,3919.9984492801464,0
11.909,3941.2234889909196,0
11.91,3961.824949225596,0
11.911,3981.7512045999165,0
11.912,4000.9514372772805,0
11.913,4019.377881894386,0
11.914,4036.9854227552423,0
11.915000000000001,4053.731695052033,0
11.916,4069.5771236214578,0
11.917,4084.484743000867,0
11.918000000000001,4098.420611355474,0
11.919,4111.353372748853,0
11.92,4123.255017959913,0
11.921,4134.1000247873035,0
11.922,4143.865976448651,0
11.923,4152.5333929163235,0
11.924,4160.085719953082,0
11.925,4166.509295901232,0
11.926,4171.793429137675,0
11.927,4175.930296530734,0
11.928,4178.914961341199,0
11.929,4180.745358441247,0
11.93,4181.422257679573,0
11.931000000000001,4180.949171672016,0
11.932,4179.332495980779,0
11.933,4176.581235347106,0
11.934000000000001,4172.7071060153385,0
11.935,4167.724469014898,0
11.936,4161.650253675935,0
11.937,4154.50389991713,0
11.938,4146.307335534885,0
11.939,4137.084863283963,0
11.94,4126.8631416463,0
11.941,4115.67109304526,0
11.942,4103.539835084213,0
11.943,4090.502630977955,0
11.944,4076.5947744987106,0
11.945,4061.8535185542974,0
11.946,4046.3180438291624,0
11.947000000000001,4030.029229490229,0
11.948,4013.0297356593724,0
11.949,3995.3638321085573,0
11.950000000000001,3977.077257559411,0
11.951,3958.2171611045414,0
11.952,3938.832073961753,0
11.953,3918.9716885197336,0
11.954,3898.686693889521,0
11.955,3878.028948754199,0
11.956,3857.0510609646662,0
11.957,3835.80647344143,0
11.958,3814.3492002677012,0
11.959,3792.7338056672793,0
11.96,3771.0152466037152,0
11.961,3749.2487351453847,0
11.962,3727.489654971788,0
11.963000000000001,3705.7933727272634,0
11.964,3684.2151744852276,0
11.965,3662.810008812046,0
11.966000000000001,3641.6325892790833,0
11.967,3620.737069093376,0
11.968,3600.176896671264,0
11.969,3580.004904250502,0
11.97,3560.2728562950674,0
11.971,3541.0324649052855,0
11.972,3522.3316031509125,0
11.973,3504.219529503493,0
11.974,3486.743285845789,0
11.975,3469.9482287053543,0
11.976,3453.87816962499,0
11.977,3438.5750486072466,0
11.978,3424.079075561643,0
11.979000000000001,3410.4283873324907,0
11.98,3397.6590151150303,0
11.981,3385.8048498505323,0
11.982000000000001,3374.897666274349,0
11.983,3364.966432607154,0
11.984,3356.0378764232655,0
11.985,3348.136341230587,0
11.986,3341.2832746862173,0
11.987,3335.4976791637046,0
11.988,3330.7955169558936,0
11.989,3327.1902297736497,0
11.99,3324.6922792477794,0
11.991,3323.3093061637646,0
11.992,3323.046017222657,0
11.993,3323.904157061246,0
11.994,3325.88256862645,0
11.995000000000001,3328.9770518825508,0
11.996,3333.1805709611867,0
11.997,3338.483045324404,0
11.998000000000001,3344.8715106652016,0
11.999,3352.3300988375568,0
12.0,3360.8400107199463,0
12.001,3370.379686191557,0
12.002,3380.924754878507,0
12.003,3392.4481330155477,0
12.004,3404.920057130357,0
12.005,3418.3082495346716,0
12.006,3432.57785075653,0
12.007,3447.6916310593483,0
12.008000000000001,3463.610042263122,0
12.009,3480.29130383575,0
12.01,3497.691536313414,0
12.011000000000001,3515.7648695484368,0
12.012,3534.4635628915757,0
12.013,3553.738101546057,0
12.014000000000001,3573.537455308478,0
12.015,3593.809038029016,0
12.016,3614.4989043496466,0
12.017,3635.5520098502093,0
12.018,3656.912164165576,0
12.019,3678.5224097180485,0
12.02,3700.3249715219054,0
12.021,3722.261521021519,0
12.022,3744.273378755911,0
12.023,3766.3013720145805,0
12.024000000000001,3788.2865704118976,0
12.025,3810.1697478456294,0
12.026,3831.89233744486,0
12.027000000000001,3853.395817928499,0
12.028,3874.6222031679054,0
12.029,3894.7365019158815,1
12.030000000000001,3914.202499592295,0
12.031,3933.1480218920724,0
12.032,3951.5325055781072,0
12.033,3969.313236526165,0
12.034,3986.450598276262,0
12.035,4002.9072553133383,0
12.036,4018.6475563715744,0
12.037,4033.6379903756824,0
12.038,4047.8470435153963,0
12.039,4061.245497150595,0
12.040000000000001,4073.806025041713,0
12.041,4085.5034374371107,0
12.042,4096.314745612276,0
12.043000000000001,4106.219136557885,0
12.044,4115.197821578415,0
12.045,4123.234320829613,0
12.046,4130.31410789921,0
12.047,4136.425005844623,0
12.048,4141.556936453754,0
12.049,4145.702004573752,0
12.05,4148.854458990647,0
12.051,4151.010683148799,0
12.052,4152.169293276317,0
12.053,4152.330944187439,0
12.054,4151.498449099992,0
12.055,4149.6767629493215,0
12.056000000000001,4146.873037296815,0
12.057,4143.096120574773,0
12.058,4138.357328744174,0
12.059000000000001,4132.6699022109815,0
12.06,4126.049078194279,0
12.061,4118.512090820545,0
12.062,4110.0781393951365,0
12.063,4100.7683286042,0
12.064,4090.6057011676126,0
12.065,4079.615167201634,0
12.066,4067.8233414112433,0
12.067,4055.258710174276,0
12.068,4041.951495209889,0
12.069,4027.933514212441,0
12.07,4013.2382333212768,0
12.071,3997.9006635814776,0
12.072000000000001,3981.957344177929,0
12.073,3965.4461760142713,0
12.074,3948.406382513159,0
12.075000000000001,3930.8785283819516,0
12.076,3912.904381505802,0
12.077,3894.5268066858066,0
12.078,3875.7897179999577,0
12.079,3856.7378971516973,0
12.08,3837.4170237744743,0
12.081,3817.873533936605,0
12.082,3798.1544072137967,0
12.083,3778.3073000056443,0
12.084,3758.3802340448174,0
12.085,3738.4216007305467,0
12.086,3718.4799778631514,0
12.087,3698.6040554316914,0
12.088000000000001,3678.8424783808578,0
12.089,3659.243857446327,0
12.09,3639.856507749327,0
12.091000000000001,3620.728236575523,0
12.092,3601.9065769045355,0
12.093,3583.4387195908766,0
12.094,3565.3711833722896,0
12.095,3547.7474464445067,0
12.096,3530.6130222978213,0
12.097,3514.0109307861644,0
12.098,3497.983462690141,0
12.099,3482.5712735693305,0
12.1,3467.813636214118,0
12.101,3453.7485687803664,0
12.102,3440.4121124352423,0
12.103,3427.838714014582,0
12.104000000000001,3416.061172002283,0
12.105,3405.1101158898864,0
12.106,3395.014357554385,0
12.107000000000001,3385.800429534015,0
12.108,3377.4928719476193,0
12.109,3370.113890507441,0
12.11,3363.683372852246,0
12.111,3358.2188952866545,0
12.112,3353.7355408816893,0
12.113,3350.2459648887984,0
12.114,3347.760290262081,0
12.115,3346.286117788439,0
12.116,3345.8283726151426,0
12.117,3346.3894629169586,0
12.118,3347.9691499680907,0
12.119,3350.564592321262,0
12.120000000000001,3354.1702699649686,0
12.121,3358.778108873109,0
12.122,3364.3773692384416,0
12.123000000000001,3370.954781083601,0
12.124,3378.494507587581,0
12.125,3386.9781776186487,0
12.126,3396.384966809727,0
12.127,3406.6916145768955,0
12.128,3417.872510523663,0
12.129,3429.8997206592517,0
12.13,3442.743076898678,0
12.131,3456.3703537407932,0
12.132,3470.7471235050584,0
12.133000000000001,3485.837010899756,0
12.134,3501.6017647412446,0
12.135,3518.001346713591,0
12.136000000000001,3534.994056116159,0
12.137,3552.5365877652916,0
12.138,3570.5841269760335,0
12.139000000000001,3589.090608846097,0
12.14,3608.0086839434634,0
12.141,3627.2898500432766,0
12.142,3646.8848182733072,0
12.143,3666.743243325629,0
12.144,3686.8142158771616,0
12.145,3707.0461541014033,0
12.146,3727.387140904297,0
12.147,3747.784860362858,0
12.148,3768.1868672189325,0
12.149000000000001,3788.540726065867,0
12.15,3808.793967090581,0
12.151,3828.894554077694,0
12.152000000000001,3848.790772257788,0
12.153,3868.4313939239246,0
12.154,3886.926689194921,1
12.155000000000001,3904.8234524903937,0
12.156,3922.242403087405,0
12.157,3939.1483515332566,0
12.158,3955.5049840840816,0
12.159,3971.2792005630513,0
12.16,3986.4390823274493,0
12.161,4000.954787342642,0
12.162,4014.7981175573173,0
12.163,4027.942561463192,0
12.164,4040.363500633862,0
12.165000000000001,4052.038007114091,0
12.166,4062.9449157446697,0
12.167,4073.0647744434505,0
12.168000000000001,4082.380067971388,0
12.169,4090.874934458691,0
12.17,4098.53525591471,0
12.171,4105.3486889887545,0
12.172,4111.3046731104805,0
12.173,4116.3943722599115,0
12.174,4120.610709435346,0
12.175,4123.94829533526,0
12.176,4126.403541492037,0
12.177,4127.974558483997,0
12.178,4128.661098650968,0
12.179,4128.464728392583,0
12.18,4127.388655308649,0
12.181000000000001,4125.43780991819,0
12.182,4122.618792029508,0
12.183,4118.939868999799,0
12.184000000000001,4114.410987479303,0
12.185,4109.043700234965,0
12.186,4102.851214819047,0
12.187,4095.8483859695234,0
12.188,4088.051648870795,0
12.189,4079.4790165117042,0
12.19,4070.1500651297893,0
12.191,4060.0859107998153,0
12.192,4049.30917017502,0
12.193,4037.8439628652345,0
12.194,4025.715746114295,0
12.195,4012.9515138766633,0
12.196,3999.579580312112,0
12.197000000000001,3985.6296470668053,0
12.198,3971.13260607147,0
12.199,3956.1205797171215,0
12.200000000000001,3940.6269755726416,0
12.201,3924.6862631349964,0
12.202,3908.3339867424643,0
12.203,3891.606714439199,0
12.204,3874.541946237627,0
12.205,3857.1780456932916,0
12.206,3839.554172142563,0
12.207,3821.710222263408,0
12.208,3803.686696599399,0
12.209,3785.5246466548447,0
12.21,3767.265646430127,0
12.211,3748.9516956475027,0
12.212,3730.624923672906,0
12.213000000000001,3712.327851569822,0
12.214,3694.1028699427047,0
12.215,3675.99257316765,0
12.216000000000001,3658.0393581350527,0
12.217,3640.2855338365734,0
12.218,3622.773037960239,0
12.219,3605.543600872959,0
12.22,3588.638327984516,0
12.221,3572.0982145174726,0
12.222,3555.9607581241,0
12.223,3540.2663945817853,0
12.224,3525.0530868984933,0
12.225,3510.3575843947347,0
12.226,3496.215980938563,0
12.227,3482.6629425207097,0
12.228,3469.7319625893792,0
12.229000000000001,3457.4549974569377,0
12.23,3445.862539922492,0
12.231,3434.983576126668,0
12.232000000000001,3424.8454732981454,0
12.233,3415.4739231093795,0
12.234,3406.8926688682463,0
12.235,3399.1238183134305,0
12.236,3392.1872878044005,0
12.237,3386.101178103389,0
12.238,3380.881500424217,0
12.239,3376.542192168422,0
12.24,3373.0950671835417,0
12.241,3370.549734900387,0
12.242,3368.9136172181984,0
12.243,3368.1918913610043,0
12.244,3368.387528718056,0
12.245000000000001,3369.501214561894,0
12.246,3371.5313379426325,0
12.247,3374.4740565850248,0
12.248000000000001,3378.3231959476875,0
12.249,3383.0703689264906,0
12.25,3388.7049408876737,0
12.251,3395.2140287074512,0
12.252,3402.582579510956,0
12.253,3410.793361821542,0
12.254,3419.827057037035,0
12.255,3429.662256212689,0
12.256,3440.27551958837,0
12.257,3451.6414456356783,0
12.258000000000001,3463.7327236994925,0
12.259,3476.5202491401324,0
12.26,3489.973167518853,0
12.261000000000001,3504.0588991456057,0
12.262,3518.7432685572494,0
12.263,3533.990543273588,0
12.264000000000001,3549.763705642816,0
12.265,3566.0242788573237,0
12.266,3582.7325962197774,0
12.267,3599.8478619520474,0
12.268,3617.3282546205896,0
12.269,3635.13096472299,0
12.27,3653.2124757340807,0
12.271,3671.5285332326675,0
12.272,3690.034258986195,0
12.273,3708.6842834379404,0
12.274000000000001,3727.432929573655,0
12.275,3746.2343027189904,0
12.276,3765.0422584566377,0
12.277000000000001,3783.8107230064993,0
12.278,3802.493641445298,0
12.279,3821.0452128625416,0
12.280000000000001,3839.420006883601,0
12.281,3857.5730025379958,0
12.282,3874.9942575961986,1
12.283,3891.860925479793,0
12.284,3908.293576681842,0
12.285,3924.2579682022338,0
12.286,3939.7212609520075,0
12.287,3954.651469965864,0
12.288,3969.0210093039054,0
12.289,3982.801280674396,0
12.290000000000001,3995.966504496013,0
12.291,4008.4924041010268,0
12.292,4020.3563487107226,0
12.293000000000001,4031.5376025171095,0
12.294,4042.0170222320717,0
12.295,4051.7772014078214,0
12.296,4060.8024514926656,0
12.297,4069.0785306248804,0
12.298,4076.5930992978083,0
12.299,4083.3352795136802,0
12.3,4089.295958962124,0
12.301,4094.4674723257745,0
12.302,4098.843774756586,0
12.303,4102.420417693534,0
12.304,4105.1944582960505,0
12.305,4107.1644102634655,0
12.306000000000001,4108.330370572544,0
12.307,4108.693903199148,0
12.308,4108.257977351139,0
12.309000000000001,4107.027094769861,0
12.31,4105.00710682566,0
12.311,4102.205308116255,0
12.312,4098.630368732301,0
12.313,4094.2923862588573,0
12.314,4089.202603998071,0
12.315,4083.373822337592,0
12.316,4076.82013197671,0
12.317,4069.55674305294,0
12.318,4061.600371473616,0
12.319,4052.968764808343,0
12.32,4043.6811046494026,0
12.321,4033.7575711881827,0
12.322000000000001,4023.2196654156323,0
12.323,4012.0900096718874,0
12.324,4000.392353391273,0
12.325000000000001,3988.151523051982,0
12.326,3975.393424104607,0
12.327,3962.144958922432,0
12.328,3948.43408588116,0
12.329,3934.289573596907,0
12.33,3919.741224287299,0
12.331,3904.819658184322,0
12.332,3889.5563358371815,0
12.333,3873.983455635226,0
12.334,3858.1339504247608,0
12.335,3842.0414433739766,0
12.336,3825.74016410578,0
12.337,3809.264699184861,0
12.338000000000001,3792.65032082338,0
12.339,3775.932695263071,0
12.34,3759.147898070686,0
12.341000000000001,3742.3320249561143,0
12.342,3725.521606305423,0
12.343,3708.7531814333797,0
12.344,3692.0634937724635,0
12.345,3675.489059021755,0
12.346,3659.0665052182508,0
12.347,3642.8323818615304,0
12.348,3626.822379605958,0
12.349,3611.0724480142435,0
12.35,3595.6178580409837,0
12.351,3580.4934651166923,0
12.352,3565.7339126476813,0
12.353,3551.371981845325,0
12.354000000000001,3537.4409135344977,0
12.355,3523.9725387063854,0
12.356,3510.998022325634,0
12.357000000000001,3498.5473988248805,0
12.358,3486.649639221202,0
12.359,3475.332618777974,0
12.36,3464.622938621959,0
12.361,3454.545939529344,0
12.362,3445.125613279249,0
12.363,3436.384477856633,0
12.364,3428.343581168531,0
12.365,3421.022459259644,0
12.366,3414.4390154102293,0
12.367,3408.6095176907866,0
12.368,3403.5485189213255,0
12.369,3399.268815743964,0
12.370000000000001,3395.781445775826,0
12.371,3393.0956412469036,0
12.372,3391.218736234048,0
12.373000000000001,3390.1562412124767,0
12.374,3389.9117202261173,0
12.375,3390.4867384802433,0
12.376,3391.881314031358,0
12.377,3394.0931613287694,0
12.378,3397.1180862460446,0
12.379,3400.9502541868655,0
12.38,3405.581639792638,0
12.381,3411.0024068063112,0
12.382,3417.2008445607544,0
12.383000000000001,3424.1633913785495,0
12.384,3431.8746340396815,0
12.385,3440.3173974131696,0
12.386000000000001,3449.472744480776,0
12.387,3459.3200185826054,0
12.388,3469.8369020008354,0
12.389000000000001,3480.9994724219378,0
12.39,3492.782238218783,0
12.391,3505.1582409752054,0
12.392,3518.0990847106414,0
12.393,3531.574991451354,0
12.394,3545.5549270339043,0
12.395,3560.006629170706,0
12.396,3574.8966957350103,0
12.397,3590.1906515808328,0
12.398,3605.853088813938,0
12.399000000000001,3621.847594826054,0
12.4,3638.1371684245223,0
12.401,3654.6839785097495,0
12.402000000000001,3671.4495073122785,0
12.403,3688.394834855678,0
12.404,3705.48053727388,0
12.405000000000001,3722.6668738711883,0
12.406,3739.913862773449,0
12.407,3757.1813334404796,0
12.408,3774.429190355828,0
12.409,3791.6172462423974,0
12.41,3808.705526459071,0
12.411,3825.6542941384814,0
12.412,3842.4241004883816,0
12.413,3858.9759927026007,0
12.414,3873.62296355315,1
12.415000000000001,3887.9653672324753,0
12.416,3901.9172752003706,0
12.417,3915.4589328193288,0
12.418000000000001,3928.5693524321086,0
12.419,3941.230047318467,0
12.42,3953.4228894962966,0
12.421,3965.1307141967095,0
12.422,3976.337486527308,0
12.423,3987.0279157136774,0
12.424,3997.1876349812187,0
12.425,4006.802994405918,0
12.426,4015.861477253691,0
12.427,4024.351069688135,0
12.428,4032.260700570493,0
12.429,4039.5799881158628,0
12.43,4046.2992772930374,0
12.431000000000001,4052.4098338644903,0
12.432,4057.9036068573664,0
12.433,4062.773307771604,0
12.434000000000001,4067.012675726419,0
12.435,4070.6158842269137,0
12.436,4073.5780311549393,0
12.437,4075.895076650516,0
12.438,4077.5637705931613,0
12.439,4078.5817377406956,0
12.44,4078.947468334029,0
12.441,4078.6603402034953,0
12.442,4077.7206427741876,0
12.443,4076.129648761968,0
12.444,4073.889551629284,0
12.445,4071.003563361699,0
12.446,4067.475916421481,0
12.447000000000001,4063.311859926281,0
12.448,4058.517713060054,0
12.449,4053.100872872432,0
12.450000000000001,4047.069855215977,0
12.451,4040.43425255696,0
12.452,4033.204827063383,0
12.453,4025.3934724982078,0
12.454,4017.0132365916334,0
12.455,4008.0783185952637,0
12.456,3998.604107309574,0
12.457,3988.607107479128,0
12.458,3978.1050664014265,0
12.459,3967.116709922325,0
12.46,3955.66205922004,0
12.461,3943.7621445007126,0
12.462,3931.439173847939,0
12.463000000000001,3918.716386385861,0
12.464,3905.617942817997,0
12.465,3892.1691658844866,0
12.466000000000001,3878.3962698042365,0
12.467,3864.3263895091322,0
12.468,3849.9875264201305,0
12.469,3835.408507224492,0
12.47,3820.618903474538,0
12.471,3805.649007620999,0
12.472,3790.5296975117285,0
12.473,3775.2925066787857,0
12.474,3759.9694942038873,0
12.475,3744.5929213777995,0
12.476,3729.1956492396075,0
12.477,3713.810691840125,0
12.478,3698.471274883338,0
12.479000000000001,3683.210828871409,0
12.48,3668.0627589784353,0
12.481,3653.060339979522,0
12.482000000000001,3638.236858828451,0
12.483,3623.625404058902,0
12.484,3609.2588393303,0
12.485,3595.168734433453,0
12.486,3581.387508388942,0
12.487,3567.9462737099625,0
12.488,3554.8756339596066,0
12.489,3542.2054502964966,0
12.49,3529.9648239631088,0
12.491,3518.1820491842236,0
12.492,3506.8843238447935,0
12.493,3496.097953937054,0
12.494,3485.847994958068,0
12.495000000000001,3476.158540745546,0
12.496,3467.0521539284236,0
12.497,3458.5504400777654,0
12.498000000000001,3450.673396025189,0
12.499,3443.439738904806,0
12.5,3436.866655291551,0
12.501,3430.9699916285704,0
12.502,3425.763693329764,0
12.503,3421.2604860785978,0
12.504,3417.4713335052193,0
12.505,3414.4055783156646,0
12.506,3412.0708904664602,0
12.507,3410.4732451481614,0
12.508000000000001,3409.616924958318,0
12.509,3409.5044979046465,0
12.51,3410.136810592057,0
12.511000000000001,3411.512958132263,0
12.512,3413.6303645063276,0
12.513,3416.484700819946,0
12.514000000000001,3420.069984785547,0
12.515,3424.378481089713,0
12.516,3429.4008718742275,0
12.517,3435.1261343518263,0
12.518,3441.541688057493,0
12.519,3448.6333367399807,0
12.52,3456.3853353589734,0
12.521,3464.7804251517314,0
12.522,3473.8000145300434,0
12.523,3483.4239551276073,0
12.524000000000001,3493.63078797045,0
12.525,3504.397742195521,0
12.526,3515.7007903351177,0
12.527000000000001,3527.514677850676,0
12.528,3539.813097299676,0
12.529,3552.568646132693,0
12.530000000000001,3565.7528650462186,0
12.531,3579.336389885001,0
12.532,3593.2890047934957,0
12.533,3607.57965498847,0
12.534,3622.1765584998666,0
12.535,3637.047401482802,0
12.536,3652.159151065551,0
12.537,3667.478251879053,0
12.538,3682.9709824933566,0
12.539,3698.603034822172,0
12.540000000000001,3714.339830818979,0
12.541,3730.1467583645135,0
12.542,3745.9889397747415,0
12.543000000000001,3761.831552365074,0
12.544,3777.639786425291,0
12.545,3793.378962351059,0
12.546,3809.014528424051,0
12.547,3824.5122521970748,0
12.548,3839.8381246762865,0
12.549,3854.7652279815293,1
12.55,3869.2620273380285,0
12.551,3883.40048190903,0
12.552,3897.1543356675984,0
12.553,3910.4977467081385,0
12.554,3923.4067342863405,0
12.555,3935.8587569642027,0
12.556000000000001,3947.8328693949097,0
12.557,3959.3095944114752,0
12.558,3970.270547066504,0
12.559000000000001,3980.6995642664797,0
12.56,3990.581175970155,0
12.561,3999.9014260651857,0
12.562,4008.6477655800422,0
12.563,4016.8089746671258,0
12.564,4024.3750809299245,0
12.565,4031.337330837565,0
12.566,4037.6882382686154,0
12.567,4043.4214619075838,0
12.568,4048.5318381132206,0
12.569,4053.0152882935727,0
12.57,4056.8687983206405,0
12.571,4060.090843894696,0
12.572000000000001,4062.679636121261,0
12.573,4064.635678136405,0
12.574,4065.9599022266207,0
12.575000000000001,4066.654450116857,0
12.576,4066.722100463603,0
12.577,4066.166639710617,0
12.578,4064.9927220030704,0
12.579,4063.2058553537795,0
12.58,4060.812400745589,0
12.581,4057.819543028237,0
12.582,4054.2352837611356,0
12.583,4050.068424720745,0
12.584,4045.328609096665,0
12.585,4040.02610587883,0
12.586,4034.1721219693472,0
12.587,4027.77855391486,0
12.588000000000001,4020.8580812841847,0
12.589,4013.424128733359,0
12.59,4005.490881848695,0
12.591000000000001,3997.0732304682656,0
12.592,3988.1867978949185,0
12.593,3978.847923652502,0
12.594,3969.0737091169085,0
12.595,3958.8818553045458,0
12.596,3948.2908158009777,0
12.597,3937.319726604044,0
12.598,3925.988363831106,0
12.599,3914.3171731886223,0
12.6,3902.327214183894,0
12.601,3890.0401460949074,0
12.602,3877.4782769944577,0
12.603,3864.664378864919,0
12.604000000000001,3851.621830209582,0
12.605,3838.3745546820564,0
12.606,3824.9468950239557,0
12.607000000000001,3811.3636147435973,0
12.608,3797.6499987650823,0
12.609,3783.831633273252,0
12.61,3769.934464893844,0
12.611,3755.984771064838,0
12.612,3742.0090157266586,0
12.613,3728.034013012501,0
12.614,3714.086450685306,0
12.615,3700.1934550611663,0
12.616,3686.3819775025054,0
12.617,3672.6791032479687,0
12.618,3659.1118074569545,0
12.619,3645.707460501634,0
12.620000000000001,3632.4927804191034,0
12.621,3619.494096030166,0
12.622,3606.7363601775082,0
12.623000000000001,3594.2466638765045,0
12.624,3582.050330612319,0
12.625,3570.1726365504333,0
12.626,3558.6380611140903,0
12.627,3547.4705765033577,0
12.628,3536.6936073342636,0
12.629,3526.329818983759,0
12.63,3516.4013101774062,0
12.631,3506.9288053685946,0
12.632,3497.933125381175,0
12.633000000000001,3489.433446445135,0
12.634,3481.4482276135936,0
12.635,3473.9949609545483,0
12.636000000000001,3467.090017943272,0
12.637,3460.748729436399,0
12.638,3454.9852729908444,0
12.639000000000001,3449.812685932292,0
12.64,3445.242726112419,0
12.641,3441.286011513265,0
12.642,3437.951790447865,0
12.643,3435.2480858817407,0
12.644,3433.181556162471,0
12.645,3431.7575431451487,0
12.646,3430.9799991888167,0
12.647,3430.851410911361,0
12.648,3431.3732254225292,0
12.649000000000001,3432.545143750997,0
12.65,3434.36557442152,0
12.651,3436.8315558115464,0
12.652000000000001,3439.938710877571,0
12.653,3443.6813002956123,0
12.654,3448.0521777529757,0
12.655000000000001,3453.0428755973085,0
12.656,3458.6435334268263,0
12.657,3464.8430122534605,0
12.658,3471.628831184994,0
12.659,3478.9873402510602,0
12.66,3486.9034933905946,0
12.661,3495.361201304516,0
12.662,3504.3430701460697,0
12.663,3513.8306148774655,0
12.664,3523.8042722686,0
12.665000000000001,3534.2434104616086,0
12.666,3545.12639978863,0
12.667,3556.4306564107487,0
12.668000000000001,3568.132695269766,0
12.669,3580.208177971045,0
12.67,3592.6319529338393,0
12.671000000000001,3605.3781525826084,0
12.672,3618.42019332123,0
12.673,3631.730937949012,0
12.674,3645.282588419395,0
12.675,3659.046805125275,0
12.676,3672.9950970237032,0
12.677,3687.0982983616154,0
12.678,3701.327027239309,0
12.679,3715.6516126125607,0
12.68,3730.0422485869008,0
12.681000000000001,3744.468953387525,0
12.682,3758.9016883088757,0
12.683,3773.3104968816656,0
12.684000000000001,3787.6655307332444,0
12.685,3801.936883582389,0
12.686,3816.0949564183006,0
12.687,3830.11049661995,0
12.688,3843.8227721424855,1
12.689,3857.164781124829,0
12.69,3870.188967455567,0
12.691,3882.872226937037,0
12.692,3895.1922234764143,0
12.693,3907.127882658626,0
12.694,3918.659600452874,0
12.695,3929.769356420113,0
12.696,3940.44009632626,0
12.697000000000001,3950.656343803326,0
12.698,3960.4037917750898,0
12.699,3969.6693278508337,0
12.700000000000001,3978.4411009607484,0
12.701,3986.708445704032,0
12.702,3994.461807790171,0
12.703,4001.692729248705,0
12.704,4008.393829447124,0
12.705,4014.558842857673,0
12.706,4020.1823471293656,0
12.707,4025.259987541188,0
12.708,4029.7882850122046,0
12.709,4033.764593927756,0
12.71,4037.1871973242723,0
12.711,4040.0552422597743,0
12.712,4042.368560609546,0
12.713000000000001,4044.1277943487557,0
12.714,4045.334321454384,0
12.715,4045.9902665364325,0
12.716000000000001,4046.0984938600245,0
12.717,4045.662293829071,0
12.718,4044.685877596021,0
12.719,4043.174018822508,0
12.72,4041.1321214137447,0
12.721,4038.5662110120884,0
12.722,4035.482913059772,0
12.723,4031.889461756997,0
12.724,4027.7936941084254,0
12.725,4023.2040198925993,0
12.726,4018.1294380997338,0
12.727,4012.579556884577,0
12.728,4006.564549222349,0
12.729000000000001,4000.095166349839,0
12.73,3993.182790815143,0
12.731,3985.839308362226,0
12.732000000000001,3978.0772439698753,0
12.733,3969.9096396751593,0
12.734,3961.350170528361,0
12.735,3952.413071589975,0
12.736,3943.1131832109622,0
12.737,3933.465837488546,0
12.738,3923.487013283907,0
12.739,3913.193179239731,0
12.74,3902.6013640283227,0
12.741,3891.7291725489968,0
12.742,3880.5948107720506,0
12.743,3869.216762746168,0
12.744,3857.6141960325067,0
12.745000000000001,3845.806719888243,0
12.746,3833.814383562117,0
12.747,3821.657679669636,0
12.748000000000001,3809.3575401932035,0
12.749,3796.9352874520955,0
12.75,3784.4126177706835,0
12.751,3771.811441138668,0
12.752,3759.154074983473,0
12.753,3746.4630540214093,0
12.754,3733.761217652276,0
12.755,3721.0714558260865,0
12.756,3708.416934954737,0
12.757,3695.820706333733,0
12.758000000000001,3683.3062864661015,0
12.759,3670.89661420268,0
12.76,3658.615129504501,0
12.761000000000001,3646.485040015575,0
12.762,3634.530252270906,0
12.763,3622.7716346489647,0
12.764000000000001,3611.2327403965455,0
12.765,3599.9359695435355,0
12.766,3588.9033484372476,0
12.767,3578.1565223577395,0
12.768,3567.7166287658706,0
12.769,3557.604371483821,0
12.77,3547.8400230420357,0
12.771,3538.4430914562286,0
12.772,3529.432452930062,0
12.773,3520.8267530592207,0
12.774000000000001,3512.643384583093,0
12.775,3504.899141748451,0
12.776,3497.610039232131,0
12.777000000000001,3490.7913394308544,0
12.778,3484.457247476622,0
12.779,3478.621072395709,0
12.780000000000001,3473.295265199937,0
12.781,3468.491241931348,0
12.782,3464.2194241220573,0
12.783,3460.4890285149486,0
12.784,3457.308423672178,0
12.785,3454.684726292988,0
12.786,3452.624001298255,0
12.787,3451.131178002349,0
12.788,3450.210006053572,0
12.789,3449.8631200582995,0
12.790000000000001,3450.0919553973363,0
12.791,3450.896785835996,0
12.792,3452.2767012608483,0
12.793000000000001,3454.229545432913,0
12.794,3456.7522139654966,0
12.795,3459.8402135024517,0
12.796000000000001,3463.487950543875,0
12.797,3467.6885956984793,0
12.798,3472.4345015577555,0
12.799,3477.716595063689,0
12.8,3483.52480888725,0
12.801,3489.847961682191,0
12.802,3496.673861100156,0
12.803,3503.9892727770603,0
12.804,3511.7799423335205,0
12.805,3520.0306868816483,0
12.806000000000001,3528.725405262723,0
12.807,3537.8471031882145,0
12.808,3547.377867747465,0
12.809000000000001,3557.299009430775,0
12.81,3567.590990922179,0
12.811,3578.2336565048936,0
12.812,3589.206080186196,0
12.813,3600.4866916231067,0
12.814,3612.053302195662,0
12.815,3623.883171632602,0
12.816,3635.953061143707,0
12.817,3648.239297133271,0
12.818,3660.7177294598555,0
12.819,3673.36388375051,0
12.82,3686.1529626162683,0
12.821,3699.0598665172565,0
12.822000000000001,3712.059403432057,0
12.823,3725.1261268541875,0
12.824,3738.2344737454537,0
12.825000000000001,3751.358932781214,0
12.826,3764.4738435974436,0
12.827,3777.5535719102218,0
12.828,3790.572733644616,0
12.829,3803.506046607684,0
12.83,3816.3284149374285,0
12.831,3829.0148644247256,0
12.832,3840.5738658605515,1
12.833,3851.800036577883,0
12.834,3862.745694812363,0
12.835,3873.397791351089,0
12.836,3883.744153230956,0
12.837,3893.7734311912373,0
12.838000000000001,3903.475003654818,0
12.839,3912.8392140383485,0
12.84,3921.856825979967,0
12.841000000000001,3930.5193524704378,0
12.842,3938.8189279287258,0
12.843,3946.7482382164617,0
12.844,3954.300425954322,0
12.845,3961.469228479298,0
12.846,3968.2487417491684,0
12.847,3974.6335890185233,0
12.848,3980.618665647605,0
12.849,3986.1992952538258,0
12.85,3991.3711207547303,0
12.851,3996.1301663814565,0
12.852,4000.472719288803,0
12.853,4004.395600950803,0
12.854000000000001,4007.895780006701,0
12.855,4010.9697212463325,0
12.856,4013.615423720581,0
12.857000000000001,4015.830660699501,0
12.858,4017.613533677645,0
12.859,4018.96246424689,0
12.86,4019.8761903271206,0
12.861,4020.3538908480427,0
12.862,4020.3948063360885,0
12.863,4019.9988327873393,0
12.864,4019.1661940179542,0
12.865,4017.8974769731713,0
12.866,4016.193730893004,0
12.867,4014.056494937352,0
12.868,4011.4877425792743,0
12.869,4008.4899659993525,0
12.870000000000001,4005.066186852032,0
12.871,4001.2199622893213,0
12.872,3996.9554637108367,0
12.873000000000001,3992.277422815259,0
12.874,3987.1912321891114,0
12.875,3981.702859564207,0
12.876,3975.818964336255,0
12.877,3969.5468395568473,0
12.878,3962.8944739915087,0
12.879,3955.870547604923,0
12.88,3948.4844381488974,0
12.881,3940.7462287638964,0
12.882,3932.6667549397034,0
12.883000000000001,3924.2574965916892,0
12.884,3915.530586769049,0
12.885,3906.4990026505934,0
12.886000000000001,3897.1763618667565,0
12.887,3887.576857614516,0
12.888,3877.7156104651167,0
12.889000000000001,3867.6080109374484,0
12.89,3857.2703555394664,0
12.891,3846.7195069434642,0
12.892,3835.972822862971,0
12.893,3825.048300919519,0
12.894,3813.9643812533045,0
12.895,3802.7400983165685,0
12.896,3791.3947990274733,0
12.897,3779.9483210395915,0
12.898,3768.4209046825686,0
12.899000000000001,3756.8330893104444,0
12.9,3745.2055933090387,0
12.901,3733.5595878318145,0
12.902000000000001,3721.916276005441,0
12.903,3710.297082709032,0
12.904,3698.7235280830664,0
12.905000000000001,3687.217116260758,0
12.906,3675.799418192926,0
12.907,3664.4919757000293,0
12.908,3653.3168569194086,0
12.909,3642.2937645085294,0
12.91,3631.4446731751623,0
12.911,3620.790359531293,0
12.912,3610.3509400858056,0
12.913,3600.146723004014,0
12.914,3590.1975168035106,0
12.915000000000001,3580.5224947722336,0
12.916,3571.140460434748,0
12.917,3562.0697105701734,0
12.918000000000001,3553.3278862340167,0
12.919,3544.932081453696,0
12.92,3536.8986428293306,0
12.921000000000001,3529.2432795724467,0
12.922,3521.9809807795,0
12.923,3515.12599263615,0
12.924,3508.69152488851,0
12.925,3502.6902763477606,0
12.926,3497.1339544607563,0
12.927,3492.0334023624287,0
12.928,3487.398543432097,0
12.929,3483.238416565785,0
12.93,3479.5610978377726,0
12.931000000000001,3476.3737253465833,0
12.932,3473.6824590491465,0
12.933,3471.4924787953787,0
12.934000000000001,3469.807856638926,0
12.935,3468.632083535773,0
12.936,3467.9672411241304,0
12.937,3467.8145430787463,0
12.938,3468.1742272226625,0
12.939,3469.04552000301,0
12.94,3470.4266755365675,0
12.941,3472.3149745066785,0
12.942,3474.7067078253135,0
12.943,3477.5972009113566,0
12.944,3480.9809249444775,0
12.945,3484.85133154247,0
12.946,3489.2009771734524,0
12.947000000000001,3494.0215308998827,0
12.948,3499.3037987472644,0
12.949,3505.0377249294793,0
12.950000000000001,3511.2124174272626,0
12.951,3517.816181440903,0
12.952,3524.836576806224,0
12.953,3532.260388327791,0
12.954,3540.0736724207736,0
12.955,3548.261776275703,0
12.956,3556.809438524685,0
12.957,3565.7007230825243,0
12.958,3574.9191158018175,0
12.959,3584.447523097466,0
12.96,3594.268305578442,0
12.961,3604.3633568838573,0
12.962,3614.7140838948076,0
12.963000000000001,3625.301482236822,0
12.964,3636.1061288070937,0
12.965,3647.1082693856447,0
12.966000000000001,3658.2878163548717,0
12.967,3669.6243918129326,0
12.968,3681.0974174986645,0
12.969,3692.6860877694794,0
12.97,3704.3693847358136,0
12.971,3716.126178383944,0
12.972,3727.935260696352,0
12.973,3739.7753333051637,0
12.974,3751.625114214749,0
12.975,3763.4632560207347,0
12.976,3775.2685249496185,0
12.977,3787.0196861224736,0
12.978,3798.6957431285805,0
12.979000000000001,3810.2760389371933,0
12.98,3821.7397368960396,0
12.981,3831.964727328029,1
12.982000000000001,3841.940853473896,0
12.983,3851.669339591283,0
12.984,3861.1423915400715,0
12.985,3870.3514164118287,0
12.986,3879.2890039103827,0
12.987,3887.9485374307956,0
12.988,3896.3236013772757,0
12.989,3904.4082809111505,0
12.99,3912.1974475060065,0
12.991,3919.686017138634,0
12.992,3926.8692753573923,0
12.993,3933.7429479244847,0
12.994,3940.3029161129457,0
12.995000000000001,3946.5452491853302,0
12.996,3952.466250526782,0
12.997,3958.0623993312743,0
12.998000000000001,3963.3302458410635,0
12.999,3968.2664655668273,0
13.0,3972.8681087652194,0
13.001,3977.1319560526167,0
13.002,3981.054707983077,0
13.003,3984.6331313156493,0
13.004,3987.864650831998,0
13.005,3990.746395891486,0
13.006,3993.2756814865047,0
13.007,3995.449825932263,0
13.008000000000001,3997.2662793308727,0
13.009,3998.722692782555,0
13.01,3999.816784667697,0
13.011000000000001,4000.546467164991,0
13.012,4000.90985844563,0
13.013,4000.905293994223,0
13.014000000000001,4000.5313854269334,0
13.015,3999.7870028371008,0
13.016,3998.671321317145,0
13.017,3997.183869269703,0
13.018,3995.3245584852057,0
13.019,3993.0936757167615,0
13.02,3990.49195482052,0
13.021,3987.5205922894847,0
13.022,3984.181322320715,0
13.023,3980.4762843299172,0
13.024000000000001,3976.4082446121206,0
13.025,3971.9805814220363,0
13.026,3967.197099609659,0
13.027000000000001,3962.062362040963,0
13.028,3956.5815200089773,0
13.029,3950.7604052090765,0
13.030000000000001,3944.6053764127682,0
13.031,3938.1235689416244,0
13.032,3931.3227630215824,0
13.033,3924.211423202895,0
13.034,3916.7986806142153,0
13.035,3909.0943601582,0
13.036,3901.108956909301,0
13.037,3892.853543280991,0
13.038,3884.339958745563,0
13.039,3875.5806410556684,0
13.040000000000001,3866.588635205576,0
13.041,3857.377617141893,0
13.042,3847.9617899361506,0
13.043000000000001,3838.355926412,0
13.044,3828.5753859619654,0
13.045,3818.635941968793,0
13.046000000000001,3808.553913582941,0
13.047,3798.346005142816,0
13.048,3788.0293448408734,0
13.049,3777.621374892549,0
13.05,3767.1399190204656,0
13.051,3756.603052244602,0
13.052,3746.029165091376,0
13.053,3735.436677037298,0
13.054,3724.8442595214406,0
13.055,3714.270720343493,0
13.056000000000001,3703.7348918522757,0
13.057,3693.255632766443,0
13.058,3682.8522012394933,0
13.059000000000001,3672.5427190142814,0
13.06,3662.3465573001504,0
13.061,3652.281341839937,0
13.062,3642.3659040415178,0
13.063,3632.6180371152673,0
13.064,3623.055578964508,0
13.065,3613.6961305595783,0
13.066,3604.556921265537,0
13.067,3595.654431099543,0
13.068,3587.0048868827735,0
13.069,3578.6241294599013,0
13.07,3570.5275107250286,0
13.071,3562.7297446158086,0
13.072000000000001,3555.2449878622238,0
13.073,3548.0868692203553,0
13.074,3541.2682071279423,0
13.075000000000001,3534.801355003041,0
13.076,3528.697884971727,0
13.077,3522.968804575189,0
13.078,3517.6241822328875,0
13.079,3512.673532986267,0
13.08,3508.1256059443713,0
13.081,3503.98832077784,0
13.082,3500.26886481882,0
13.083,3496.973615666497,0
13.084,3494.108173343031,0
13.085,3491.677351045641,0
13.086,3489.6851092552943,0
13.087,3488.134662803832,0
13.088000000000001,3487.0282779852687,0
13.089,3486.3677366345496,0
13.09,3486.1537007499014,0
13.091000000000001,3486.3861303001054,0
13.092,3487.0641873480818,0
13.093,3488.186266669951,0
13.094,3489.749950571344,0
13.095,3491.752011700163,0
13.096,3494.1886447015186,0
13.097,3497.0551080493246,0
13.098,3500.345966924312,0
13.099,3504.0550999648262,0
13.1,3508.1756669699553,0
13.101,3512.700118491071,0
13.102,3517.620271846419,0
13.103,3522.9272787660975,0
13.104000000000001,3528.6116434244555,0
13.105,3534.663270018679,0
13.106,3541.0713839287628,0
13.107000000000001,3547.82480664552,0
13.108,3554.911766465936,0
13.109,3562.3198630614193,0
13.11,3570.0362319286724,0
13.111,3578.04753021611,0
13.112,3586.3399601022943,0
13.113,3594.899287404946,0
13.114,3603.710905355663,0
13.115,3612.7596627586763,0
13.116,3622.0303380560053,0
13.117,3631.5071546609497,0
13.118,3641.174106688692,0
13.119,3651.014900229603,0
13.120000000000001,3661.0129799542087,0
13.121,3671.151550111069,0
13.122,3681.4136445781046,0
13.123000000000001,3691.7820902858725,0
13.124,3702.239615193602,0
13.125,3712.768824437712,0
13.126,3723.35220136372,0
13.127,3733.9721487946026,0
13.128,3744.6110414427812,0
13.129,3755.2512627017923,0
13.13,3765.875127528497,0
13.131,3776.4652031912647,0
13.132,3787.003774124344,0
13.133000000000001,3797.4738464796364,0
13.134,3807.857940651586,0
13.135,3817.757292806896,1
13.136000000000001,3827.3337061223347,0
13.137,3836.689873736318,0
13.138,3845.8151183123073,0
13.139000000000001,3854.699914485923,0
13.14,3863.3357952451684,0
13.141,3871.7145178181618,0
13.142,3879.8287778295085,0
13.143,3887.6716420214266,0
13.144,3895.2378720112742,0
13.145,3902.5217979229774,0
13.146,3909.5187638440675,0
13.147,3916.2242033462435,0
13.148,3922.6344713016547,0
13.149000000000001,3928.7462088307857,0
13.15,3934.5563261181833,0
13.151,3940.0621748436106,0
13.152000000000001,3945.2613771742576,0
13.153,3950.1518076936204,0
13.154,3954.731556469359,0
13.155000000000001,3958.9989997127213,0
13.156,3962.9528398348652,0
13.157,3966.591820477392,0
13.158,3969.913919442679,0
13.159,3972.918600200896,0
13.16,3975.6048627308246,0
13.161,3977.971869356765,0
13.162,3980.018864138964,0
13.163,3981.7451889540325,0
13.164,3983.1502484926937,0
13.165000000000001,3984.23359194054,0
13.166,3984.9948376272087,0
13.167,3985.433716237984,0
13.168000000000001,3985.55010842207,0
13.169,3985.3440119286315,0
13.17,3984.8155912766315,0
13.171000000000001,3983.9651481817623,0
13.172,3982.793201790517,0
13.173,3981.300450910078,0
13.174,3979.487860109879,0
13.175,3977.3565775186485,0
13.176,3974.9080487074725,0
13.177,3972.144029433988,0
13.178,3969.0665721224586,0
13.179,3965.6780334979517,0
13.18,3961.981194444324,0
13.181000000000001,3957.9790718613467,0
13.182,3953.6752036911566,0
13.183,3949.073494911669,0
13.184000000000001,3944.178321495673,0
13.185,3938.9944147366273,0
13.186,3933.5269926993874,0
13.187,3927.781776112413,0
13.188,3921.7649633193223,0
13.189,3915.483210999692,0
13.19,3908.943650300355,0
13.191,3902.1539882399065,0
13.192,3895.122324948087,0
13.193,3887.857399576675,0
13.194,3880.368271182697,0
13.195,3872.6646036465336,0
13.196,3864.7565633522454,0
13.197000000000001,3856.6547541183163,0
13.198,3848.370244689749,0
13.199,3839.9145814906515,0
13.200000000000001,3831.2997005586712,0
13.201,3822.5379844979807,0
13.202,3813.642258209396,0
13.203,3804.62560851164,0
13.204,3795.501562375045,0
13.205,3786.2839726540683,0
13.206,3776.986927093855,0
13.207,3767.624865911631,0
13.208,3758.212513235926,0
13.209,3748.7646711566986,0
13.21,3739.296353080185,0
13.211,3729.8228424786457,0
13.212,3720.3592784445405,0
13.213000000000001,3710.9211769806043,0
13.214,3701.523979772562,0
13.215,3692.1831717573145,0
13.216000000000001,3682.914545010496,0
13.217,3673.733308267792,0
13.218,3664.6540821422254,0
13.219,3655.692524163043,0
13.22,3646.863711506664,0
13.221,3638.1824987232894,0
13.222,3629.663508650079,0
13.223,3621.3210378515487,0
13.224,3613.169411287302,0
13.225,3605.222073419142,0
13.226,3597.4925011145256,0
13.227,3589.9940283251294,0
13.228,3582.7391459933965,0
13.229000000000001,3575.7401562979485,0
13.23,3569.0087975254555,0
13.231,3562.556450325289,0
13.232000000000001,3556.3939321725275,0
13.233,3550.5315693675047,0
13.234,3544.9790825219156,0
13.235,3539.7457748560255,0
13.236,3534.840313793212,0
13.237,3530.2707831002836,0
13.238,3526.044678743437,0
13.239,3522.1688881372665,0
13.24,3518.649686414141,0
13.241,3515.4927560350784,0
13.242,3512.7031719161378,0
13.243,3510.285073246786,0
13.244,3508.242558229988,0
13.245000000000001,3506.578585705041,0
13.246,3505.2956213735315,0
13.247,3504.3954861621987,0
13.248000000000001,3503.8793443892955,0
13.249,3503.7477431095917,0
13.25,3504.000553094976,0
13.251,3504.637042470228,0
13.252,3505.6558574647465,0
13.253,3507.0549736803923,0
13.254,3508.831793256853,0
13.255,3510.983094936879,0
13.256,3513.5050548200593,0
13.257,3516.393265616861,0
13.258000000000001,3519.642728944545,0
13.259,3523.2479055796216,0
13.26,3527.202776457003,0
13.261000000000001,3531.5006801056234,0
13.262,3536.134443098016,0
13.263,3541.0963771659463,0
13.264000000000001,3546.3783260452324,0
13.265,3551.971668688524,0
13.266,3557.8672793772857,0
13.267,3564.055616701252,0
13.268,3570.526689561795,0
13.269,3577.270087613414,0
13.27,3584.2750305787754,0
13.271,3591.5303551799107,0
13.272,3599.0245192142484,0
13.273,3606.7456814417164,0
13.274000000000001,3614.6816715029136,0
13.275,3622.8199729810394,0
13.276,3631.147813888466,0
13.277000000000001,3639.652148078888,0
13.278,3648.319732235988,0
13.279,3657.1370655387345,0
13.280000000000001,3666.0904206083746,0
13.281,3675.1659137851084,0
13.282,3684.349543588618,0
13.283,3693.6270562737927,0
13.284,3702.9842056866887,0
13.285,3712.4065384996447,0
13.286,3721.8795921320066,0
13.287,3731.3887718242026,0
13.288,3740.919445419127,0
13.289,3750.45717732088,0
13.290000000000001,3759.9872653449406,0
13.291,3769.495115829847,0
13.292,3778.9661372579185,0
13.293000000000001,3788.3859866853463,0
13.294,3797.740141046697,0
13.295,3806.709635584272,1
13.296000000000001,3815.3914136453154,0
13.297,3823.8800007138498,0
13.298,3832.1668888111494,0
13.299,3840.2442090760605,0
13.3,3848.104993563507,0
13.301,3855.7429857871957,0
13.302,3863.1526083583267,0
13.303,3870.3288771022517,0
13.304,3877.267616987723,0
13.305,3883.9648053865117,0
13.306000000000001,3890.4172573437595,0
13.307,3896.6221274758705,0
13.308,3902.5768742390624,0
13.309000000000001,3908.2793780851594,0
13.31,3913.727787560254,0
13.311,3918.920600257517,0
13.312000000000001,3923.8564234266464,0
13.313,3928.5341645005024,0
13.314,3932.9528135399732,0
13.315,3937.111493534895,0
13.316,3941.0094602221084,0
13.317,3944.646026592274,0
13.318,3948.0205203990417,0
13.319,3951.132327591001,0
13.32,3953.9808318894275,0
13.321,3956.5654303538777,0
13.322000000000001,3958.8855062787206,0
13.323,3960.9404469886094,0
13.324,3962.729635412965,0
13.325000000000001,3964.2524264005283,0
13.326,3965.5081641202596,0
13.327,3966.4962105476498,0
13.328,3967.215924774021,0
13.329,3967.6667108783995,0
13.33,3967.847967710288,0
13.331,3967.759168144561,0
13.332,3967.399853255296,0
13.333,3966.7697033233526,0
13.334,3965.8684237772986,0
13.335,3964.6958782154625,0
13.336,3963.2521054881317,0
13.337,3961.5372868243394,0
13.338000000000001,3959.551822870913,0
13.339,3957.296316951356,0
13.34,3954.7716291166057,0
13.341000000000001,3951.9788683847746,0
13.342,3948.919448626623,0
13.343,3945.5951050585086,0
13.344,3942.007890983828,0
13.345,3938.1602402288495,0
13.346,3934.054878358423,0
13.347,3929.694958799868,0
13.348,3925.084043218594,0
13.349,3920.2260677551444,0
13.35,3915.125450911149,0
13.351,3909.786940657742,0
13.352,3904.2158275467045,0
13.353,3898.417850812081,0
13.354000000000001,3892.399096268362,0
13.355,3886.1661721304927,0
13.356,3879.7261041742886,0
13.357000000000001,3873.086396135654,0
13.358,3866.254958481597,0
13.359,3859.240186127833,0
13.36,3852.0508498721965,0
13.361,3844.696117655143,0
13.362,3837.1856294261956,0
13.363,3829.529381181753,0
13.364,3821.737714750784,0
13.365,3813.821362161246,0
13.366,3805.791324540287,0
13.367,3797.6589914402766,0
13.368,3789.436015487171,0
13.369,3781.1342702713528,0
13.370000000000001,3772.7659042241494,0
13.371,3764.3432856929517,0
13.372,3755.879062530812,0
13.373000000000001,3747.3859071194265,0
13.374,3738.876608812729,0
13.375,3730.3641247282,0
13.376,3721.8615243077534,0
13.377,3713.382019872326,0
13.378,3704.9384964479145,0
13.379,3696.544210921242,0
13.38,3688.2121592136555,0
13.381,3679.9553080444693,0
13.382,3671.7867369815804,0
13.383000000000001,3663.718963404834,0
13.384,3655.764926572563,0
13.385,3647.9367387413204,0
13.386000000000001,3640.246922531379,0
13.387,3632.7073538557725,0
13.388,3625.330195498291,0
13.389000000000001,3618.12646591621,0
13.39,3611.10759116019,0
13.391,3604.284456890829,0
13.392,3597.6676696456534,0
13.393,3591.267499903226,0
13.394,3585.0937634767383,0
13.395,3579.1558970268275,0
13.396,3573.4630110705957,0
13.397,3568.0237322260746,0
13.398,3562.846280339383,0
13.399000000000001,3557.938387365399,0
13.4,3553.3072399312236,0
13.401,3548.9595732767516,0
13.402000000000001,3544.9024615502562,0
13.403,3541.1413511581254,0
13.404,3537.6816866304925,0
13.405000000000001,3534.528353950684,0
13.406,3531.6857947154995,0
13.407,3529.1579376870095,0
13.408,3526.9482057930622,0
13.409,3525.0595127559263,0
13.41,3523.494275787862,0
13.411,3522.254407248085,0
13.412,3521.3413132004907,0
13.413,3520.7559481915596,0
13.414,3520.498727515634,0
13.415000000000001,3520.5695499603607,0
13.416,3520.967848556845,0
13.417,3521.6926165353825,0
13.418000000000001,3522.742338926978,0
13.419,3524.1150296785686,0
13.42,3525.8082479141963,0
13.421000000000001,3527.8190743580076,0
13.422,3530.1441684995348,0
13.423,3532.7797232607527,0
13.424,3535.7215068492296,0
13.425,3538.9648771546963,0
13.426,3542.504794692862,0
13.427,3546.335795717393,0
13.428,3550.4520006288885,0
13.429,3554.8472341668703,0
13.43,3559.5148076441847,0
13.431000000000001,3564.447774302923,0
13.432,3569.638819523751,0
13.433,3575.0802626101968,0
13.434000000000001,3580.7641322589766,0
13.435,3586.6820878131866,0
13.436,3592.82557943849,0
13.437000000000001,3599.185687461575,0
13.438,3605.753213815041,0
13.439,3612.5187118928857,0
13.44,3619.472479414883,0
13.441,3626.604517817202,0
13.442,3633.904741368236,0
13.443,3641.3627538847054,0
13.444,3648.967963136757,0
13.445,3656.709529789049,0
13.446,3664.576675375094,0
13.447000000000001,3672.558186573134,0
13.448,3680.6428645888273,0
13.449,3688.8192725805293,0
13.450000000000001,3697.0759727717104,0
13.451,3705.401364560145,0
13.452,3713.783676494797,0
13.453,3722.211272833915,0
13.454,3730.672342353871,0
13.455,3739.1549845316117,0
13.456,3747.6473275179833,0
13.457,3756.1374853259163,0
13.458,3764.613557027801,0
13.459,3773.063698304825,0
13.46,3781.476069228605,0
13.461,3789.838847801759,0
13.462,3797.641643841112,1
13.463000000000001,3805.170343818429,0
13.464,3812.5111395726117,0
13.465,3819.65983181376,0
13.466000000000001,3826.612733186337,0
13.467,3833.366866866119,0
13.468,3839.920144545012,0
13.469,3846.271090293625,0
13.47,3852.4188274006165,0
13.471,3858.362943246443,0
13.472,3864.1032782898283,0
13.473,3869.6406738664205,0
13.474,3874.9756900798893,0
13.475,3880.10932209025,0
13.476,3885.0427881552287,0
13.477,3889.777416405341,0
13.478,3894.314682287785,0
13.479000000000001,3898.656044143714,0
13.48,3902.8029895798218,0
13.481,3906.7569311002203,0
13.482000000000001,3910.519337875027,0
13.483,3914.0917064977766,0
13.484,3917.4745219861575,0
13.485,3920.6684098524756,0
13.486,3923.674453600444,0
13.487,3926.4931593025394,0
13.488,3929.1247379559036,0
13.489,3931.5691865587064,0
13.49,3933.8262994335205,0
13.491,3935.895590037089,0
13.492,3937.7763692563403,0
13.493,3939.4677030637167,0
13.494,3940.968448468646,0
13.495000000000001,3942.27727055516,0
13.496,3943.392706104059,0
13.497,3944.312937010779,0
13.498000000000001,3945.036183474483,0
13.499,3945.560555708527,0
13.5,3945.883893225558,0
13.501,3946.0041612363384,0
13.502,3945.9192221550798,0
13.503,3945.6269432721915,0
13.504,3945.125216505254,0
13.505,3944.411994754576,0
13.506,3943.4853285413355,0
13.507,3942.3433982668694,0
13.508000000000001,3940.9844992183166,0
13.509,3939.4071738570738,0
13.51,3937.610135558701,0
13.511000000000001,3935.5923605931853,0
13.512,3933.353092772448,0
13.513,3930.8918741926136,0
13.514000000000001,3928.2085705374698,0
13.515,3925.3033760687786,0
13.516,3922.1768874852405,0
13.517,3918.8300453224565,0
13.518,3915.264253550974,0
13.519,3911.481226956213,0
13.52,3907.4832440602777,0
13.521,3903.2728238215054,0
13.522,3898.853124402452,0
13.523,3894.2276831919103,0
13.524000000000001,3889.400443824392,0
13.525,3884.3759005671473,0
13.526,3879.1588997534054,0
13.527000000000001,3873.754788294888,0
13.528,3868.1693223420357,0
13.529,3862.4087308467733,0
13.530000000000001,3856.479650055826,0
13.531,3850.389105464307,0
13.532,3844.144540239105,0
13.533,3837.753758659437,0
13.534,3831.2249637978484,0
13.535,3824.5667253182405,0
13.536,3817.7877465298,0
13.537,3810.897279830226,0
13.538,3803.904749025368,0
13.539,3796.8198195245122,0
13.540000000000001,3789.6524053538055,0
13.541,3782.4126579559434,0
13.542,3775.1108761289543,0
13.543000000000001,3767.757537022655,0
13.544,3760.3632627738643,0
13.545,3752.9386897981276,0
13.546000000000001,3745.4946792644405,0
13.547,3738.042061793231,0
13.548,3730.5917041159087,0
13.549,3723.1545037373726,0
13.55,3715.7413013165833,0
13.551,3708.3629862549756,0
13.552,3701.03023524086,0
13.553,3693.753669589359,0
13.554,3686.54390033246,0
13.555,3679.4113589119797,0
13.556000000000001,3672.366194164999,0
13.557,3665.4185795083085,0
13.558,3658.5784212585595,0
13.559000000000001,3651.855367795277,0
13.56,3645.2588400588456,0
13.561,3638.798315377033,0
13.562000000000001,3632.4823347159545,0
13.563,3626.3198085167096,0
13.564,3620.319137247972,0
13.565,3614.488446488757,0
13.566,3608.835572467458,0
13.567,3603.367996779375,0
13.568,3598.0929269984003,0
13.569,3593.0172572342817,0
13.57,3588.1474133258057,0
13.571,3583.489647527449,0
13.572000000000001,3579.049848854724,0
13.573,3574.833023498498,0
13.574,3570.8444066265615,0
13.575000000000001,3567.089464580866,0
13.576,3563.57288787971,0
13.577,3560.2982982877234,0
13.578,3557.2694169928823,0
13.579,3554.4895438110398,0
13.58,3551.961777156458,0
13.581,3549.6888083264616,0
13.582,3547.6728707353604,0
13.583,3545.916146355037,0
13.584,3544.4201680217425,0
13.585,3543.1862626346187,0
13.586,3542.2154082179677,0
13.587,3541.508227565654,0
13.588000000000001,3541.0649588480733,0
13.589,3540.8857056029924,0
13.59,3540.970055064431,0
13.591000000000001,3541.3173338506813,0
13.592,3541.9265541356185,0
13.593,3542.796456766927,0
13.594,3543.9254088415187,0
13.595,3545.3115155024047,0
13.596,3546.952594888036,0
13.597,3548.8461078944993,0
13.598,3550.9893774610146,0
13.599,3553.37928315047,0
13.6,3556.0124610176135,0
13.601,3558.8853807674213,0
13.602,3561.9941253977863,0
13.603,3565.334522649169,0
13.604000000000001,3568.9022456240914,0
13.605,3572.6925991263606,0
13.606,3576.700681592903,0
13.607000000000001,3580.921314237694,0
13.608,3585.3491901638517,0
13.609,3589.9786694373056,0
13.61,3594.803862801846,0
13.611,3599.8188136369654,0
13.612,3605.0172078929377,0
13.613,3610.392558231334,0
13.614,3615.9381784554607,0
13.615,3621.647217028312,0
13.616,3627.512582276626,0
13.617,3633.5270038483677,0
13.618,3639.6830825285356,0
13.619,3645.973190136532,0
13.620000000000001,3652.3896026393077,0
13.621,3658.9244317198913,0
13.622,3665.569560680721,0
13.623000000000001,3672.31684471497,0
13.624,3679.1579186893136,0
13.625,3686.084349962148,0
13.626,3693.0875935509475,0
13.627,3700.158987600986,0
13.628,3707.289760409442,0
13.629,3714.47112396446,0
13.63,3721.6941268082846,0
13.631,3728.9497666875013,0
13.632,3736.229074495948,0
13.633000000000001,3743.522939408011,0
13.634,3750.82236722504,0
13.635,3758.1181682712395,0
13.636000000000001,3765.4006084856073,0
13.637,3772.661799794874,0
13.638,3779.8919451255697,0
13.639000000000001,3786.3256587605083,1
13.64,3792.5836827747553,0
13.641,3798.684111663841,0
13.642,3804.6260808050106,0
13.643,3810.409204179481,0
13.644,3816.033971920602,0
13.645,3821.5012311933992,0
13.646,3826.8123785762314,0
13.647,3831.9691954309383,0
13.648,3836.9735145395857,0
13.649000000000001,3841.828345748832,0
13.65,3846.5356599840297,0
13.651,3851.0981889316304,0
13.652000000000001,3855.5188260915347,0
13.653,3859.800294677489,0
13.654,3863.945104333721,0
13.655000000000001,3867.956008644324,0
13.656,3871.8352396753216,0
13.657,3875.5851343945255,0
13.658,3879.207707458014,0
13.659,3882.7049006478846,0
13.66,3886.0781575959636,0
13.661,3889.32845674812,0
13.662,3892.4570679474887,0
13.663,3895.463885314364,0
13.664,3898.349460840241,0
13.665000000000001,3901.1136615714368,0
13.666,3903.755967132809,0
13.667,3906.2755350148054,0
13.668000000000001,3908.6711848343884,0
13.669,3910.941365886827,0
13.67,3913.0842517533056,0
13.671000000000001,3915.097711768928,0
13.672,3916.9793067617184,0
13.673,3918.7263845432262,0
13.674,3920.3360324664054,0
13.675,3921.8051512447305,0
13.676,3923.130450826355,0
13.677,3924.3085180266066,0
13.678,3925.335812396219,0
13.679,3926.20873296751,0
13.68,3926.923610122666,0
13.681000000000001,3927.476791804093,0
13.682,3927.864614505459,0
13.683,3928.083483565628,0
13.684000000000001,3928.1299032069405,0
13.685,3928.0004869657632,0
13.686,3927.692009521201,0
13.687000000000001,3927.2014197807016,0
13.688,3926.5258960890446,0
13.689,3925.662837290356,0
13.69,3924.6099225190305,0
13.691,3923.3651129013865,0
13.692,3921.926734536195,0
13.693,3920.2933245306426,0
13.694,3918.463918546523,0
13.695,3916.4378199212706,0
13.696,3914.2148000602997,0
13.697000000000001,3911.794919381851,0
13.698,3909.1787170404514,0
13.699,3906.3671314246567,0
13.700000000000001,3903.3615205253514,0
13.701,3900.1637042301027,0
13.702,3896.7757530269882,0
13.703,3893.2003531310215,0
13.704,3889.4405471750542,0
13.705,3885.4997339168585,0
13.706,3881.3817828055653,0
13.707,3877.090917823165,0
13.708,3872.6317415403637,0
13.709,3868.009281716091,0
13.71,3863.22883105208,0
13.711,3858.2960979472277,0
13.712,3853.217097978487,0
13.713000000000001,3847.9982367863513,0
13.714,3842.646007099675,0
13.715,3837.1672877936658,0
13.716000000000001,3831.569291922884,0
13.717,3825.8592875358486,0
13.718,3820.0448929938952,0
13.719,3814.1338661849386,0
13.72,3808.1341302023884,0
13.721,3802.053748252974,0
13.722,3795.9009420811626,0
13.723,3789.6840585926057,0
13.724,3783.411423425783,0
13.725,3777.091509301855,0
13.726,3770.7327999199406,0
13.727,3764.3437359216923,0
13.728,3757.932901405534,0
13.729000000000001,3751.508849814008,0
13.73,3745.0799159666735,0
13.731,3738.6545891437777,0
13.732000000000001,3732.2411410107675,0
13.733,3725.847884804104,0
13.734,3719.4841690833823,0
13.735,3713.155723041575,0
13.736,3706.8717953975192,0
13.737,3700.6398968305575,0
13.738,3694.467882135822,0
13.739,3688.363296376182,0
13.74,3682.333327381561,0
13.741,3676.385216861787,0
13.742,3670.526047293596,0
13.743,3664.7625208284076,0
13.744,3659.10136662779,0
13.745000000000001,3653.549137532363,0
13.746,3648.111562172178,0
13.747,3642.7950301043197,0
13.748000000000001,3637.6053049293664,0
13.749,3632.5479951353673,0
13.75,3627.6284987463832,0
13.751,3622.8519811351994,0
13.752,3618.223449664494,0
13.753,3613.747629902353,0
13.754,3609.428946190411,0
13.755,3605.2717007191036,0
13.756,3601.2802620412936,0
13.757,3597.4579807606815,0
13.758000000000001,3593.8095988047676,0
13.759,3590.338003366771,0
13.76,3587.046460791411,0
13.761000000000001,3583.93804257553,0
13.762,3581.015594966066,0
13.763,3578.281781536192,0
13.764000000000001,3575.739052827076,0
13.765,3573.389650478735,0
13.766,3571.235642809646,0
13.767,3569.2788374556403,0
13.768,3567.5209195489533,0
13.769,3565.963330947647,0
13.77,3564.6073315575068,0
13.771,3563.453982369466,0
13.772,3562.5041519237448,0
13.773,3561.7585218177123,0
13.774000000000001,3561.2175043782827,0
13.775,3560.8815038478774,0
13.776,3560.750555624858,0
13.777000000000001,3560.8245873947626,0
13.778,3561.1032924504,0
13.779,3561.5862072903806,0
13.780000000000001,3562.272643866364,0
13.781,3563.161756573224,0
13.782,3564.252480763547,0
13.783,3565.5435813016475,0
13.784,3567.0336158747864,0
13.785,3568.72094855982,0
13.786,3570.6037932789136,0
13.787,3572.680115540686,0
13.788,3574.947717654372,0
13.789,3577.4042183712086,0
13.790000000000001,3580.0470328804413,0
13.791,3582.8733962687634,0
13.792,3585.8803543644663,0
13.793000000000001,3589.064757998175,0
13.794,3592.423272583306,0
13.795,3595.952398246977,0
13.796000000000001,3599.6484285597635,0
13.797,3603.5074838754426,0
13.798,3607.52549589896,0
13.799,3611.6982445509016,0
13.8,3616.0212911462795,0
13.801,3620.4901097916486,0
13.802,3625.099948152856,0
13.803,3629.845866814581,0
13.804,3634.7228306008014,0
13.805,3639.7255611714604,0
13.806000000000001,3644.848737357371,0
13.807,3650.086825454693,0
13.808,3655.4341560067883,0
13.809000000000001,3660.8849458321824,0
13.81,3666.4332462460643,0
13.811,3672.07305021303,0
13.812000000000001,3677.798157879448,0
13.813,3683.602304736446,0
13.814,3689.4790911749633,0
13.815,3695.4220438455,0
13.816,3701.424564450475,0
13.817,3707.480003532848,0
13.818,3713.5817048779277,0
13.819,3719.722818491437,0
13.82,3725.8964806423164,0
13.821,3732.0958394663635,0
13.822000000000001,3738.3139170380086,0
13.823,3744.5437327268937,0
13.824,3750.7782212487996,0
13.825000000000001,3757.0104007114273,0
13.826,3763.2333866603676,0
13.827,3769.401997372884,1
13.828,3775.399114026425,0
13.829,3781.253151240216,0
13.83,3786.9601073485155,0
13.831,3792.5168823500862,0
13.832,3797.921308168197,0
13.833,3803.171991636557,0
13.834,3808.2682796111467,0
13.835,3813.210277232117,0
13.836,3817.998653268918,0
13.837,3822.6346386666287,0
13.838000000000001,3827.120125086667,0
13.839,3831.4572297789946,0
13.84,3835.6486280233985,0
13.841000000000001,3839.6972093987,0
13.842,3843.6061717702,0
13.843,3847.378867791531,0
13.844,3851.0188210840006,0
13.845,3854.529591578506,0
13.846,3857.9147900399375,0
13.847,3861.1783803477956,0
13.848,3864.323625696554,0
13.849,3867.353741678489,0
13.85,3870.2718918983705,0
13.851,3873.0808233920875,0
13.852,3875.783691053471,0
13.853,3878.383068725888,0
13.854000000000001,3880.8811849606986,0
13.855,3883.279998145755,0
13.856,3885.5811458315698,0
13.857000000000001,3887.7859209372496,0
13.858,3889.8953172905653,0
13.859,3891.9099436334805,0
13.86,3893.8300487484394,0
13.861,3895.655585599602,0
13.862,3897.38613950488,0
13.863,3899.0209690918314,0
13.864,3900.559039591225,0
13.865,3901.9989860038627,0
13.866,3903.339220586709,0
13.867,3904.5778535632326,0
13.868,3905.7126971208227,0
13.869,3906.7414519659255,0
13.870000000000001,3907.661552930013,0
13.871,3908.470366351472,0
13.872,3909.16502907699,0
13.873000000000001,3909.742497914234,0
13.874,3910.1998376954684,0
13.875,3910.5339825796596,0
13.876,3910.7418517634856,0
13.877,3910.8203888192725,0
13.878,3910.7665400332585,0
13.879,3910.5773826584496,0
13.88,3910.2500450115,0
13.881,3909.7817871080206,0
13.882,3909.1700215376873,0
13.883000000000001,3908.4123362833916,0
13.884,3907.5065113517776,0
13.885,3906.450562352474,0
13.886000000000001,3905.2427399451767,0
13.887,3903.8815338580857,0
13.888,3902.3657193624936,0
13.889000000000001,3900.6943656257363,0
13.89,3898.8668318641908,0
13.891,3896.882792989847,0
13.892,3894.742230276854,0
13.893,3892.445496080823,0
13.894,3889.993185902938,0
13.895,3887.3863163105975,0
13.896,3884.6261469682872,0
13.897,3881.7143745464928,0
13.898,3878.652977628665,0
13.899000000000001,3875.444333305948,0
13.9,3872.0909325801435,0
13.901,3868.595784559652,0
13.902000000000001,3864.962151739955,0
13.903,3861.1936102737927,0
13.904,3857.2939031960705,0
13.905000000000001,3853.2671985266047,0
13.906,3849.1178473998525,0
13.907,3844.8504527523746,0
13.908,3840.4698700891527,0
13.909,3835.9811556864815,0
13.91,3831.3896549087162,0
13.911,3826.7006576115123,0
13.912,3821.9198267928937,0
13.913,3817.052966873387,0
13.914,3812.105921515474,0
13.915000000000001,3807.084717303383,0
13.916,3801.995496585379,0
13.917,3796.8444543678115,0
13.918000000000001,3791.6379140856493,0
13.919,3786.3820818509803,0
13.92,3781.0833195674886,0
13.921000000000001,3775.7479798827558,0
13.922,3770.3825849228033,0
13.923,3764.9933139697278,0
13.924,3759.5866862038206,0
13.925,3754.168994609077,0
13.926,3748.7464078753824,0
13.927,3743.325226267405,0
13.928,3737.9112156087467,0
13.929,3732.5108533987127,0
13.93,3727.129885293006,0
13.931000000000001,3721.7742912338545,0
13.932,3716.449960937134,0
13.933,3711.1624215953893,0
13.934000000000001,3705.9171674055106,0
13.935,3700.7198160679477,0
13.936,3695.575533445077,0
13.937000000000001,3690.4895840199715,0
13.938,3685.467031728847,0
13.939,3680.512759923971,0
13.94,3675.631549513871,0
13.941,3670.8282341231097,0
13.942,3666.1070185782146,0
13.943,3661.4723621243734,0
13.944,3656.9285294780098,0
13.945,3652.479628385971,0
13.946,3648.1296134135127,0
13.947000000000001,3643.8823015495577,0
13.948,3639.7413353063885,0
13.949,3635.7102558860797,0
13.950000000000001,3631.792493682592,0
13.951,3627.9913312542044,0
13.952,3624.309748292245,0
13.953,3620.7507031268465,0
13.954,3617.317679024094,0
13.955,3614.0130280388908,0
13.956,3610.839259359744,0
13.957,3607.7992089732506,0
13.958,3604.895100804694,0
13.959,3602.1292137536075,0
13.96,3599.5037016434962,0
13.961,3597.020609329198,0
13.962,3594.6818375265234,0
13.963000000000001,3592.489194100596,0
13.964,3590.44437567629,0
13.965,3588.548955790052,0
13.966000000000001,3586.8043976711915,0
13.967,3585.212035455245,0
13.968,3583.7731166882445,0
13.969,3582.4887172991407,0
13.97,3581.3598732791306,0
13.971,3580.3874167303097,0
13.972,3579.57215147425,0
13.973,3578.9147190394847,0
13.974,3578.4156282677,0
13.975,3578.0753054147817,0
13.976,3577.894029013727,0
13.977,3577.8718882234757,0
13.978,3578.009071486886,0
13.979000000000001,3578.305367135091,0
13.98,3578.7606148327786,0
13.981,3579.374483708861,0
13.982000000000001,3580.1464834149615,0
13.983,3581.07593072014,0
13.984,3582.162188554455,0
13.985,3583.4043374092726,0
13.986,3584.8013623192073,0
13.987,3586.352115681578,0
13.988,3588.0553016184585,0
13.989,3589.909507918016,0
13.99,3591.9131678351396,0
13.991,3594.0645694351024,0
13.992,3596.361849710689,0
13.993,3598.803042448243,0
13.994,3601.3860162949927,0
13.995000000000001,3604.1085159645377,0
13.996,3606.9681264562314,0
13.997,3609.9623170277773,0
13.998000000000001,3613.0884141698157,0
13.999,3616.3435958149475,0
14.0,3619.724872896509,0
14.001,3623.229232286136,0
14.002,3626.8534378111203,0
14.003,3630.5941537328804,0
14.004,3634.4479132292445,0
14.005,3638.411045850331,0
14.006,3642.479964749773,0
14.007,3646.650841288841,0
14.008000000000001,3650.919704286686,0
14.009,3655.2825199742138,0
14.01,3659.735145831191,0
14.011000000000001,3664.2733307369526,0
14.012,3668.892634225445,0
14.013,3673.5888033881756,0
14.014000000000001,3678.35719970489,0
14.015,3683.193261199158,0
14.016,3688.092282351875,0
14.017,3693.0495040410738,0
14.018,3698.0601141758207,0
14.019,3703.119190905238,0
14.02,3708.2218206415687,0
14.021,3713.363039161089,0
14.022,3718.537816515785,0
14.023,3723.741052023455,0
14.024000000000001,3728.967540258902,0
14.025,3734.2123599385664,0
14.026,3739.470099393107,0
14.027000000000001,3744.735862696118,0
14.028,3750.0043736848475,0
14.029,3755.2704079595037,0
14.030000000000001,3759.965878867501,1
14.031,3764.5200780765226,0
14.032,3768.953554494913,0
14.033,3773.26773710876,0
14.034,3777.4643681773105,0
14.035,3781.546028686234,0
14.036,3785.515594043754,0
14.037,3789.3763478433866,0
14.038,3793.13220950858,0
14.039,3796.7871824366507,0
14.040000000000001,3800.3456123774617,0
14.041,3803.8119202167813,0
14.042,3807.1906936464748,0
14.043000000000001,3810.486603452924,0
14.044,3813.704233574069,0
14.045,3816.8481698046908,0
14.046000000000001,3819.922863667406,0
14.047,3822.932602331022,0
14.048,3825.881461652508,0
14.049,3828.7732771499773,0
14.05,3831.6118245512826,0
14.051,3834.400099127,0
14.052,3837.141047705863,0
14.053,3839.8371553790985,0
14.054,3842.4902921135836,0
14.055,3845.1024902608933,0
14.056000000000001,3847.6750667976376,0
14.057,3850.208923951019,0
14.058,3852.704553303227,0
14.059000000000001,3855.162065107666,0
14.06,3857.581058474155,0
14.061,3859.9609018489787,0
14.062000000000001,3862.3002517652862,0
14.063,3864.5976586652037,0
14.064,3866.8512361926278,0
14.065,3869.0587539200983,0
14.066,3871.2176300600236,0
14.067,3873.324994101038,0
14.068,3875.377681446521,0
14.069,3877.3723727616493,0
14.07,3879.3054248274775,0
14.071,3881.1730443164406,0
14.072000000000001,3882.9712633925983,0
14.073,3884.695987578949,0
14.074,3886.3430613121373,0
14.075000000000001,3887.9082374498776,0
14.076,3889.387239160293,0
14.077,3890.7757855713485,0
14.078000000000001,3892.0696334202858,0
14.079,3893.264560865438,0
14.08,3894.3564487881818,0
14.081,3895.3412925608563,0
14.082,3896.215199002343,0
14.083,3896.9744234109153,0
14.084,3897.6154392676804,0
14.085,3898.1349016794193,0
14.086,3898.5296872423974,0
14.087,3898.796906021475,0
14.088000000000001,3898.933927738222,0
14.089,3898.9383769261685,0
14.09,3898.8081628717723,0
14.091000000000001,3898.54147522341,0
14.092,3898.136812006722,0
14.093,3897.593005318894,0
14.094,3896.9090624566597,0
14.095,3896.084420494177,0
14.096,3895.1188173840055,0
14.097,3894.0122029048857,0
14.098,3892.76495383033,0
14.099,3891.377631449059,0
14.1,3889.851213749624,0
14.101,3888.1868209347977,0
14.102,3886.3859309648797,0
14.103,3884.4503004301573,0
14.104000000000001,3882.381902565709,0
14.105,3880.182985476903,0
14.106,3877.8560163751445,0
14.107000000000001,3875.403720746084,0
14.108,3872.828946475317,0
14.109,3870.1348080590433,0
14.11,3867.324624694084,0
14.111,3864.401829270276,0
14.112,3861.3699549595694,0
14.113,3858.232740782574,0
14.114,3854.9940320645774,0
14.115,3851.6577861161086,0
14.116,3848.2280961806814,0
14.117,3844.7090283337766,0
14.118,3841.1047884033806,0
14.119,3837.419615123071,0
14.120000000000001,3833.6577885855313,0
14.121,3829.8236598006024,0
14.122,3825.921553923374,0
14.123000000000001,3821.955776505178,0
14.124,3817.9306690876547,0
14.125,3813.850575520824,0
14.126,3809.719767076299,0
14.127,3805.542530276224,0
14.128,3801.32307736063,0
14.129,3797.0655927549733,0
14.13,3792.774244225486,0
14.131,3788.453085845468,0
14.132,3784.106155777332,0
14.133000000000001,3779.7374214751535,0
14.134,3775.350805729249,0
14.135,3770.9501462031817,0
14.136000000000001,3766.539207813716,0
14.137,3762.121759123357,0
14.138,3757.7015083186243,0
14.139000000000001,3753.281722370216,0
14.14,3748.8660221214996,0
14.141,3744.4579638064874,0
14.142,3740.060832705074,0
14.143,3735.677892498444,0
14.144,3731.3124294224776,0
14.145,3726.967568939784,0
14.146,3722.6464396368697,0
14.147,3718.3521061123397,0
14.148,3714.0876389627233,0
14.149000000000001,3709.8559013867507,0
14.15,3705.6598476613776,0
14.151,3701.5023530077697,0
14.152000000000001,3697.3862381017125,0
14.153,3693.314277420426,0
14.154,3689.289187220666,0
14.155000000000001,3685.3138445243076,0
14.156,3681.3905973904157,0
14.157,3677.5223744008713,0
14.158,3673.7115121363922,0
14.159,3669.9607372549012,0
14.16,3666.272597699024,0
14.161,3662.649079338835,0
14.162,3659.093262928663,0
14.163,3655.6076032604665,0
14.164,3652.194497318221,0
14.165000000000001,3648.8563554008124,0
14.166,3645.595524720016,0
14.167,3642.4146867503964,0
14.168000000000001,3639.3158671011684,0
14.169,3636.301340135934,0
14.17,3633.3733411726103,0
14.171000000000001,3630.5340736779517,0
14.172,3627.7857438866686,0
14.173,3625.1305010836495,0
14.174,3622.5703869697595,0
14.175,3620.107471901484,0
14.176,3617.7437603582425,0
14.177,3615.4812139449255,0
14.178,3613.321736850281,0
14.179,3611.267144672326,0
14.18,3609.3192191694548,0
14.181000000000001,3607.479683328199,0
14.182,3605.7501854759103,0
14.183,3604.13228959017,0
14.184000000000001,3602.627519923384,0
14.185,3601.237283599973,0
14.186,3599.9628979795025,0
14.187000000000001,3598.805670118414,0
14.188,3597.7667372591254,0
14.189,3596.847188770593,0
14.19,3596.047994091821,0
14.191,3595.370065043116,0
14.192,3594.8141963732637,0
14.193,3594.3810746465065,0
14.194,3594.0712759319063,0
14.195,3593.8853025284966,0
14.196,3593.8234808454868,0
14.197000000000001,3593.8861574018047,0
14.198,3594.073435564444,0
14.199,3594.385371382529,0
14.200000000000001,3594.821900898051,0
14.201,3595.38284277815,0
14.202,3596.067892025258,0
14.203000000000001,3596.876644078763,0
14.204,3597.80857162795,0
14.205,3598.8630283550538,0
14.206,3600.0392380154276,0
14.207,3601.3363861713506,0
14.208,3602.7534455406376,0
14.209,3604.2893537123273,0
14.21,3605.94290771807,0
14.211,3607.7127595000125,0
14.212,3609.597526283008,0
14.213000000000001,3611.5956215380297,0
14.214,3613.705470990815,0
14.215,3615.9253070220448,0
14.216000000000001,3618.2533005363825,0
14.217,3620.6875044544495,0
14.218,3623.2258848128417,0
14.219,3625.8663308946316,0
14.22,3628.606583717872,0
14.221,3631.4443528606416,0
14.222,3634.3772983519175,0
14.223,3637.4029160885593,0
14.224,3640.5186619177753,0
14.225,3643.721902492559,0
14.226,3647.0099342352523,0
14.227,3650.3799585151232,0
14.228,3653.8291371190385,0
14.229000000000001,3657.3545844042665,0
14.23,3660.9533487214544,0
14.231,3664.622373421127,0
14.232000000000001,3668.3585645040303,0
14.233,3672.158801100439,0
14.234,3676.0198289699774,0
14.235,3679.9384829696273,0
14.236,3683.9114974940676,0
14.237,3687.9355668139083,0
14.238,3692.0073399234234,0
14.239,3696.1233756354527,0
14.24,3700.2803802717863,0
14.241,3704.4747874798704,0
14.242,3708.703206756644,0
14.243,3712.9621249707193,0
14.244,3717.24801450667,0
14.245000000000001,3721.5574262373784,0
14.246,3725.886694789488,0
14.247,3730.2324508230386,0
14.248000000000001,3734.591111891553,0
14.249,3738.958517465273,0
14.25,3743.332258659607,0
14.251,3747.3053451445135,1
14.252,3751.1314282214803,0
14.253,3754.8480115568586,0
14.254,3758.4565740247053,0
14.255,3761.9598179160807,0
14.256,3765.3604682213454,0
14.257,3768.6620467852936,0
14.258000000000001,3771.868487366282,0
14.259,3774.9841594060085,0
14.26,3778.013657479083,0
14.261000000000001,3780.961917485254,0
14.262,3783.834063703421,0
14.263,3786.6353259286484,0
14.264000000000001,3789.371077357511,0
14.265,3792.0466113031052,0
14.266,3794.66721264883,0
14.267,3797.2382178359303,0
14.268,3799.764632399708,0
14.269,3802.2513558314113,0
14.27,3804.7033043413094,0
14.271,3807.1247900945573,0
14.272,3809.5196430501555,0
14.273,3811.8917216781842,0
14.274000000000001,3814.2445630659213,0
14.275,3816.58083678679,0
14.276,3818.902890177635,0
14.277000000000001,3821.213370001398,0
14.278,3823.5139820445825,0
14.279,3825.80631054903,0
14.280000000000001,3828.090967583925,0
14.281,3830.3685163245777,0
14.282,3832.6390793681585,0
14.283,3834.9022405100263,0
14.284,3837.1572268467608,0
14.285,3839.4028738214824,0
14.286,3841.637598477205,0
14.287,3843.8594824837683,0
14.288,3846.066334369743,0
14.289,3848.2555320255656,0
14.290000000000001,3850.4242300982983,0
14.291,3852.5692835711407,0
14.292,3854.6873195056523,0
14.293000000000001,3856.7747544214003,0
14.294,3858.8278359913515,0
14.295,3860.842662558081,0
14.296000000000001,3862.8151572024303,0
14.297,3864.741191635957,0
14.298,3866.616558417333,0
14.299,3868.4370146978167,0
14.3,3870.1983154095506,0
14.301,3871.896230398434,0
14.302,3873.526578691216,0
14.303,3875.0852389866895,0
14.304,3876.5681965967037,0
14.305,3877.9715451500374,0
14.306000000000001,3879.2915305934084,0
14.307,3880.524555292957,0
14.308,3881.667178468715,0
14.309000000000001,3882.716163285836,0
14.31,3883.6684821723306,0
14.311,3884.5213312707565,0
14.312000000000001,3885.272126667218,0
14.313,3885.918541011326,0
14.314,3886.4584840326984,0
14.315,3886.8901189477524,0
14.316,3887.211872893988,0
14.317,3887.422421822152,0
14.318,3887.5207306184648,0
14.319,3887.505954145911,0
14.32,3887.377569519066,0
14.321,3887.1352819824397,0
14.322000000000001,3886.779049657999,0
14.323,3886.3090784177743,0
14.324,3885.725807975997,0
14.325000000000001,3885.0298959567917,0
14.326,3884.222263354617,0
14.327,3883.303923873562,0
14.328000000000001,3882.276230536563,0
14.329,3881.1405836573176,0
14.33,3879.8986241875655,0
14.331,3878.552152348831,0
14.332,3877.103170878574,0
14.333,3875.5537290702478,0
14.334,3873.906031483361,0
14.335,3872.1624209254674,0
14.336,3870.325255163006,0
14.337,3868.397046731576,0
14.338000000000001,3866.3803845770894,0
14.339,3864.277906551213,0
14.34,3862.0922591812755,0
14.341000000000001,3859.826171923568,0
14.342,3857.4824286766507,0
14.343,3855.063761582996,0
14.344,3852.572924418922,0
14.345,3850.0126952926885,0
14.346,3847.3858690187913,0
14.347,3844.695219944302,0
14.348,3841.9434236884567,0
14.349,3839.133136662793,0
14.35,3836.267044318142,0
14.351,3833.3478116746455,0
14.352,3830.3779794188818,0
14.353,3827.36009858306,0
14.354000000000001,3824.296662491853,0
14.355,3821.190116151286,0
14.356,3818.0429398882575,0
14.357000000000001,3814.8573037735414,0
14.358,3811.635619595297,0
14.359,3808.380074212011,0
14.36,3805.092891410053,0
14.361,3801.776371452634,0
14.362,3798.4322766028636,0
14.363,3795.0627569632697,0
14.364,3791.669902520009,0
14.365,3788.2556422164516,0
14.366,3784.8219297757473,0
14.367,3781.370729338973,0
14.368,3777.9038866037185,0
14.369,3774.4231756284103,0
14.370000000000001,3770.9305483134785,0
14.371,3767.4278256158905,0
14.372,3763.916614326384,0
14.373000000000001,3760.3988216056896,0
14.374,3756.876266241186,0
14.375,3753.3506866534,0
14.376,3749.823884050077,0
14.377,3746.2978167263486,0
14.378,3742.7738672326404,0
14.379,3739.2541448108886,0
14.38,3735.740330084991,0
14.381,3732.234267450953,0
14.382,3728.737802066972,0
14.383000000000001,3725.252797787303,0
14.384,3721.7811230033126,0
14.385,3718.324682884291,0
14.386000000000001,3714.885359197368,0
14.387,3711.46503594841,0
14.388,3708.065700813953,0
14.389000000000001,3704.6893172369,0
14.39,3701.337829508491,0
14.391,3698.0133030888096,0
14.392,3694.7176516722493,0
14.393,3691.452947088341,0
14.394,3688.2210607185725,0
14.395,3685.0240201179527,0
14.396,3681.8640597479116,0
14.397,3678.7432301965946,0
14.398,3675.6638700395406,0
14.399000000000001,3672.6280187256957,0
14.4,3669.637547260855,0
14.401,3666.6942988672986,0
14.402000000000001,3663.8006934629516,0
14.403,3660.9586472073574,0
14.404,3658.1701745427786,0
14.405000000000001,3655.437242652616,0
14.406,3652.761875709522,0
14.407,3650.1460422622945,0
14.408,3647.5916750478427,0
14.409,3645.100677161801,0
14.41,3642.6749424767663,0
14.411,3640.316285976789,0
14.412,3638.0265000785002,0
14.413,3635.8073397813964,0
14.414,3633.6604954383984,0
14.415000000000001,3631.5875607534417,0
14.416,3629.5902682065985,0
14.417,3627.6700924127367,0
14.418000000000001,3625.8285354845993,0
14.419,3624.0670082218894,0
14.42,3622.38687668189,0
14.421000000000001,3620.789400293579,0
14.422,3619.2759166514124,0
14.423,3617.847540988242,0
14.424,3616.505376635907,0
14.425,3615.250444031999,0
14.426,3614.083702159104,0
14.427,3613.0060288067643,0
14.428,3612.018248734609,0
14.429,3611.1210950146988,0
14.43,3610.315220718872,0
14.431000000000001,3609.6012264678584,0
14.432,3608.979636355258,0
14.433,3608.450877745699,0
14.434000000000001,3608.0153191693826,0
14.435,3607.673247097737,0
14.436,3607.424892843598,0
14.437000000000001,3607.270372272946,0
14.438,3607.2097672222417,0
14.439,3607.2430717450784,0
14.44,3607.3702114420753,0
14.441,3607.591027079939,0
14.442,3607.9053100452247,0
14.443,3608.3127826486652,0
14.444,3608.8131003115013,0
14.445,3609.4058381782474,0
14.446,3610.090515386521,0
14.447000000000001,3610.866575677065,0
14.448,3611.7334131313146,0
14.449,3612.6903382408013,0
14.450000000000001,3613.736645348445,0
14.451,3614.8714876197587,0
14.452,3616.094066555589,0
14.453000000000001,3617.403474203987,0
14.454,3618.798718563571,0
14.455,3620.27878628102,0
14.456,3621.8425857572206,0
14.457,3623.4890602379805,0
14.458,3625.217006897809,0
14.459,3627.025158352333,0
14.46,3628.912304915412,0
14.461,3630.877087038234,0
14.462,3632.918145480833,0
14.463000000000001,3635.0341073569616,0
14.464,3637.223487135093,0
14.465,3639.484805533667,0
14.466000000000001,3641.8165193483965,0
14.467,3644.217026308825,0
14.468,3646.6847370650694,0
14.469,3649.218013219416,0
14.47,3651.8151250336487,0
14.471,3654.4743390674594,0
14.472,3657.1939237094643,0
14.473,3659.972059084952,0
14.474,3662.806894656256,0
14.475,3665.696649355203,0
14.476,3668.6393592443474,0
14.477,3671.6331059462295,0
14.478,3674.6759174824333,0
14.479000000000001,3677.7657900031195,0
14.48,3680.900771649789,0
14.481,3684.0787668745684,0
14.482000000000001,3687.2977188397676,0
14.483,3690.5554998389257,0
14.484,3693.8499518201024,0
14.485,3697.179041950617,0
14.486,3700.54057794543,0
14.487,3703.932380547758,0
14.488,3707.35225366899,0
14.489,3710.7979289009077,0
14.49,3714.267143500727,0
14.491,3717.7577161913564,0
14.492,3721.2669491257498,0
14.493,3724.793329381099,0
14.494,3728.3338088355495,0
14.495000000000001,3731.8868346817057,0
14.496,3734.956637071233,1
14.497,3737.9425434990335,0
14.498000000000001,3740.8312517192107,0
14.499,3743.62581515893,0
14.5,3746.3294533066796,0
14.501,3748.9463977694872,0
14.502,3751.4810447036525,0
14.503,3753.93839053111,0
14.504,3756.323609155564,0
14.505,3758.6421800822905,0
14.506,3760.899824085266,0
14.507,3763.102312158139,0
14.508000000000001,3765.255649388855,0
14.509,3767.365673041459,0
14.51,3769.4382478255916,0
14.511000000000001,3771.479179988176,0
14.512,3773.494111890694,0
14.513,3775.488503495782,0
14.514000000000001,3777.4676655510575,0
14.515,3779.436825429226,0
14.516,3781.4002659142257,0
14.517,3783.3624388233593,0
14.518,3785.3272956996675,0
14.519,3787.298435917187,0
14.52,3789.278867192972,0
14.521,3791.27156030065,0
14.522,3793.278958317827,0
14.523,3795.3027622318573,0
14.524000000000001,3797.344755419036,0
14.525,3799.4058169771038,0
14.526,3801.4864886624723,0
14.527000000000001,3803.58703607932,0
14.528,3805.707368751655,0
14.529,3807.846664675607,0
14.530000000000001,3810.0039459688674,0
14.531,3812.177820117667,0
14.532,3814.3665076709353,0
14.533,3816.5678950173306,0
14.534,3818.7795819628436,0
14.535,3820.9988748808073,0
14.536,3823.2228119578836,0
14.537,3825.448172651917,0
14.538,3827.6715468359484,0
14.539,3829.88935020242,0
14.540000000000001,3832.0978412750314,0
14.541,3834.2931460206864,0
14.542,3836.471312964153,0
14.543000000000001,3838.628299539404,0
14.544,3840.760030429508,0
14.545,3842.8624176971134,0
14.546000000000001,3844.931378675542,0
14.547,3846.9628730565705,0
14.548,3848.9529056737592,0
14.549,3850.8975788787416,0
14.55,3852.7930964569314,0
14.551,3854.6357611313674,0
14.552,3856.4220551785693,0
14.553,3858.148555954903,0
14.554,3859.8120338020713,0
14.555,3861.4094645957207,0
14.556000000000001,3862.9379997131664,0
14.557,3864.3949863743424,0
14.558,3865.7780009490343,0
14.559000000000001,3867.084788809333,0
14.56,3868.3133629301515,0
14.561,3869.4619574758094,0
14.562000000000001,3870.529005375435,0
14.563,3871.5131737430434,0
14.564,3872.4133500891303,0
14.565,3873.22863685063,0
14.566,3873.9583593648267,0
14.567,3874.6020672124887,0
14.568,3875.159480000619,0
14.569,3875.6305274565684,0
14.57,3876.0153256553267,0
14.571,3876.3141823573,0
14.572000000000001,3876.527568482024,0
14.573,3876.656083465983,0
14.574,3876.7004876587876,0
14.575000000000001,3876.6617083829397,0
14.576,3876.540748724982,0
14.577,3876.338751197292,0
14.578000000000001,3876.056975604243,0
14.579,3875.696706572657,0
14.58,3875.2593892786294,0
14.581,3874.7464778323892,0
14.582,3874.159492457301,0
14.583,3873.5000083927894,0
14.584,3872.769595472487,0
14.585,3871.9699265260133,0
14.586,3871.102631547885,0
14.587,3870.169327429824,0
14.588000000000001,3869.171688408716,0
14.589,3868.1113183756665,0
14.59,3866.9898175429557,0
14.591000000000001,3865.808787479343,0
14.592,3864.5697422388785,0
14.593,3863.27423966519,0
14.594,3861.923750867208,0
14.595,3860.5196566839977,0
14.596,3859.0633653340287,0
14.597,3857.5562014868196,0
14.598,3855.9994449228057,0
14.599,3854.3943876806115,0
14.6,3852.7421264545296,0
14.601,3851.0438077273247,0
14.602,3849.300488224359,0
14.603,3847.513213744027,0
14.604000000000001,3845.682995499644,0
14.605,3843.8106763271016,0
14.606,3841.8971660495054,0
14.607000000000001,3839.943326791873,0
14.608,3837.9499483694517,0
14.609,3835.917785584342,0
14.61,3833.8476102718932,0
14.611,3831.7401430774203,0
14.612,3829.5960710539953,0
14.613,3827.4160556917714,0
14.614,3825.200753182867,0
14.615,3822.9508081932904,0
14.616,3820.666917693522,0
14.617,3818.3496986676128,0
14.618,3815.99996609883,0
14.619,3813.6181394339155,0
14.620000000000001,3811.2050210232146,0
14.621,3808.7612804889086,0
14.622,3806.2876334308153,0
14.623000000000001,3803.7848209605563,0
14.624,3801.253580698107,0
14.625,3798.694744180541,0
14.626,3796.1091480457762,0
14.627,3793.4976119891157,0
14.628,3790.861103497274,0
14.629,3788.200493770981,0
14.63,3785.5167808567367,0
14.631,3782.8109934345775,0
14.632,3780.084191408121,0
14.633000000000001,3777.337471001925,0
14.634,3774.5726134981,0
14.635,3771.7895519697327,0
14.636000000000001,3768.990186793051,0
14.637,3766.1756880868493,0
14.638,3763.347422229947,0
14.639000000000001,3760.5067401233664,0
14.64,3757.6551539991215,0
14.641,3754.7938330671886,0
14.642,3751.924394916052,0
14.643,3749.048467790366,0
14.644,3746.1672728046633,0
14.645,3743.2824813594557,0
14.646,3740.395685670261,0
14.647,3737.508498090698,0
14.648,3734.6225175328495,0
14.649000000000001,3731.739367688673,0
14.65,3728.860723506247,0
14.651,3725.9882912353432,0
14.652000000000001,3723.1236660461373,0
14.653,3720.2685690663134,0
14.654,3717.424691383691,0
14.655000000000001,3714.5934842772467,0
14.656,3711.7766179210703,0
14.657,3708.976106533336,0
14.658,3706.19349233531,0
14.659,3703.4304600365926,0
14.66,3700.6887488841894,0
14.661,3697.969579544568,0
14.662,3695.2751357569587,0
14.663,3692.606930613267,0
14.664,3689.9663694316196,0
14.665000000000001,3687.354887445831,0
14.666,3684.7740692071084,0
14.667,3682.2254146673795,0
14.668000000000001,3679.7103784226574,0
14.669,3677.2303978906366,0
14.67,3674.786874332708,0
14.671000000000001,3672.3811542107173,0
14.672,3670.0145951227164,0
14.673,3667.6884970617566,0
14.674,3665.404127488159,0
14.675,3663.162708446991,0
14.676,3660.96544037335,0
14.677,3658.8134757727366,0
14.678,3656.70793425015,0
14.679,3654.649910579895,0
14.68,3652.640450742998,0
14.681000000000001,3650.6805585816032,0
14.682,3648.7712302810355,0
14.683,3646.913400217384,0
14.684000000000001,3645.107976191571,0
14.685,3643.355813305958,0
14.686,3641.6577473621746,0
14.687000000000001,3640.0145909164867,0
14.688,3638.427077697535,0
14.689,3636.895984208119,0
14.69,3635.421988116144,0
14.691,3634.005768780546,0
14.692,3632.6479481241463,0
14.693,3631.349124395392,0
14.694,3630.109860056289,0
14.695,3628.930702190672,0
14.696,3627.8121568687234,0
14.697000000000001,3626.754690356557,0
14.698,3625.758743608703,0
14.699,3624.8247743720985,0
14.700000000000001,3623.9531629248468,0
14.701,3623.144262090605,0
14.702,3622.398393010185,0
14.703000000000001,3621.715871987107,0
14.704,3621.0969853319257,0
14.705,3620.541989753971,0
14.706,3620.0510896566325,0
14.707,3619.6244841199205,0
14.708,3619.2623540751597,0
14.709,3618.964818006503,0
14.71,3618.731992322041,0
14.711,3618.563973694946,0
14.712,3618.460821538755,0
14.713000000000001,3618.4225563698988,0
14.714,3618.44917114143,0
14.715,3618.54064638895,0
14.716000000000001,3618.696937743127,0
14.717,3618.9179607085525,0
14.718,3619.203640639209,0
14.719000000000001,3619.55382423011,0
14.72,3619.968338187331,0
14.721,3620.446985976819,0
14.722,3620.9895814442802,0
14.723,3621.5958340747525,0
14.724,3622.2654553421785,0
14.725,3622.9981407583746,0
14.726,3623.7936154565587,0
14.727,3624.6514624921606,0
14.728,3625.571278232301,0
14.729000000000001,3626.5526093968774,0
14.73,3627.5950210365786,0
14.731,3628.6980528263953,0
14.732000000000001,3629.861145687405,0
14.733,3631.0837406515666,0
14.734,3632.36525388907,0
14.735,3633.7050598546866,0
14.736,3635.102518687565,0
14.737,3636.5569365406736,0
14.738,3638.0676336446672,0
14.739,3639.633854024073,0
14.74,3641.2548171901,0
14.741,3642.9297768762963,0
14.742,3644.65779414134,0
14.743,3646.4380979596153,0
14.744,3648.269763629777,0
14.745000000000001,3650.151911906994,0
14.746,3652.083574781534,0
14.747,3654.0637880400564,0
14.748000000000001,3656.0915447334346,0
14.749,3658.1658032147907,0
14.75,3660.2855273169616,0
14.751,3662.4496222504413,0
14.752,3664.6570017453114,0
14.753,3666.906532057246,0
14.754,3669.197055399277,0
14.755,3671.5274067055807,0
14.756,3673.8963382419706,0
14.757,3676.302647953291,0
14.758000000000001,3678.7451520743016,0
14.759,3681.2225352843147,0
14.76,3683.7335544118114,0
14.761000000000001,3686.276889711098,0
14.762,3688.851238706322,0
14.763,3691.4552759192375,0
14.764000000000001,3694.0876141260264,0
14.765,3696.7469112756,0
14.766,3699.43179292114,0
14.767,3702.1408753658125,0
14.768,3704.872704959342,0
14.769,3707.625835094154,0
14.77,3710.398907363996,0
14.771,3713.1904909469463,0
14.772,3715.9991112213484,0
14.773,3718.823316138163,0
14.774000000000001,3721.3663452821893,1
14.775,3723.798373658467,0
14.776,3726.1376243161153,0
14.777000000000001,3728.3869709034916,0
14.778,3730.5495167817094,0
14.779,3732.629038308293,0
14.780000000000001,3734.6297203697777,0
14.781,3736.5563201183327,0
14.782,3738.4140108973143,0
14.783,3740.2080689310774,0
14.784,3741.944093965538,0
14.785,3743.627919904179,0
14.786,3745.2655488891273,0
14.787,3746.862969516018,0
14.788,3748.426267746856,0
14.789,3749.9614350163642,0
14.790000000000001,3751.4744286871087,0
14.791,3752.9710841281526,0
14.792,3754.4571302578465,0
14.793000000000001,3755.9380607487374,0
14.794,3757.41901291683,0
14.795,3758.9048023411397,0
14.796000000000001,3760.400106118737,0
14.797,3761.909028254297,0
14.798,3763.43553594579,0
14.799,3764.9832764325056,0
14.8,3766.555375634886,0
14.801,3768.154744410154,0
14.802,3769.7834443803135,0
14.803,3771.4434890653997,0
14.804,3773.1364191555235,0
14.805,3774.8633047204517,0
14.806000000000001,3776.624824898017,0
14.807,3778.421240205151,0
14.808,3780.2524180602445,0
14.809000000000001,3782.1178508469075,0
14.81,3784.0167676552187,0
14.811,3785.947801465338,0
14.812000000000001,3787.909473395703,0
14.813,3789.8999292523827,0
14.814,3791.9170348891034,0
14.815,3793.958382321749,0
14.816,3796.0214355894673,0
14.817,3798.1032805767195,0
14.818,3800.2008368709726,0
14.819,3802.31093188867,0
14.82,3804.430252330884,0
14.821,3806.555370902169,0
14.822000000000001,3808.682751219591,0
14.823,3810.80880470256,0
14.824,3812.929935518401,0
14.825000000000001,3815.042537313134,0
14.826,3817.14298126128,0
14.827,3819.2277236850555,0
14.828000000000001,3821.2932296442773,0
14.829,3823.336054981535,0
14.83,3825.352867532891,0
14.831,3827.3404209547507,0
14.832,3829.2956202523333,0
14.833,3831.215469519804,0
14.834,3833.0971489455846,0
14.835,3834.9380180743665,0
14.836,3836.735576152428,0
14.837,3838.487521156442,0
14.838000000000001,3840.1917363154244,0
14.839,3841.8462628508523,0
14.84,3843.449345802338,0
14.841000000000001,3844.9994598480894,0
14.842,3846.495171218928,0
14.843,3847.935473392225,0
14.844000000000001,3849.319183681855,0
14.845,3850.6455743846313,0
14.846,3851.913964242606,0
14.847,3853.123982460697,0
14.848,3854.2753175346875,0
14.849,3855.367839408546,0
14.85,3856.4015683149505,0
14.851,3857.3766674390326,0
14.852,3858.293440264749,0
14.853,3859.152307241015,0
14.854000000000001,3859.9538042583363,0
14.855,3860.6985520656085,0
14.856,3861.387278848953,0
14.857000000000001,3862.020825010637,0
14.858,3862.600003618852,0
14.859,3863.125781571813,0
14.86,3863.599107976152,0
14.861,3864.02099640181,0
14.862,3864.3924910690002,0
14.863,3864.7146678177114,0
14.864,3864.9885534535197,0
14.865,3865.2152386020084,0
14.866,3865.3957717714366,0
14.867,3865.5311906155366,0
14.868,3865.6225193898053,0
14.869,3865.670732675016,0
14.870000000000001,3865.676755048512,0
14.871,3865.6416176520515,0
14.872,3865.5660454264375,0
14.873000000000001,3865.450838827772,0
14.874,3865.296895612863,0
14.875,3865.104766679244,0
14.876,3864.8751458869547,0
14.877,3864.6086190422,0
14.878,3864.305715050937,0
14.879,3863.9669062774924,0
14.88,3863.592600399636,0
14.881,3863.1831490200602,0
14.882,3862.7388121285135,0
14.883000000000001,3862.259860734274,0
14.884,3861.7464285216547,0
14.885,3861.1987352676783,0
14.886000000000001,3860.6168259981937,0
14.887,3860.0006681339974,0
14.888,3859.3503920076137,0
14.889000000000001,3858.6658449401602,0
14.89,3857.947009815883,0
14.891,3857.193776131522,0
14.892,3856.4060373395923,0
14.893,3855.5836825897104,0
14.894,3854.726529586984,0
14.895,3853.8344190702683,0
14.896,3852.9072364924123,0
14.897,3851.944795361149,0
14.898,3850.946930859042,0
14.899000000000001,3849.9134876644866,0
14.9,3848.844325310533,0
14.901,3847.7393411356447,0
14.902000000000001,3846.598455646852,0
14.903,3845.421560641159,0
14.904,3844.2086057824085,0
14.905000000000001,3842.959582446435,0
14.906,3841.6744919744583,0
14.907,3840.35336524938,0
14.908,3838.9962928635928,0
14.909,3837.6034354798708,0
14.91,3836.174935265874,0
14.911,3834.7109757352605,0
14.912,3833.2118205613733,0
14.913,3831.6777499933664,0
14.914,3830.1091248404523,0
14.915000000000001,3828.5062447219843,0
14.916,3826.869637301814,0
14.917,3825.199698708321,0
14.918000000000001,3823.4969855644254,0
14.919,3821.7620010852443,0
14.92,3819.995337453259,0
14.921000000000001,3818.1976597463,0
14.922,3816.369631526519,0
14.923,3814.5119497628207,0
14.924,3812.625380990537,0
14.925,3810.710636428862,0
14.926,3808.768559065144,0
14.927,3806.7999752764977,0
14.928,3804.80575196717,0
14.929,3802.7868573055885,0
14.93,3800.7440687597596,0
14.931000000000001,3798.6783870999766,0
14.932,3796.5907204744085,0
14.933,3794.4820858328476,0
14.934000000000001,3792.3535109762993,0
14.935,3790.205857152814,0
14.936,3788.0405756190357,0
14.937000000000001,3785.8578907204383,0
14.938,3783.6592260996053,0
14.939,3781.4456161229264,0
14.94,3779.218173167909,0
14.941,3776.9777033020864,0
14.942,3774.7253305020945,0
14.943,3772.462085602741,0
14.944,3770.1889925972737,0
14.945,3767.907066408496,0
14.946,3765.617161230398,0
14.947000000000001,3763.3204347599044,0
14.948,3761.017795829057,0
14.949,3758.710206000486,0
14.950000000000001,3756.3986663383794,0
14.951,3754.08409608988,0
14.952,3751.767449945795,0
14.953000000000001,3749.449647933813,0
14.954,3747.1316788152767,0
14.955,3744.81430867063,0
14.956,3742.4984985324313,0
14.957,3740.1851060180356,0
14.958,3737.874994795195,0
14.959,3735.568867461737,0
14.96,3733.2676590255087,0
14.961,3730.972224772709,0
14.962,3728.6834641186315,0
14.963000000000001,3726.4020969870235,0
14.964,3724.1288159178166,0
14.965,3721.8647120933147,0
14.966000000000001,3719.610270885162,0
14.967,3717.3661895631794,0
14.968,3715.133477400662,0
14.969000000000001,3712.9127167657402,0
14.97,3710.704544568396,0
14.971,3708.5099001731423,0
14.972,3706.329398516039,0
14.973,3704.1636293916804,0
14.974,3702.0134821305815,0
14.975,3699.879572009146,0
14.976,3697.7625977743737,0
14.977,3695.663236289638,0
14.978,3693.5821951946564,0
14.979000000000001,3691.520023356038,0
14.98,3689.4775681328165,0
14.981,3687.4554327027154,0
14.982000000000001,3685.4542864797386,0
14.983,3683.47483584987,0
14.984,3681.517603219112,0
14.985,3679.5834048926076,0
14.986,3677.6728489032344,0
14.987,3675.78659628816,0
14.988,3673.925260669072,0
14.989,3672.0894983138073,0
14.99,3670.2799493327057,0
14.991,3668.497259943708,0
14.992,3666.7420536359673,0
14.993,3665.014964203262,0
14.994,3663.316618050729,0
14.995000000000001,3661.6476352585455,0
14.996,3660.0086258087604,0
14.997,3658.4001974733933,0
14.998000000000001,3656.8229427388674,0
14.999,3655.277466570144,0
15.0,3653.764353587782,0
15.001,3652.2841769269075,0
15.002,3650.83749057382,0
15.003,3649.4248875736266,0
15.004,3648.0469078196197,0
15.005,3646.704068627431,0
15.006,3645.3969198986265,0
15.007,3644.1259803401435,0
15.008000000000001,3642.891678950313,0
15.009,3641.6946714191313,0
15.01,3640.5352301645503,0
15.011000000000001,3639.414016823273,0
15.012,3638.331417923946,0
15.013,3637.2878713258087,0
15.014000000000001,3636.283796321975,0
15.015,3635.3196026090213,0
15.016,3634.3956906315316,0
15.017,3633.5124379422114,0
15.018,3632.6702016634554,0
15.019,3631.86932548901,0
15.02,3631.110137603976,0
15.021,3630.392934457743,0
15.022,3629.718037079822,0
15.023,3629.0857041627423,0
15.024000000000001,3628.496194691742,0
15.025,3627.9497413593435,0
15.026,3627.4465754041494,0
15.027000000000001,3626.986890347391,0
15.028,3626.5708760646116,0
15.029,3626.198693767326,0
15.030000000000001,3625.8704944218402,0
15.031,3625.586388637214,0
15.032,3625.346478682839,0
15.033,3625.150894991639,0
15.034,3624.9997028579915,0
15.035,3624.8929481792848,0
15.036,3624.830687641863,0
15.037,3624.812929937861,0
15.038,3624.8396645723333,0
15.039,3624.9108750444093,0
15.040000000000001,3625.0265371966975,0
15.041,3625.1865967541553,0
15.042,3625.3909841924924,0
15.043000000000001,3625.6396281322577,0
15.044,3625.932395438879,0
15.045,3626.269172959617,0
15.046000000000001,3626.6498572334967,0
15.047,3627.0742808024133,0
15.048,3627.542264082687,0
15.049,3628.053621862076,0
15.05,3628.6081414014807,0
15.051,3629.205634970394,0
15.052,3629.8458679807027,0
15.053,3630.52860018499,0
15.054,3631.2535249691464,0
15.055,3632.020398761672,0
15.056000000000001,3632.8289336608304,0
15.057,3633.6788266507424,0
15.058,3634.5697214176002,0
15.059000000000001,3635.5013212937133,0
15.06,3636.4732657525406,0
15.061,3637.485177468157,0
15.062000000000001,3638.536687066927,0
15.063,3639.627391569494,0
15.064,3640.756915390482,0
15.065,3641.9248311225665,0
15.066,3643.1307088064204,0
15.067,3644.3741126606487,0
15.068,3645.6545599985207,0
15.069,3646.9716253339566,0
15.07,3648.324794156283,0
15.071,3649.7135725184457,0
15.072000000000001,3651.1374694646142,0
15.073,3652.5959491926014,0
15.074,3654.0885066180667,0
15.075000000000001,3655.614588196589,0
15.076,3657.1736842800624,0
15.077,3658.7651476923966,0
15.078000000000001,3660.388458227285,0
15.079,3662.0430526504297,0
15.08,3663.7282182817253,0
15.081,3665.4435069943356,0
15.082,3667.188136084726,0
15.083,3668.961516399088,0
15.084,3670.7631214139515,0
15.085,3672.5922113095526,0
15.086,3674.4481386223247,0
15.087,3676.3302537881823,0
15.088000000000001,3678.237840620017,0
15.089,3680.1702530988136,0
15.09,3682.126773837847,0
15.091000000000001,3684.106746466861,0
15.092,3686.10935072962,0
15.093,3688.1337916580073,0
15.094000000000001,3690.1794848868044,0
15.095,3692.245681929448,0
15.096,3694.3316131473,0
15.097,3696.436616251687,0
15.098,3698.55968208847,0
15.099,3700.7002617609096,0
15.1,3702.857447818612,0
15.101,3705.0306629398815,0
15.102,3707.167367211374,1
15.103,3709.1817153858774,0
15.104000000000001,3711.1058440532397,0
15.105,3712.940832099675,0
15.106,3714.6889865926055,0
15.107000000000001,3716.3532496188373,0
15.108,3717.9371334296534,0
15.109,3719.444606013992,0
15.11,3720.8800575662153,0
15.111,3722.2483113980047,0
15.112,3723.5545118180844,0
15.113,3724.8040792219604,0
15.114,3726.0026389882228,0
15.115,3727.1560156867195,0
15.116,3728.270103789899,0
15.117,3729.350828907248,0
15.118,3730.404311713509,0
15.119,3731.436432180642,0
15.120000000000001,3732.4532622381926,0
15.121,3733.4602076965343,0
15.122,3734.4630163566603,0
15.123000000000001,3735.466980550325,0
15.124,3736.4773644686707,0
15.125,3737.4987991656562,0
15.126,3738.5360135143437,0
15.127,3739.593256316331,0
15.128,3740.6743936855855,0
15.129,3741.782947319576,0
15.13,3742.9222881071014,0
15.131,3744.095023334605,0
15.132,3745.3036778022733,0
15.133000000000001,3746.550328111755,0
15.134,3747.8366839988676,0
15.135,3749.1637926881085,0
15.136000000000001,3750.532763221376,0
15.137,3751.9438633877608,0
15.138,3753.397350437816,0
15.139000000000001,3754.8930094288676,0
15.14,3756.430292459061,0
15.141,3758.0083171352535,0
15.142,3759.6259110077312,0
15.143,3761.2815851727582,0
15.144,3762.973631909317,0
15.145,3764.7000813667028,0
15.146,3766.4587376285904,0
15.147,3768.247219263881,0
15.148,3770.062961142738,0
15.149000000000001,3771.903276038211,0
15.15,3773.7653221314577,0
15.151,3775.6461570408187,0
15.152000000000001,3777.5427841524947,0
15.153,3779.452140852603,0
15.154,3781.3711132668286,0
15.155000000000001,3783.2966017583367,0
15.156,3785.2255040993914,0
15.157,3787.1547528563274,0
15.158,3789.0813441453065,0
15.159,3791.0023014643584,0
15.16,3792.91479814276,0
15.161,3794.816041568961,0
15.162,3796.7033795044936,0
15.163,3798.5742772852454,0
15.164,3800.4263132042747,0
15.165000000000001,3802.2572467742234,0
15.166,3804.0649696124983,0
15.167,3805.847545850985,0
15.168000000000001,3807.6031928991406,0
15.169,3809.3302927491786,0
15.17,3811.0273665968857,0
15.171000000000001,3812.6931467940453,0
15.172,3814.326553735862,0
15.173,3815.9266112302876,0
15.174,3817.4925296226193,0
15.175,3819.0237258324705,0
15.176,3820.5196974432006,0
15.177,3821.980146558545,0
15.178,3823.4048963507516,0
15.179,3824.7939367499253,0
15.18,3826.147330915581,0
15.181000000000001,3827.4653108697785,0
15.182,3828.7481997513405,0
15.183,3829.996394690068,0
15.184000000000001,3831.210494422584,0
15.185,3832.3910095615615,0
15.186,3833.5386395694863,0
15.187000000000001,3834.654116361677,0
15.188,3835.7382423529116,0
15.189,3836.7918349442257,0
15.19,3837.8157332554574,0
15.191,3838.8108287108216,0
15.192,3839.778025837795,0
15.193,3840.718224885166,0
15.194,3841.632298306239,0
15.195,3842.521148415235,0
15.196,3843.3856158117433,0
15.197000000000001,3844.226546013587,0
15.198,3845.044737710915,0
15.199,3845.8409498451592,0
15.200000000000001,3846.6158850743773,0
15.201,3847.370278194332,0
15.202,3848.1046809306463,0
15.203000000000001,3848.819647102015,0
15.204,3849.515700461525,0
15.205,3850.193267733908,0
15.206,3850.852738105215,0
15.207,3851.4944090889962,0
15.208,3852.1185174212055,0
15.209,3852.725260775806,0
15.21,3853.3147484019064,0
15.211,3853.887028813196,0
15.212,3854.44208962068,0
15.213000000000001,3854.979866321358,0
15.214,3855.5002215997015,0
15.215,3856.0029814880018,0
15.216000000000001,3856.487909351994,0
15.217,3856.954742730628,0
15.218,3857.403131859814,0
15.219000000000001,3857.832802534907,0
15.22,3858.243202822296,0
15.221,3858.6339607321593,0
15.222,3859.0046104707153,0
15.223,3859.354655763155,0
15.224,3859.6836190592585,0
15.225,3859.990960289642,0
15.226,3860.2761524887765,0
15.227,3860.538614818926,0
15.228,3860.7778414439786,0
15.229000000000001,3860.9932922853723,0
15.23,3861.184401545386,0
15.231,3861.3506595378076,0
15.232000000000001,3861.491546008227,0
15.233,3861.6065625226747,0
15.234,3861.695270798698,0
15.235,3861.7571473600965,0
15.236,3861.7918103488023,0
15.237,3861.7988447966627,0
15.238,3861.777853641771,0
15.239,3861.7284699418287,0
15.24,3861.6503897076027,0
15.241,3861.5433232100618,0
15.242,3861.4070193487137,0
15.243,3861.2413064910565,0
15.244,3861.045953708792,0
15.245000000000001,3860.820847166962,0
15.246,3860.565874429726,0
15.247,3860.280949745024,0
15.248000000000001,3859.9660462040765,0
15.249,3859.62114714784,0
15.25,3859.2463354809124,0
15.251,3858.841645277316,0
15.252,3858.4071863335157,0
15.253,3857.9430980727657,0
15.254,3857.4495347773,0
15.255,3856.926679287887,0
15.256,3856.374745102862,0
15.257,3855.793972443101,0
15.258000000000001,3855.184635708755,0
15.259,3854.5470018999576,0
15.26,3853.8814225613623,0
15.261000000000001,3853.188160784342,0
15.262,3852.467580847998,0
15.263,3851.7200554478914,0
15.264000000000001,3850.9459283191723,0
15.265,3850.1455663167676,0
15.266,3849.3193486455,0
15.267,3848.467658690356,0
15.268,3847.5909030687626,0
15.269,3846.689462799077,0
15.27,3845.763748861107,0
15.271,3844.8141475890734,0
15.272,3843.841048670501,0
15.273,3842.8449157571263,0
15.274000000000001,3841.8260993155095,0
15.275,3840.7849365896245,0
15.276,3839.7218582390933,0
15.277000000000001,3838.637243222099,0
15.278,3837.5314155990463,0
15.279,3836.4048792209032,0
15.280000000000001,3835.257802067969,0
15.281,3834.090665792164,0
15.282,3832.9037705985415,0
15.283,3831.697440720386,0
15.284,3830.472036674415,0
15.285,3829.2278338167835,0
15.286,3827.9651657371774,0
15.287,3826.684342186299,0
15.288,3825.385685392933,0
15.289,3824.0693989200595,0
15.290000000000001,3822.7358372734607,0
15.291,3821.3852618209885,0
15.292,3820.018060592746,0
15.293000000000001,3818.634289139361,0
15.294,3817.23437212878,0
15.295,3815.8185115542074,0
15.296000000000001,3814.3869424926365,0
15.297,3812.939904249384,0
15.298,3811.4776813254507,0
15.299,3810.0004890096934,0
15.3,3808.5085798380123,0
15.301,3807.0022540269847,0
15.302,3805.481746004153,0
15.303,3803.9473688208463,0
15.304,3802.3992930162617,0
15.305,3800.8378153493577,0
15.306000000000001,3799.2632178163494,0
15.307,3797.6757693112318,0
15.308,3796.075849669636,0
15.309000000000001,3794.4635567167766,0
15.31,3792.839252525835,0
15.311,3791.2032388079697,0
15.312000000000001,3789.5558236420156,0
15.313,3787.897316449073,0
15.314,3786.228014535655,0
15.315,3784.5482306362674,0
15.316,3782.8583128169507,0
15.317,3781.158593368528,0
15.318,3779.449494761576,0
15.319,3777.7312023787176,0
15.32,3776.0041818211216,0
15.321,3774.268810028709,0
15.322000000000001,3772.5254145478025,0
15.323,3770.774396078114,0
15.324,3769.016143654561,0
15.325000000000001,3767.2510867133124,0
15.326,3765.479604106869,0
15.327,3763.7020535068964,0
15.328000000000001,3761.9188356782734,0
15.329,3760.1303949324656,0
15.33,3758.33726027296,0
15.331,3756.539589903839,0
15.332,3754.738072437197,0
15.333,3752.9331191773863,0
15.334,3751.125120192624,0
15.335,3749.314432098447,0
15.336,3747.501693163008,0
15.337,3745.6872585761735,0
15.338000000000001,3743.87158467646,0
15.339,3742.055213240991,0
15.34,3740.2384949427997,0
15.341000000000001,3738.4217309337396,0
15.342,3736.6054888703975,0
15.343,3734.790313478291,0
15.344000000000001,3732.9767267147618,0
15.345,3731.165043242901,0
15.346,3729.355703346037,0
15.347,3727.5491449857736,0
15.348,3725.7458253774707,0
15.349,3723.9461823418924,0
15.35,3722.150657689069,0
15.351,3720.3596798952767,0
15.352,3718.5737024929276,0
15.353,3716.793140631719,0
15.354000000000001,3715.018412741715,0
15.355,3713.249956043481,0
15.356,3711.488188657696,0
15.357000000000001,3709.733517274751,0
15.358,3707.9863616072225,0
15.359,3706.247128432028,0
15.36,3704.5162287504786,0
15.361,3702.794056456843,0
15.362,3701.0809992763648,0
15.363,3699.377451955208,0
15.364,3697.683820059644,0
15.365,3696.0004868167034,0
15.366,3694.327772825609,0
15.367,3692.6661515356573,0
15.368,3691.015955581072,0
15.369,3689.3775381987716,0
15.370000000000001,3687.7512590044666,0
15.371,3686.1375089077596,0
15.372,3684.5366211614073,0
15.373000000000001,3682.948976346702,0
15.374,3681.374920696467,0
15.375,3679.814802815916,0
15.376,3678.2689636257305,0
15.377,3676.7377485240786,0
15.378,3675.221496415355,0
15.379,3673.7204706666794,0
15.38,3672.235093310034,0
15.381,3670.7656606407763,0
15.382,3669.312481110312,0
15.383000000000001,3667.875883760727,0
15.384,3666.4561964564873,0
15.385,3665.053724707136,0
15.386000000000001,3663.6687680107266,0
15.387,3662.3016883415626,0
15.388,3660.952704818223,0
15.389000000000001,3659.62220869857,0
15.39,3658.3104564430637,0
15.391,3657.0177459608444,0
15.392,3655.744363635375,0
15.393,3654.4906102530013,0
15.394,3653.256766535299,0
15.395,3652.0431128930663,0
15.396,3650.8499443851547,0
15.397,3649.677490286579,0
15.398,3648.5260411633094,0
15.399000000000001,3647.3958718823114,0
15.4,3646.2872316678413,0
15.401,3645.2003699296038,0
15.402000000000001,3644.135542104731,0
15.403,3643.0929897362776,0
15.404,3642.072980492302,0
15.405000000000001,3641.0757533363853,0
15.406,3640.1015315378922,0
15.407,3639.15054207778,0
15.408,3638.223032347969,0
15.409,3637.319223771441,0
15.41,3636.439313372187,0
15.411,3635.5835390230886,0
15.412,3634.7520747843205,0
15.413,3633.945128774741,0
15.414,3633.1629053302468,0
15.415000000000001,3632.405622050061,0
15.416,3631.673416372993,0
15.417,3630.9665015739743,0
15.418000000000001,3630.2850312944724,0
15.419,3629.6291720514146,0
15.42,3628.9990948416134,0
15.421000000000001,3628.3949722195607,0
15.422,3627.8169308038,0
15.423,3627.2651082638067,0
15.424,3626.7396603746142,0
15.425,3626.2407157415864,0
15.426,3625.768411580505,0
15.427,3625.3228401604174,0
15.428,3624.9041307287257,0
15.429,3624.5123856970104,0
15.43,3624.147694155552,0
15.431000000000001,3623.810161755064,0
15.432,3623.4998218661926,0
15.433,3623.216803860448,0
15.434000000000001,3622.9611998949053,0
15.435,3622.7330761703274,0
15.436,3622.532436000272,0
15.437000000000001,3622.3594098408967,0
15.438,3622.214027838653,0
15.439,3622.0962738383096,0
15.44,3622.00621532975,0
15.441,3621.9438845488326,0
15.442,3621.9093042949066,0
15.443,3621.902487348441,0
15.444,3621.9234279261627,0
15.445,3621.9721461639133,0
15.446,3622.0486508871663,0
15.447000000000001,3622.1529062835116,0
15.448,3622.2849066728395,0
15.449,3622.444623217501,0
15.450000000000001,3622.6320295229525,0
15.451,3622.8470738420656,0
15.452,3623.089741914386,0
15.453000000000001,3623.359970512464,0
15.454,3623.657704998266,0
15.455,3623.9828804832623,0
15.456,3624.335431370474,0
15.457,3624.715282875043,0
15.458,3625.1223482768273,0
15.459,3625.5565427416377,0
15.46,3626.01776410579,0
15.461,3626.5059134770727,0
15.462,3627.020922707392,0
15.463000000000001,3627.5626457747476,0
15.464,3628.130969422582,0
15.465,3628.7257813155393,0
15.466000000000001,3629.346944943653,0
15.467,3629.9943185834063,0
15.468,3630.6678037158235,0
15.469000000000001,3631.3671984727375,0
15.47,3632.092395869649,0
15.471,3632.843191380905,0
15.472,3633.6194525084156,0
15.473,3634.421011511884,0
15.474,3635.2477038597117,0
15.475,3636.099326394737,0
15.476,3636.975725888522,0
15.477,3637.876681757939,0
15.478,3638.8020117185224,0
15.479000000000001,3639.751525771665,0
15.48,3640.725007277294,0
15.481,3641.722212036714,0
15.482000000000001,3642.7429856418753,0
15.483,3643.787097852776,0
15.484,3644.8542990063784,0
15.485000000000001,3645.944300243934,0
15.486,3647.056923080595,0
15.487,3648.1919163585962,0
15.488,3649.3490479560596,0
15.489,3650.5280754091527,0
15.49,3651.7287194583446,0
15.491,3652.9506859543,0
15.492,3654.1937531135436,0
15.493,3655.45763303549,0
15.494,3656.7420462962227,0
15.495000000000001,3658.046723062298,0
15.496,3659.3713660557587,0
15.497,3660.7156951688958,0
15.498000000000001,3662.0794280660034,0
15.499,3663.462261251359,0
15.5,3664.8638651121832,0
15.501,3666.283959878449,0
15.502,3667.722211981111,0
15.503,3669.1783274093314,0
15.504,3670.651934543021,0
15.505,3672.142761060143,0
15.506,3673.650467568445,0
15.507,3675.174642412177,0
15.508000000000001,3676.7150934380224,0
15.509,3678.271378213199,0
15.51,3679.8432023209366,0
15.511000000000001,3681.430201060609,0
15.512,3683.0319872345954,0
15.513,3684.6482801327384,0
15.514000000000001,3686.27863154925,0
15.515,3687.9227816687135,0
15.516,3689.5803071272217,0
15.517,3691.250844111609,0
15.518,3692.934005966326,0
15.519,3694.629454669501,0
15.52,3696.2656902895897,1
15.521,3697.7926728339125,0
15.522,3699.234496262048,0
15.523,3700.5932725236867,0
15.524000000000001,3701.871458028962,0
15.525,3703.0720645138026,0
15.526,3704.198718379259,0
15.527000000000001,3705.255328239396,0
15.528,3706.246236596273,0
15.529,3707.1761552758217,0
15.530000000000001,3708.0500399968178,0
15.531,3708.873072936683,0
15.532,3709.6505488547496,0
15.533,3710.3879984586624,0
15.534,3711.090958830631,0
15.535,3711.7651538279906,0
15.536,3712.4162053727255,0
15.537,3713.049643468729,0
15.538,3713.670776794523,0
15.539,3714.2850535860093,0
15.540000000000001,3714.897670952901,0
15.541,3715.5135203211785,0
15.542,3716.1373838811433,0
15.543000000000001,3716.773782623182,0
15.544,3717.426943282638,0
15.545,3718.100864450507,0
15.546000000000001,3718.7990415371382,0
15.547,3719.5249043461413,0
15.548,3720.281315074234,0
15.549,3721.0708344005243,0
15.55,3721.8957882389923,0
15.551,3722.758087462075,0
15.552,3723.6592924055694,0
15.553,3724.600615952238,0
15.554,3725.5829177727464,0
15.555,3726.606721607662,0
15.556000000000001,3727.6723051014933,0
15.557,3728.7794411288796,0
15.558,3729.927767509481,0
15.559000000000001,3731.116590660174,0
15.56,3732.3449797797807,0
15.561,3733.6117002389924,0
15.562000000000001,3734.9153131907337,0
15.563,3736.254143775559,0
15.564,3737.626409362543,0
15.565,3739.029994542026,0
15.566,3740.4628707910415,0
15.567,3741.9226371001464,0
15.568,3743.406947260757,0
15.569,3744.913325259404,0
15.57,3746.439243794532,0
15.571,3747.98217651061,0
15.572000000000001,3749.539432443451,0
15.573,3751.1084993953573,0
15.574,3752.686671413748,0
15.575000000000001,3754.271453852195,0
15.576,3755.8603678139943,0
15.577,3757.450950163141,0
15.578000000000001,3759.0408421913007,0
15.579,3760.627757825784,0
15.58,3762.209469994412,0
15.581,3763.784087318869,0
15.582,3765.3495513900766,0
15.583,3766.903987002757,0
15.584,3768.4458778497374,0
15.585,3769.9736589160043,0
15.586,3771.4859538809433,0
15.587,3772.981542200759,0
15.588000000000001,3774.459307049844,0
15.589,3775.9184083933746,0
15.59,3777.3580010764335,0
15.591000000000001,3778.7774467471554,0
15.592,3780.176287691602,0
15.593,3781.5541745104983,0
15.594000000000001,3782.910908314586,0
15.595,3784.2463802217303,0
15.596,3785.5606460295476,0
15.597,3786.8538658639877,0
15.598,3788.126308076788,0
15.599,3789.378370171543,0
15.6,3790.6104805867526,0
15.601,3791.8232093379493,0
15.602,3793.017200366797,0
15.603,3794.193112013206,0
15.604000000000001,3795.3517130459422,0
15.605,3796.4938087208884,0
15.606,3797.620256323669,0
15.607000000000001,3798.7318892509647,0
15.608,3799.8295792491767,0
15.609,3800.9142456945606,0
15.610000000000001,3801.9867902873766,0
15.611,3803.0481362858372,0
15.612,3804.0991601476876,0
15.613,3805.140747692929,0
15.614,3806.1737762597336,0
15.615,3807.199001953305,0
15.616,3808.217239989489,0
15.617,3809.229245840251,0
15.618,3810.2357095212965,0
15.619,3811.2372729125636,0
15.620000000000001,3812.234544384312,0
15.621,3813.2280472486887,0
15.622,3814.2183344393907,0
15.623000000000001,3815.2057175984273,0
15.624,3816.1905991322,0
15.625,3817.1732636808056,0
15.626,3818.1540039724764,0
15.627,3819.1328832345016,0
15.628,3820.1100654048732,0
15.629,3821.085585345342,0
15.63,3822.059451114634,0
15.631,3823.0315748518638,0
15.632,3824.001846001786,0
15.633000000000001,3824.970082413312,0
15.634,3825.936063378129,0
15.635,3826.8995261869554,0
15.636000000000001,3827.860155557143,0
15.637,3828.817594511282,0
15.638,3829.771440980985,0
15.639000000000001,3830.721285219724,0
15.64,3831.666656148909,0
15.641,3832.607093136453,0
15.642,3833.54210820148,0
15.643,3834.4711759460965,0
15.644,3835.3937810749567,0
15.645,3836.3093853970813,0
15.646,3837.2174323413215,0
15.647,3838.1173844329587,0
15.648,3839.0087298338744,0
15.649000000000001,3839.8909189009555,0
15.65,3840.7634459935944,0
15.651,3841.625761231119,0
15.652000000000001,3842.4773888363725,0
15.653,3843.317823804965,0
15.654,3844.146654543857,0
15.655000000000001,3844.9633707596163,0
15.656,3845.7675604113665,0
15.657,3846.558824220624,0
15.658,3847.336788665379,0
15.659,3848.1011073038544,0
15.66,3848.8514678618076,0
15.661,3849.5875934258866,0
15.662,3850.3091850471396,0
15.663,3851.016012511384,0
15.664,3851.707852712182,0
15.665000000000001,3852.3845380574935,0
15.666,3853.0459344756982,0
15.667,3853.6919307254225,0
15.668000000000001,3854.3223828140253,0
15.669,3854.937274450546,0
15.67,3855.536517145712,0
15.671000000000001,3856.1200749531363,0
15.672,3856.687955225208,0
15.673,3857.2401830530666,0
15.674,3857.7767530676015,0
15.675,3858.297740892213,0
15.676,3858.8032412316543,0
15.677,3859.293332282438,0
15.678,3859.768097256599,0
15.679,3860.2276428356668,0
15.68,3860.672102565456,0
15.681000000000001,3861.1016199380488,0
15.682,3861.5163228098268,0
15.683,3861.9163127514953,0
15.684000000000001,3862.3017421120608,0
15.685,3862.6727560966815,0
15.686,3863.029519876033,0
15.687000000000001,3863.3721661707123,0
15.688,3863.700850019993,0
15.689,3864.015672020937,0
15.69,3864.3167852476,0
15.691,3864.604331815071,0
15.692,3864.8783918773474,0
15.693,3865.1390924562957,0
15.694,3865.3865353823385,0
15.695,3865.6208360281057,0
15.696,3865.8420557995896,0
15.697000000000001,3866.050281285745,0
15.698,3866.2455982502993,0
15.699,3866.428038797644,0
15.700000000000001,3866.597657887606,0
15.701,3866.754517637991,0
15.702,3866.8985973923204,0
15.703000000000001,3867.029967641068,0
15.704,3867.1485934560333,0
15.705,3867.2544943953612,0
15.706,3867.347656158494,0
15.707,3867.428061045511,0
15.708,3867.495674044653,0
15.709,3867.550449846324,0
15.71,3867.592418423854,0
15.711,3867.6214823697824,0
15.712,3867.637574884169,0
15.713000000000001,3867.6406518127164,0
15.714,3867.630648593918,0
15.715,3867.607554294338,0
15.716000000000001,3867.5712560975367,0
15.717,3867.521699034264,0
15.718,3867.4587833962537,0
15.719000000000001,3867.3824451260903,0
15.72,3867.292633303371,0
15.721,3867.1892712985814,0
15.722,3867.0722977899813,0
15.723,3866.941638475702,0
15.724,3866.7972483864182,0
15.725,3866.6390171273492,0
15.726,3866.466918456113,0
15.727,3866.2809046898565,0
15.728,3866.0808872113957,0
15.729000000000001,3865.8668606579286,0
15.73,3865.6387358120987,0
15.731,3865.3965851499624,0
15.732000000000001,3865.1402785774458,0
15.733,3864.869813881713,0
15.734,3864.5851470707134,0
15.735000000000001,3864.286326497196,0
15.736,3863.97332436504,0
15.737,3863.6460960421946,0
15.738,3863.3046659071324,0
15.739,3862.949066601111,0
15.74,3862.57930800033,0
15.741,3862.1954406058962,0
15.742,3861.797500975491,0
15.743,3861.385463911784,0
15.744,3860.959376347858,0
15.745000000000001,3860.5193495581793,0
15.746,3860.0654157427716,0
15.747,3859.5976282541988,0
15.748000000000001,3859.1160165812885,0
15.749,3858.6207329198814,0
15.75,3858.111789021714,0
15.751,3857.5892704116354,0
15.752,3857.0532580981653,0
15.753,3856.503860846087,0
15.754,3855.9411352487505,0
15.755,3855.365155873282,0
15.756,3854.776076522233,0
15.757,3854.1739589607196,0
15.758000000000001,3853.5588738877777,0
15.759,3852.930957481336,0
15.76,3852.290286803291,0
15.761000000000001,3851.636931819899,0
15.762,3850.9710848258483,0
15.763,3850.292786366155,0
15.764000000000001,3849.6021336632975,0
15.765,3848.899241356581,0
15.766,3848.1842044334153,0
15.767,3847.4571439692645,0
15.768,3846.718107917657,0
15.769,3845.9672877711187,0
15.77,3845.2047448466164,0
15.771,3844.430564142275,0
15.772,3843.6448750070012,0
15.773,3842.8477375834923,0
15.774000000000001,3842.0393045834007,0
15.775,3841.219571654387,0
15.776,3840.38876448092,0
15.777000000000001,3839.546984734966,0
15.778,3838.694248440876,0
15.779,3837.830633218573,0
15.780000000000001,3836.956330894345,0
15.781,3836.0713578321593,0
15.782,3835.175842823779,0
15.783,3834.269834792203,0
15.784,3833.3533931019133,0
15.785,3832.4267133686226,0
15.786,3831.4898326652733,0
15.787,3830.5428088406397,0
15.788,3829.5857711149188,0
15.789,3828.6187830580575,0
15.790000000000001,3827.641942217394,0
15.791,3826.6553457418663,0
15.792,3825.6591164826514,0
15.793000000000001,3824.6532936084795,0
15.794,3823.637994521798,0
15.795,3822.6133138710643,0
15.796000000000001,3821.5793799665735,0
15.797,3820.53628498748,0
15.798,3819.4840482363534,0
15.799,3818.4228102291204,0
15.8,3817.3526835613297,0
15.801,3816.273756605923,0
15.802,3815.186136892828,0
15.803,3814.0899205371097,0
15.804,3812.9852188056157,0
15.805,3811.872139333248,0
15.806000000000001,3810.7507987313224,0
15.807,3809.6212932256863,0
15.808,3808.4837378043876,0
15.809000000000001,3807.338229543716,0
15.81,3806.1849332367883,0
15.811,3805.0239451832113,0
15.812000000000001,3803.855396556844,0
15.813,3802.6793135217185,0
15.814,3801.495879769678,0
15.815,3800.30523453424,0
15.816,3799.107487169137,0
15.817,3797.902735658155,0
15.818,3796.6911808029113,0
15.819,3795.4728847382057,0
15.82,3794.2479787774823,0
15.821,3793.0167047293044,0
15.822000000000001,3791.7790651280543,0
15.823,3790.5352060895275,0
15.824,3789.2852895032174,0
15.825000000000001,3788.029458543779,0
15.826,3786.76792243378,0
15.827,3785.500692704816,0
15.828000000000001,3784.2279581186717,0
15.829,3782.949850463051,0
15.83,3781.666529483228,0
15.831,3780.3781339808997,0
15.832,3779.0848133165323,0
15.833,3777.7867241552945,0
15.834,3776.483997228527,0
15.835,3775.1767891138347,0
15.836,3773.865204848756,0
15.837,3772.5494259198335,0
15.838000000000001,3771.229819023583,0
15.839,3769.9064295377116,0
15.84,3768.578917954369,0
15.841000000000001,3767.2477736817796,0
15.842,3765.913174032252,0
15.843,3764.575240769733,0
15.844000000000001,3763.234125754336,0
15.845,3761.8899638018934,0
15.846,3760.5429294188393,0
15.847,3759.1931534976925,0
15.848,3757.8408003750733,0
15.849,3756.4860142124853,0
15.85,3755.128937666252,0
15.851,3753.769713193076,0
15.852,3752.408517816276,0
15.853,3751.0454348042113,0
15.854000000000001,3749.680605835009,0
15.855,3748.314233568303,0
15.856,3746.946460170657,0
15.857000000000001,3745.57742331198,0
15.858,3744.207248613239,0
15.859,3742.8360970376984,0
15.860000000000001,3741.464094669702,0
15.861,3740.0913822133557,0
15.862,3738.71813728914,0
15.863,3737.344517449089,0
15.864,3735.970641361946,0
15.865,3734.596662498775,0
15.866,3733.2226941320737,0
15.867,3731.8489479192604,0
15.868,3730.4755342074363,0
15.869,3729.102582827656,0
15.870000000000001,3727.7302693918236,0
15.871,3726.3587537127246,0
15.872,3724.988159485436,0
15.873000000000001,3723.6185879705126,0
15.874,3722.250251293645,0
15.875,3720.8832691073085,0
15.876,3719.5177769085426,0
15.877,3718.153927057962,0
15.878,3716.791826357813,0
15.879,3715.4316012784893,0
15.88,3714.0734296194037,0
15.881,3712.7174986072446,0
15.882,3711.363870951652,0
15.883000000000001,3710.01279387647,0
15.884,3708.6643499209486,0
15.885,3707.318601117347,0
15.886000000000001,3705.9758306529225,0
15.887,3704.636106819433,0
15.888,3703.299661640622,0
15.889000000000001,3701.966573346888,0
15.89,3700.63698362348,0
15.891,3699.3110361073136,0
15.892,3697.9888792848396,0
15.893,3696.6706487906467,0
15.894,3695.356488428751,0
15.895,3694.0465682015283,0
15.896,3692.740896700822,0
15.897,3691.4397703199534,0
15.898,3690.143258194237,0
15.899000000000001,3688.851469014457,0
15.9,3687.5646378247707,0
15.901,3686.2828619600505,0
15.902000000000001,3685.0062937167795,0
15.903,3683.7350345629375,0
15.904,3682.4693085661047,0
15.905000000000001,3681.2091493650105,0
15.906,3679.9547208958834,0
15.907,3678.7061868036085,0
15.908,3677.4636820368414,0
15.909,3676.2273323534414,0
15.91,3674.9972738328265,0
15.911,3673.7736308170356,0
15.912,3672.55654258028,0
15.913,3671.346160418804,0
15.914,3670.142606112491,0
15.915000000000001,3668.9460112590095,0
15.916,3667.756504307337,0
15.917,3666.5742158291214,0
15.918000000000001,3665.3992842892408,0
15.919,3664.2318163135164,0
15.92,3663.0719648174695,0
15.921000000000001,3661.919838478705,0
15.922,3660.775572041796,0
15.923,3659.6393200712514,0
15.924,3658.511184152439,0
15.925,3657.3912488822334,0
15.926,3656.2796802999273,0
15.927,3655.176590930751,0
15.928,3654.082096050452,0
15.929,3652.99634236405,0
15.93,3651.91942624004,0
15.931000000000001,3650.851469973457,0
15.932,3649.792572204902,0
15.933,3648.7428651588148,0
15.934000000000001,3647.7024760212253,0
15.935,3646.6714633852152,0
15.936,3645.6500401735534,0
15.937000000000001,3644.638327243041,0
15.938,3643.636347158031,0
15.939,3642.6442282429707,0
15.94,3641.6620901368105,0
15.941,3640.6900458702194,0
15.942,3639.7281734455146,0
15.943,3638.7766143776184,0
15.944,3637.835457926439,0
15.945,3636.904824033285,0
15.946,3635.98479808783,0
15.947000000000001,3635.0754700528705,0
15.948,3634.1770114101764,0
15.949,3633.2894364350595,0
15.950000000000001,3632.412896180934,0
15.951,3631.5474189520173,0
15.952,3630.693151516924,0
15.953000000000001,3629.8502052641743,0
15.954,3629.018659254036,0
15.955,3628.1986115716513,0
15.956,3627.3901591287067,0
15.957,3626.5933991383,0
15.958,3625.808388893311,0
15.959,3625.0352478078776,0
15.96,3624.274059179737,0
15.961,3623.5248970092725,0
15.962,3622.787860032883,0
15.963000000000001,3622.0630187460324,0
15.964,3621.350458006158,0
15.965,3620.6502599421237,0
15.966000000000001,3619.9625066211265,0
15.967,3619.2872879210613,0
15.968,3618.624662859959,0
15.969000000000001,3617.9746996493413,0
15.97,3617.337503385269,0
15.971,3616.7131087443313,0
15.972,3616.1016161235375,0
15.973,3615.5030967006096,0
15.974,3614.917609689102,0
15.975,3614.34523771081,0
15.976,3613.7860204446356,0
15.977,3613.240041468901,0
15.978,3612.7073695203526,0
15.979000000000001,3612.1880712334987,0
15.98,3611.6822106837576,0
15.981,3611.189842043431,0
15.982000000000001,3610.7109856478132,0
15.983,3610.245783599655,0
15.984,3609.7942562170515,0
15.985000000000001,3609.3564560822024,0
15.986,3608.9324163999986,0
15.987,3608.5221893446046,0
15.988,3608.1258418142424,0
15.989,3607.743444602742,0
15.99,3607.3749967110657,0
15.991,3607.020566187554,0
15.992,3606.6802148600486,0
15.993,3606.353990933625,0
15.994,3606.041927089927,0
15.995000000000001,3605.7440735478453,0
15.996,3605.460468925535,0
15.997,3605.1911238652933,0
15.998000000000001,3604.9360943350807,0
15.999,3604.695414830116,0
16.0,3604.469081023369,0
16.001,3604.257186766407,0
16.002,3604.0597286133493,0
16.003,3603.8767604034883,0
16.004,3603.7082892323015,0
16.005,3603.55437122392,0
16.006,3603.415007912662,0
16.007,3603.2902053597754,0
16.008,3603.1799813182656,0
16.009,3603.0843562505897,0
16.01,3603.0033708821593,0
16.011,3602.937043775681,0
16.012,3602.8853987247107,0
16.013,3602.848405020507,0
16.014,3602.8261264890666,0
16.015,3602.818528885314,0
16.016000000000002,3602.8256575547025,0
16.017,3602.8474997764206,0
16.018,3602.884083839193,0
16.019000000000002,3602.9353831784742,0
16.02,3603.0014354484438,0
16.021,3603.0822399463646,0
16.022000000000002,3603.1777947385995,0
16.023,3603.288081303024,0
16.024,3603.4131314565366,0
16.025,3603.552907765787,0
16.026,3603.707432124624,0
16.027,3603.876700126581,0
16.028,3604.060657804689,0
16.029,3604.259321164578,0
16.03,3604.4726880836633,0
16.031,3604.700740386849,0
16.032,3604.9434422002996,0
16.033,3605.200784789713,0
16.034,3605.472786605296,0
16.035,3605.759390948845,0
16.036,3606.060635638133,0
16.037,3606.376427207729,0
16.038,3606.7067406541496,0
16.039,3607.0515743740543,0
16.04,3607.4109425712613,0
16.041,3607.7847340795297,0
16.042,3608.173005198343,0
16.043,3608.5756948353564,0
16.044,3608.9927802582215,0
16.045,3609.4241997203994,0
16.046,3609.8699597954483,0
16.047,3610.3299750631204,0
16.048000000000002,3610.8042766569756,0
16.049,3611.292789130777,0
16.05,3611.7954652007215,0
16.051000000000002,3612.312261947321,0
16.052,3612.843138731826,0
16.053,3613.3880532041444,0
16.054000000000002,3613.94696072737,0
16.055,3614.519812053339,0
16.056,3615.1065515595687,0
16.057,3615.7071321555604,0
16.058,3616.3214240344378,0
16.059,3616.9495058567218,0
16.06,3617.5913024888137,0
16.061,3618.246658764342,0
16.062,3618.9155836232853,0
16.063,3619.5979840188043,0
16.064,3620.293855374536,0
16.065,3621.0030713157525,0
16.066,3621.725571078031,0
16.067,3622.461325724849,0
16.068,3623.2102643997514,0
16.069,3623.9723065239727,0
16.07,3624.7473957522716,0
16.071,3625.5354371282815,0
16.072,3626.3363414676637,0
16.073,3627.1501182463435,0
16.074,3627.976636832079,0
16.075,3628.8158378940525,0
16.076,3629.667636574411,0
16.077,3630.531934053268,0
16.078,3631.4086671979776,0
16.079,3632.2977631237623,0
16.080000000000002,3633.1991565454355,0
16.081,3634.1127281596937,0
16.082,3635.0384082663904,0
16.083000000000002,3635.97611457141,0
16.084,3636.925737486733,0
16.085,3637.887200153667,0
16.086000000000002,3638.8603982989257,0
16.087,3639.845272564715,0
16.088,3640.8417228478115,0
16.089,3641.849654942274,0
16.09,3642.869000661875,0
16.091,3643.899613077829,0
16.092,3644.9414307661737,0
16.093,3645.994327340299,0
16.094,3647.0582475229903,0
16.095,3648.1330653410014,0
16.096,3649.2186726989426,0
16.097,3650.3149680095603,0
16.098,3651.421868807066,0
16.099,3652.5392534842676,0
16.1,3653.6670228714843,0
16.101,3654.805027775337,0
16.102,3655.9532046216664,0
16.103,3657.1114415568195,0
16.104,3658.2796126294015,0
16.105,3659.4575629065507,0
16.106,3660.645254190323,0
16.107,3661.8425865718996,0
16.108,3663.0494130635157,0
16.109,3664.2656032233303,0
16.11,3665.491057664767,0
16.111,3666.7256556322664,0
16.112000000000002,3667.9692081420703,0
16.113,3669.2217116867637,0
16.114,3670.4829928562135,0
16.115000000000002,3671.7529479799,0
16.116,3673.0314356413955,0
16.117,3674.3183557268526,0
16.118000000000002,3675.6135634032044,0
16.119,3676.916921121616,0
16.12,3678.2283162198164,0
16.121,3679.5476716725975,0
16.122,3680.8748049782084,0
16.123,3682.2096125399808,0
16.124,3683.551917855748,0
16.125,3684.901622125293,0
16.126,3686.2586282899615,0
16.127,3687.6227657070713,0
16.128,3688.993912431732,0
16.129,3690.3719145823798,0
16.13,3691.7567012230274,0
16.131,3693.148100077085,0
16.132,3694.545989462051,0
16.133,3695.95016928359,0
16.134,3697.360583658578,0
16.135,3698.777058513823,0
16.136,3700.19947480174,0
16.137,3701.627695306892,0
16.138,3703.061546692877,0
16.139,3704.5009521518587,0
16.14,3705.9456949997802,0
16.141000000000002,3707.3956408523054,0
16.142,3708.850695633606,0
16.143,3710.310723618239,0
16.144000000000002,3711.775528293812,0
16.145,3713.245016466488,0
16.146,3714.7189825005803,0
16.147000000000002,3716.197336854971,0
16.148,3717.6798967159234,0
16.149,3719.1665293645556,0
16.15,3720.6571113580444,0
16.151,3722.1514754299333,0
16.152,3723.6494274860447,0
16.153,3725.1509313250676,0
16.154,3726.655797874362,0
16.155,3728.163830446248,0
16.156,3729.674839698365,0
16.157,3731.188858510554,0
16.158,3732.705643612926,0
16.159,3734.2250143150936,0
16.16,3735.7468385816237,0
16.161,3737.270916673623,0
16.162,3738.7550825574913,1
16.163,3740.160664091905,0
16.164,3741.49932186674,0
16.165,3742.7724422801784,0
16.166,3743.9818254602947,0
16.167,3745.1296006708917,0
16.168,3746.2182789411886,0
16.169,3747.2506359574527,0
16.17,3748.229757402907,0
16.171,3749.1589233190007,0
16.172,3750.0416441896587,0
16.173000000000002,3750.8815680511093,0
16.174,3751.6824723037557,0
16.175,3752.4482177486652,0
16.176000000000002,3753.182763276467,0
16.177,3753.890039299674,0
16.178,3754.5739630244693,0
16.179000000000002,3755.2384673635834,0
16.18,3755.8874126843375,0
16.181,3756.524553013923,0
16.182,3757.15353615074,0
16.183,3757.7778773040914,0
16.184,3758.400973214023,0
16.185,3759.0259509845887,0
16.186,3759.6558612506415,0
16.187,3760.2934865403163,0
16.188,3760.9413640512153,0
16.189,3761.601891061896,0
16.19,3762.2771746930694,0
16.191,3762.969090277885,0
16.192,3763.6792437256754,0
16.193,3764.409079033762,0
16.194,3765.15968810691,0
16.195,3765.931976887438,0
16.196,3766.726612077208,0
16.197,3767.54402200824,0
16.198,3768.384411435584,0
16.199,3769.247744241509,0
16.2,3770.1338127950867,0
16.201,3771.0421766184213,0
16.202,3771.9722443760384,0
16.203,3772.92321578407,0
16.204,3773.8941636658406,0
16.205000000000002,3774.8839960685464,0
16.206,3775.891487357865,0
16.207,3776.915282848161,0
16.208000000000002,3777.95395664231,0
16.209,3779.0059655008276,0
16.21,3780.069755851397,0
16.211000000000002,3781.143596321588,0
16.212,3782.2258354119012,0
16.213,3783.3147069464612,0
16.214,3784.408452123986,0
16.215,3785.505348042784,0
16.216,3786.6036325438686,0
16.217,3787.701593500563,0
16.218,3788.7975524628805,0
16.219,3789.889874319929,0
16.22,3790.9769367883946,0
16.221,3792.057305585025,0
16.222,3793.129501270041,0
16.223,3794.1921360398446,0
16.224,3795.2439415560098,0
16.225,3796.283684867766,0
16.226,3797.3103083335163,0
16.227,3798.3228749081663,0
16.228,3799.3202728609044,0
16.229,3800.3020217715534,0
16.23,3801.2673011277548,0
16.231,3802.2155327336995,0
16.232,3803.1462319658667,0
16.233,3804.059062496249,0
16.234,3804.9537078765543,0
16.235,3805.8299483108103,0
16.236,3806.6878446925357,0
16.237000000000002,3807.52733921597,0
16.238,3808.3485225161025,0
16.239,3809.151581468295,0
16.240000000000002,3809.9367534733638,0
16.241,3810.7044073305456,0
16.242,3811.4549528984717,0
16.243000000000002,3812.1887929482955,0
16.244,3812.9064575362736,0
16.245,3813.6085223218865,0
16.246,3814.2955493013715,0
16.247,3814.9681576520434,0
16.248,3815.627026020828,0
16.249,3816.272808924357,0
16.25,3816.9062223263495,0
16.251,3817.5279447128623,0
16.252,3818.1386819847994,0
16.253,3818.7391405048083,0
16.254,3819.33001647925,0
16.255,3819.911985699054,0
16.256,3820.4857193993735,0
16.257,3821.051871209956,0
16.258,3821.6110818560524,0
16.259,3822.1638725727857,0
16.26,3822.710868387969,0
16.261,3823.252528495527,0
16.262,3823.7893797748948,0
16.263,3824.3218749889597,0
16.264,3824.8503985072402,0
16.265,3825.375320751935,0
16.266000000000002,3825.8969867163855,0
16.267,3826.41562103474,0
16.268,3826.9314906109767,0
16.269000000000002,3827.4447725180685,0
16.27,3827.95561171257,0
16.271,3828.4641333955115,0
16.272000000000002,3828.9703816135575,0
16.273,3829.4743916463112,0
16.274,3829.9761091803043,0
16.275,3830.4755096904832,0
16.276,3830.9725234728967,0
16.277,3831.4670106076496,0
16.278,3831.958818639606,0
16.279,3832.4477581143483,0
16.28,3832.93363822509,0
16.281,3833.41623077455,0
16.282,3833.8952914250526,0
16.283,3834.370552790859,0
16.284,3834.8417322599707,0
16.285,3835.308554190642,0
16.286,3835.770720976622,0
16.287,3836.2279503478894,0
16.288,3836.6798830008556,0
16.289,3837.126228940665,0
16.29,3837.5666798816474,0
16.291,3838.0009188730983,0
16.292,3838.428656359833,0
16.293,3838.8495789678786,0
16.294,3839.2634355569376,0
16.295,3839.6699387961417,0
16.296,3840.0688203632362,0
16.297,3840.4598317148057,0
16.298000000000002,3840.8427645037928,0
16.299,3841.2173595317413,0
